[23:47:22] [main/INFO] (FabricLoader/GameProvider) Loading Minecraft 1.20.1 with Fabric Loader 0.19.3
[23:47:22] [main/DEBUG] (FabricLoader/GamePatch) Found game constructor: net.minecraft.client.main.Main -> net.minecraft.client.MinecraftClient
[23:47:22] [main/DEBUG] (FabricLoader/GamePatch) Patching game constructor <init>(Lnet/minecraft/client/RunArgs;)V
[23:47:22] [main/DEBUG] (FabricLoader/GamePatch) Run directory field is thought to be net/minecraft/client/MinecraftClient/runDirectory
[23:47:22] [main/DEBUG] (FabricLoader/GamePatch) Applying brand name hook to net/minecraft/client/ClientBrandRetriever::getClientModName
[23:47:22] [main/DEBUG] (FabricLoader/GamePatch) Applying brand name hook to net/minecraft/server/MinecraftServer::getServerModName
[23:47:22] [main/DEBUG] (FabricLoader/GamePatch) Patched 3 classs
[23:47:22] [main/DEBUG] (FabricLoader/Discovery) Mod discovery time: 9.3 ms
[23:47:22] [main/DEBUG] (FabricLoader/Resolution) Mod resolution time: 24.3 ms
[23:47:22] [main/INFO] (FabricLoader) Loading 63 mods:
	- cloth-basic-math 0.6.1
	- cloth-config 11.1.136
	- fabric-api 0.92.11+1.20.1
	- fabric-api-base 0.4.32+1802ada577
	- fabric-api-lookup-api-v1 1.6.37+1802ada577
	- fabric-biome-api-v1 13.0.15+93aa238b77
	- fabric-block-api-v1 1.0.12+1802ada577
	- fabric-block-view-api-v2 1.0.3+924f046a77
	- fabric-blockrenderlayer-v1 1.1.42+1802ada577
	- fabric-client-tags-api-v1 1.2.0+238242b777
	- fabric-command-api-v1 1.2.35+f71b366f77
	- fabric-command-api-v2 2.2.14+1802ada577
	- fabric-commands-v0 0.2.52+df3654b377
	- fabric-containers-v0 0.1.68+df3654b377
	- fabric-content-registries-v0 4.0.13+1802ada577
	- fabric-convention-tags-v1 1.5.6+1802ada577
	- fabric-crash-report-info-v1 0.2.20+1802ada577
	- fabric-data-attachment-api-v1 1.0.2+de0fd6d177
	- fabric-data-generation-api-v1 12.4.0+238242b777
	- fabric-dimensions-v1 2.1.55+1802ada577
	- fabric-entity-events-v1 1.6.1+1c78457f77
	- fabric-events-interaction-v0 0.6.6+13a40c6677
	- fabric-events-lifecycle-v0 0.2.64+df3654b377
	- fabric-game-rule-api-v1 1.0.41+1802ada577
	- fabric-gametest-api-v1 1.2.15+1802ada577
	- fabric-item-api-v1 2.1.29+1802ada577
	- fabric-item-group-api-v1 4.0.14+1802ada577
	- fabric-key-binding-api-v1 1.0.38+1802ada577
	- fabric-keybindings-v0 0.2.36+df3654b377
	- fabric-lifecycle-events-v1 2.2.23+1802ada577
	- fabric-loot-api-v2 1.2.3+1802ada577
	- fabric-loot-tables-v1 1.1.47+9e7660c677
	- fabric-message-api-v1 5.1.10+1802ada577
	- fabric-mining-level-api-v1 2.1.52+1802ada577
	- fabric-model-loading-api-v1 1.0.4+1802ada577
	- fabric-models-v0 0.4.3+9386d8a777
	- fabric-networking-api-v1 1.3.15+0caff8d077
	- fabric-networking-v0 0.3.55+df3654b377
	- fabric-object-builder-api-v1 11.1.5+e35120df77
	- fabric-particles-v1 1.1.3+1802ada577
	- fabric-recipe-api-v1 1.0.25+1802ada577
	- fabric-registry-sync-v0 2.4.1+4c0a70e677
	- fabric-renderer-api-v1 3.2.2+1802ada577
	- fabric-renderer-indigo 1.5.3+85287f9f77
	- fabric-renderer-registries-v1 3.2.47+df3654b377
	- fabric-rendering-data-attachment-v1 0.3.39+92a0d36777
	- fabric-rendering-fluids-v1 3.0.29+1802ada577
	- fabric-rendering-v0 1.1.50+df3654b377
	- fabric-rendering-v1 3.0.9+1802ada577
	- fabric-resource-conditions-api-v1 2.3.9+1802ada577
	- fabric-resource-loader-v0 0.11.12+fb82e9d777
	- fabric-screen-api-v1 2.0.9+1802ada577
	- fabric-screen-handler-api-v1 1.3.34+1802ada577
	- fabric-sound-api-v1 1.0.14+1802ada577
	- fabric-tag-api-v1 1.3.0+238242b777
	- fabric-transfer-api-v1 3.3.6+8dd72ea377
	- fabric-transitive-access-wideners-v1 4.3.2+1802ada577
	- fabricloader 0.19.3
	- java 25
	- minecraft 1.20.1
	- mixinextras 0.5.4
	- modmenu 7.2.2
	- weaponsexpanded 1.9.3
[23:47:22] [main/DEBUG] (FabricLoader/Knot) Adding /home/andrew/IdeaProjects/weaponsexpanded-1.20.1/.gradle/loom-cache/remapped_mods/remapped/net/fabricmc/fabric-api/fabric-renderer-indigo-ceaf4ab3/1.5.3+85287f9f77/fabric-renderer-indigo-ceaf4ab3-1.5.3+85287f9f77.jar to classpath.
[23:47:22] [main/DEBUG] (FabricLoader/Knot) Adding /home/andrew/IdeaProjects/weaponsexpanded-1.20.1/.gradle/loom-cache/remapped_mods/remapped/net/fabricmc/fabric-api/fabric-particles-v1-ceaf4ab3/1.1.3+1802ada577/fabric-particles-v1-ceaf4ab3-1.1.3+1802ada577.jar to classpath.
[23:47:22] [main/DEBUG] (FabricLoader/Knot) Adding /home/andrew/IdeaProjects/weaponsexpanded-1.20.1/.gradle/loom-cache/remapped_mods/remapped/me/shedaniel/cloth/basic-math-ceaf4ab3/0.6.1/basic-math-ceaf4ab3-0.6.1.jar to classpath.
[23:47:22] [main/DEBUG] (FabricLoader/Knot) Adding /home/andrew/IdeaProjects/weaponsexpanded-1.20.1/build/resources/main to classpath.
[23:47:22] [main/DEBUG] (FabricLoader/Knot) Adding /home/andrew/IdeaProjects/weaponsexpanded-1.20.1/.gradle/loom-cache/remapped_mods/remapped/net/fabricmc/fabric-api/fabric-transfer-api-v1-ceaf4ab3/3.3.6+8dd72ea377/fabric-transfer-api-v1-ceaf4ab3-3.3.6+8dd72ea377.jar to classpath.
[23:47:22] [main/DEBUG] (FabricLoader/Knot) Adding /home/andrew/IdeaProjects/weaponsexpanded-1.20.1/.gradle/loom-cache/remapped_mods/remapped/net/fabricmc/fabric-api/fabric-registry-sync-v0-ceaf4ab3/2.4.1+4c0a70e677/fabric-registry-sync-v0-ceaf4ab3-2.4.1+4c0a70e677.jar to classpath.
[23:47:22] [main/DEBUG] (FabricLoader/Knot) Adding /home/andrew/IdeaProjects/weaponsexpanded-1.20.1/.gradle/loom-cache/remapped_mods/remapped/net/fabricmc/fabric-api/fabric-recipe-api-v1-ceaf4ab3/1.0.25+1802ada577/fabric-recipe-api-v1-ceaf4ab3-1.0.25+1802ada577.jar to classpath.
[23:47:22] [main/DEBUG] (FabricLoader/Knot) Adding /home/andrew/IdeaProjects/weaponsexpanded-1.20.1/.gradle/loom-cache/remapped_mods/remapped/net/fabricmc/fabric-api/fabric-item-api-v1-ceaf4ab3/2.1.29+1802ada577/fabric-item-api-v1-ceaf4ab3-2.1.29+1802ada577.jar to classpath.
[23:47:22] [main/DEBUG] (FabricLoader/Knot) Adding /home/andrew/IdeaProjects/weaponsexpanded-1.20.1/.gradle/loom-cache/remapped_mods/remapped/net/fabricmc/fabric-api/fabric-screen-handler-api-v1-ceaf4ab3/1.3.34+1802ada577/fabric-screen-handler-api-v1-ceaf4ab3-1.3.34+1802ada577.jar to classpath.
[23:47:22] [main/DEBUG] (FabricLoader/Knot) Adding /home/andrew/IdeaProjects/weaponsexpanded-1.20.1/.gradle/loom-cache/remapped_mods/remapped/me/shedaniel/cloth/cloth-config-fabric-ceaf4ab3/11.1.136/cloth-config-fabric-ceaf4ab3-11.1.136.jar to classpath.
[23:47:22] [main/DEBUG] (FabricLoader/Knot) Adding /home/andrew/IdeaProjects/weaponsexpanded-1.20.1/.gradle/loom-cache/remapped_mods/remapped/net/fabricmc/fabric-api/fabric-blockrenderlayer-v1-ceaf4ab3/1.1.42+1802ada577/fabric-blockrenderlayer-v1-ceaf4ab3-1.1.42+1802ada577.jar to classpath.
[23:47:22] [main/DEBUG] (FabricLoader/Knot) Adding /home/andrew/IdeaProjects/weaponsexpanded-1.20.1/.gradle/loom-cache/remapped_mods/remapped/net/fabricmc/fabric-api/fabric-dimensions-v1-ceaf4ab3/2.1.55+1802ada577/fabric-dimensions-v1-ceaf4ab3-2.1.55+1802ada577.jar to classpath.
[23:47:22] [main/DEBUG] (FabricLoader/Knot) Adding /home/andrew/IdeaProjects/weaponsexpanded-1.20.1/.gradle/loom-cache/remapped_mods/remapped/net/fabricmc/fabric-api/fabric-keybindings-v0-ceaf4ab3/0.2.36+df3654b377/fabric-keybindings-v0-ceaf4ab3-0.2.36+df3654b377.jar to classpath.
[23:47:22] [main/DEBUG] (FabricLoader/Knot) Adding /home/andrew/IdeaProjects/weaponsexpanded-1.20.1/.gradle/loom-cache/remapped_mods/remapped/net/fabricmc/fabric-api/fabric-rendering-fluids-v1-ceaf4ab3/3.0.29+1802ada577/fabric-rendering-fluids-v1-ceaf4ab3-3.0.29+1802ada577.jar to classpath.
[23:47:22] [main/DEBUG] (FabricLoader/Knot) Adding /home/andrew/IdeaProjects/weaponsexpanded-1.20.1/.gradle/loom-cache/remapped_mods/remapped/net/fabricmc/fabric-api/fabric-resource-loader-v0-ceaf4ab3/0.11.12+fb82e9d777/fabric-resource-loader-v0-ceaf4ab3-0.11.12+fb82e9d777.jar to classpath.
[23:47:22] [main/DEBUG] (FabricLoader/Knot) Adding /home/andrew/IdeaProjects/weaponsexpanded-1.20.1/.gradle/loom-cache/remapped_mods/remapped/net/fabricmc/fabric-api/fabric-command-api-v2-ceaf4ab3/2.2.14+1802ada577/fabric-command-api-v2-ceaf4ab3-2.2.14+1802ada577.jar to classpath.
[23:47:22] [main/DEBUG] (FabricLoader/Knot) Adding /home/andrew/IdeaProjects/weaponsexpanded-1.20.1/.gradle/loom-cache/remapped_mods/remapped/net/fabricmc/fabric-api/fabric-rendering-data-attachment-v1-ceaf4ab3/0.3.39+92a0d36777/fabric-rendering-data-attachment-v1-ceaf4ab3-0.3.39+92a0d36777.jar to classpath.
[23:47:22] [main/DEBUG] (FabricLoader/Knot) Adding /home/andrew/IdeaProjects/weaponsexpanded-1.20.1/.gradle/loom-cache/remapped_mods/remapped/net/fabricmc/fabric-api/fabric-model-loading-api-v1-ceaf4ab3/1.0.4+1802ada577/fabric-model-loading-api-v1-ceaf4ab3-1.0.4+1802ada577.jar to classpath.
[23:47:22] [main/DEBUG] (FabricLoader/Knot) Adding /home/andrew/IdeaProjects/weaponsexpanded-1.20.1/.gradle/loom-cache/remapped_mods/remapped/net/fabricmc/fabric-api/fabric-message-api-v1-ceaf4ab3/5.1.10+1802ada577/fabric-message-api-v1-ceaf4ab3-5.1.10+1802ada577.jar to classpath.
[23:47:22] [main/DEBUG] (FabricLoader/Knot) Adding /home/andrew/IdeaProjects/weaponsexpanded-1.20.1/.gradle/loom-cache/remapped_mods/remapped/net/fabricmc/fabric-api/fabric-client-tags-api-v1-ceaf4ab3/1.2.0+238242b777/fabric-client-tags-api-v1-ceaf4ab3-1.2.0+238242b777.jar to classpath.
[23:47:22] [main/DEBUG] (FabricLoader/Knot) Adding /home/andrew/IdeaProjects/weaponsexpanded-1.20.1/.gradle/loom-cache/remapped_mods/remapped/net/fabricmc/fabric-api/fabric-object-builder-api-v1-ceaf4ab3/11.1.5+e35120df77/fabric-object-builder-api-v1-ceaf4ab3-11.1.5+e35120df77.jar to classpath.
[23:47:22] [main/DEBUG] (FabricLoader/Knot) Adding /home/andrew/IdeaProjects/weaponsexpanded-1.20.1/.gradle/loom-cache/remapped_mods/remapped/net/fabricmc/fabric-api/fabric-screen-api-v1-ceaf4ab3/2.0.9+1802ada577/fabric-screen-api-v1-ceaf4ab3-2.0.9+1802ada577.jar to classpath.
[23:47:22] [main/DEBUG] (FabricLoader/Knot) Adding /home/andrew/IdeaProjects/weaponsexpanded-1.20.1/.gradle/loom-cache/remapped_mods/remapped/net/fabricmc/fabric-api/fabric-command-api-v1-ceaf4ab3/1.2.35+f71b366f77/fabric-command-api-v1-ceaf4ab3-1.2.35+f71b366f77.jar to classpath.
[23:47:22] [main/DEBUG] (FabricLoader/Knot) Adding /home/andrew/IdeaProjects/weaponsexpanded-1.20.1/.gradle/loom-cache/remapped_mods/remapped/net/fabricmc/fabric-api/fabric-events-interaction-v0-ceaf4ab3/0.6.6+13a40c6677/fabric-events-interaction-v0-ceaf4ab3-0.6.6+13a40c6677.jar to classpath.
[23:47:22] [main/DEBUG] (FabricLoader/Knot) Adding /home/andrew/IdeaProjects/weaponsexpanded-1.20.1/.gradle/loom-cache/remapped_mods/remapped/net/fabricmc/fabric-api/fabric-block-api-v1-ceaf4ab3/1.0.12+1802ada577/fabric-block-api-v1-ceaf4ab3-1.0.12+1802ada577.jar to classpath.
[23:47:22] [main/DEBUG] (FabricLoader/Knot) Adding /home/andrew/IdeaProjects/weaponsexpanded-1.20.1/.gradle/loom-cache/remapped_mods/remapped/net/fabricmc/fabric-api/fabric-mining-level-api-v1-ceaf4ab3/2.1.52+1802ada577/fabric-mining-level-api-v1-ceaf4ab3-2.1.52+1802ada577.jar to classpath.
[23:47:22] [main/DEBUG] (FabricLoader/Knot) Adding /home/andrew/IdeaProjects/weaponsexpanded-1.20.1/.gradle/loom-cache/remapped_mods/remapped/net/fabricmc/fabric-api/fabric-networking-api-v1-ceaf4ab3/1.3.15+0caff8d077/fabric-networking-api-v1-ceaf4ab3-1.3.15+0caff8d077.jar to classpath.
[23:47:22] [main/DEBUG] (FabricLoader/Knot) Adding /home/andrew/IdeaProjects/weaponsexpanded-1.20.1/.gradle/loom-cache/remapped_mods/remapped/net/fabricmc/fabric-api/fabric-convention-tags-v1-ceaf4ab3/1.5.6+1802ada577/fabric-convention-tags-v1-ceaf4ab3-1.5.6+1802ada577.jar to classpath.
[23:47:22] [main/DEBUG] (FabricLoader/Knot) Adding /home/andrew/IdeaProjects/weaponsexpanded-1.20.1/.gradle/loom-cache/remapped_mods/remapped/net/fabricmc/fabric-api/fabric-loot-tables-v1-ceaf4ab3/1.1.47+9e7660c677/fabric-loot-tables-v1-ceaf4ab3-1.1.47+9e7660c677.jar to classpath.
[23:47:22] [main/DEBUG] (FabricLoader/Knot) Adding /home/andrew/IdeaProjects/weaponsexpanded-1.20.1/.gradle/loom-cache/remapped_mods/remapped/net/fabricmc/fabric-api/fabric-block-view-api-v2-ceaf4ab3/1.0.3+924f046a77/fabric-block-view-api-v2-ceaf4ab3-1.0.3+924f046a77.jar to classpath.
[23:47:22] [main/DEBUG] (FabricLoader/Knot) Adding /home/andrew/IdeaProjects/weaponsexpanded-1.20.1/.gradle/loom-cache/remapped_mods/remapped/net/fabricmc/fabric-api/fabric-containers-v0-ceaf4ab3/0.1.68+df3654b377/fabric-containers-v0-ceaf4ab3-0.1.68+df3654b377.jar to classpath.
[23:47:22] [main/DEBUG] (FabricLoader/Knot) Adding /home/andrew/.gradle/caches/modules-2/files-2.1/io.github.llamalad7/mixinextras-fabric/0.5.4/5e167154bcb9942111313a5e186e16cd7265f858/mixinextras-fabric-0.5.4.jar to classpath.
[23:47:22] [main/DEBUG] (FabricLoader/Knot) Adding /home/andrew/IdeaProjects/weaponsexpanded-1.20.1/.gradle/loom-cache/remapped_mods/remapped/net/fabricmc/fabric-api/fabric-renderer-registries-v1-ceaf4ab3/3.2.47+df3654b377/fabric-renderer-registries-v1-ceaf4ab3-3.2.47+df3654b377.jar to classpath.
[23:47:22] [main/DEBUG] (FabricLoader/Knot) Adding /home/andrew/IdeaProjects/weaponsexpanded-1.20.1/.gradle/loom-cache/remapped_mods/remapped/net/fabricmc/fabric-api/fabric-sound-api-v1-ceaf4ab3/1.0.14+1802ada577/fabric-sound-api-v1-ceaf4ab3-1.0.14+1802ada577.jar to classpath.
[23:47:22] [main/DEBUG] (FabricLoader/Knot) Adding /home/andrew/IdeaProjects/weaponsexpanded-1.20.1/.gradle/loom-cache/remapped_mods/remapped/net/fabricmc/fabric-api/fabric-key-binding-api-v1-ceaf4ab3/1.0.38+1802ada577/fabric-key-binding-api-v1-ceaf4ab3-1.0.38+1802ada577.jar to classpath.
[23:47:22] [main/DEBUG] (FabricLoader/Knot) Adding /home/andrew/IdeaProjects/weaponsexpanded-1.20.1/.gradle/loom-cache/remapped_mods/remapped/net/fabricmc/fabric-api/fabric-networking-v0-ceaf4ab3/0.3.55+df3654b377/fabric-networking-v0-ceaf4ab3-0.3.55+df3654b377.jar to classpath.
[23:47:22] [main/DEBUG] (FabricLoader/Knot) Adding /home/andrew/IdeaProjects/weaponsexpanded-1.20.1/.gradle/loom-cache/remapped_mods/remapped/net/fabricmc/fabric-api/fabric-events-lifecycle-v0-ceaf4ab3/0.2.64+df3654b377/fabric-events-lifecycle-v0-ceaf4ab3-0.2.64+df3654b377.jar to classpath.
[23:47:22] [main/DEBUG] (FabricLoader/Knot) Adding /home/andrew/IdeaProjects/weaponsexpanded-1.20.1/.gradle/loom-cache/remapped_mods/remapped/net/fabricmc/fabric-api/fabric-tag-api-v1-ceaf4ab3/1.3.0+238242b777/fabric-tag-api-v1-ceaf4ab3-1.3.0+238242b777.jar to classpath.
[23:47:22] [main/DEBUG] (FabricLoader/Knot) Adding /home/andrew/IdeaProjects/weaponsexpanded-1.20.1/.gradle/loom-cache/remapped_mods/remapped/net/fabricmc/fabric-api/fabric-loot-api-v2-ceaf4ab3/1.2.3+1802ada577/fabric-loot-api-v2-ceaf4ab3-1.2.3+1802ada577.jar to classpath.
[23:47:22] [main/DEBUG] (FabricLoader/Knot) Adding /home/andrew/IdeaProjects/weaponsexpanded-1.20.1/.gradle/loom-cache/remapped_mods/remapped/net/fabricmc/fabric-api/fabric-data-generation-api-v1-ceaf4ab3/12.4.0+238242b777/fabric-data-generation-api-v1-ceaf4ab3-12.4.0+238242b777.jar to classpath.
[23:47:22] [main/DEBUG] (FabricLoader/Knot) Adding /home/andrew/IdeaProjects/weaponsexpanded-1.20.1/.gradle/loom-cache/remapped_mods/remapped/net/fabricmc/fabric-api/fabric-api-base-ceaf4ab3/0.4.32+1802ada577/fabric-api-base-ceaf4ab3-0.4.32+1802ada577.jar to classpath.
[23:47:22] [main/DEBUG] (FabricLoader/Knot) Adding /home/andrew/IdeaProjects/weaponsexpanded-1.20.1/.gradle/loom-cache/remapped_mods/remapped/net/fabricmc/fabric-api/fabric-api-lookup-api-v1-ceaf4ab3/1.6.37+1802ada577/fabric-api-lookup-api-v1-ceaf4ab3-1.6.37+1802ada577.jar to classpath.
[23:47:22] [main/DEBUG] (FabricLoader/Knot) Adding /home/andrew/IdeaProjects/weaponsexpanded-1.20.1/.gradle/loom-cache/remapped_mods/remapped/net/fabricmc/fabric-api/fabric-content-registries-v0-ceaf4ab3/4.0.13+1802ada577/fabric-content-registries-v0-ceaf4ab3-4.0.13+1802ada577.jar to classpath.
[23:47:22] [main/DEBUG] (FabricLoader/Knot) Adding /home/andrew/IdeaProjects/weaponsexpanded-1.20.1/.gradle/loom-cache/remapped_mods/remapped/net/fabricmc/fabric-api/fabric-biome-api-v1-ceaf4ab3/13.0.15+93aa238b77/fabric-biome-api-v1-ceaf4ab3-13.0.15+93aa238b77.jar to classpath.
[23:47:22] [main/DEBUG] (FabricLoader/Knot) Adding /home/andrew/IdeaProjects/weaponsexpanded-1.20.1/.gradle/loom-cache/remapped_mods/remapped/net/fabricmc/fabric-api/fabric-rendering-v0-ceaf4ab3/1.1.50+df3654b377/fabric-rendering-v0-ceaf4ab3-1.1.50+df3654b377.jar to classpath.
[23:47:22] [main/DEBUG] (FabricLoader/Knot) Adding /home/andrew/IdeaProjects/weaponsexpanded-1.20.1/.gradle/loom-cache/remapped_mods/remapped/net/fabricmc/fabric-api/fabric-renderer-api-v1-ceaf4ab3/3.2.2+1802ada577/fabric-renderer-api-v1-ceaf4ab3-3.2.2+1802ada577.jar to classpath.
[23:47:22] [main/DEBUG] (FabricLoader/Knot) Adding /home/andrew/IdeaProjects/weaponsexpanded-1.20.1/.gradle/loom-cache/remapped_mods/remapped/net/fabricmc/fabric-api/fabric-lifecycle-events-v1-ceaf4ab3/2.2.23+1802ada577/fabric-lifecycle-events-v1-ceaf4ab3-2.2.23+1802ada577.jar to classpath.
[23:47:22] [main/DEBUG] (FabricLoader/Knot) Adding /home/andrew/IdeaProjects/weaponsexpanded-1.20.1/.gradle/loom-cache/remapped_mods/remapped/net/fabricmc/fabric-api/fabric-item-group-api-v1-ceaf4ab3/4.0.14+1802ada577/fabric-item-group-api-v1-ceaf4ab3-4.0.14+1802ada577.jar to classpath.
[23:47:22] [main/DEBUG] (FabricLoader/Knot) Adding /home/andrew/IdeaProjects/weaponsexpanded-1.20.1/.gradle/loom-cache/remapped_mods/remapped/net/fabricmc/fabric-api/fabric-resource-conditions-api-v1-ceaf4ab3/2.3.9+1802ada577/fabric-resource-conditions-api-v1-ceaf4ab3-2.3.9+1802ada577.jar to classpath.
[23:47:22] [main/DEBUG] (FabricLoader/Knot) Adding /home/andrew/IdeaProjects/weaponsexpanded-1.20.1/.gradle/loom-cache/remapped_mods/remapped/net/fabricmc/fabric-api/fabric-gametest-api-v1-ceaf4ab3/1.2.15+1802ada577/fabric-gametest-api-v1-ceaf4ab3-1.2.15+1802ada577.jar to classpath.
[23:47:22] [main/DEBUG] (FabricLoader/Knot) Adding /home/andrew/IdeaProjects/weaponsexpanded-1.20.1/.gradle/loom-cache/remapped_mods/remapped/net/fabricmc/fabric-api/fabric-crash-report-info-v1-ceaf4ab3/0.2.20+1802ada577/fabric-crash-report-info-v1-ceaf4ab3-0.2.20+1802ada577.jar to classpath.
[23:47:22] [main/DEBUG] (FabricLoader/Knot) Adding /home/andrew/IdeaProjects/weaponsexpanded-1.20.1/.gradle/loom-cache/remapped_mods/remapped/net/fabricmc/fabric-api/fabric-api-ceaf4ab3/0.92.11+1.20.1/fabric-api-ceaf4ab3-0.92.11+1.20.1.jar to classpath.
[23:47:22] [main/DEBUG] (FabricLoader/Knot) Adding /home/andrew/IdeaProjects/weaponsexpanded-1.20.1/.gradle/loom-cache/remapped_mods/remapped/net/fabricmc/fabric-api/fabric-data-attachment-api-v1-ceaf4ab3/1.0.2+de0fd6d177/fabric-data-attachment-api-v1-ceaf4ab3-1.0.2+de0fd6d177.jar to classpath.
[23:47:22] [main/DEBUG] (FabricLoader/Knot) Adding /home/andrew/IdeaProjects/weaponsexpanded-1.20.1/.gradle/loom-cache/remapped_mods/remapped/net/fabricmc/fabric-api/fabric-models-v0-ceaf4ab3/0.4.3+9386d8a777/fabric-models-v0-ceaf4ab3-0.4.3+9386d8a777.jar to classpath.
[23:47:22] [main/DEBUG] (FabricLoader/Knot) Adding /home/andrew/IdeaProjects/weaponsexpanded-1.20.1/.gradle/loom-cache/remapped_mods/remapped/net/fabricmc/fabric-api/fabric-commands-v0-ceaf4ab3/0.2.52+df3654b377/fabric-commands-v0-ceaf4ab3-0.2.52+df3654b377.jar to classpath.
[23:47:22] [main/DEBUG] (FabricLoader/Knot) Adding /home/andrew/IdeaProjects/weaponsexpanded-1.20.1/.gradle/loom-cache/remapped_mods/remapped/com/terraformersmc/modmenu-ceaf4ab3/7.2.2/modmenu-ceaf4ab3-7.2.2.jar to classpath.
[23:47:22] [main/DEBUG] (FabricLoader/Knot) Adding /home/andrew/IdeaProjects/weaponsexpanded-1.20.1/.gradle/loom-cache/remapped_mods/remapped/net/fabricmc/fabric-api/fabric-entity-events-v1-ceaf4ab3/1.6.1+1c78457f77/fabric-entity-events-v1-ceaf4ab3-1.6.1+1c78457f77.jar to classpath.
[23:47:22] [main/DEBUG] (FabricLoader/Knot) Adding /home/andrew/IdeaProjects/weaponsexpanded-1.20.1/.gradle/loom-cache/remapped_mods/remapped/net/fabricmc/fabric-api/fabric-transitive-access-wideners-v1-ceaf4ab3/4.3.2+1802ada577/fabric-transitive-access-wideners-v1-ceaf4ab3-4.3.2+1802ada577.jar to classpath.
[23:47:22] [main/DEBUG] (FabricLoader/Knot) Adding /home/andrew/IdeaProjects/weaponsexpanded-1.20.1/.gradle/loom-cache/remapped_mods/remapped/net/fabricmc/fabric-api/fabric-rendering-v1-ceaf4ab3/3.0.9+1802ada577/fabric-rendering-v1-ceaf4ab3-3.0.9+1802ada577.jar to classpath.
[23:47:22] [main/DEBUG] (FabricLoader/Knot) Adding /home/andrew/IdeaProjects/weaponsexpanded-1.20.1/.gradle/loom-cache/remapped_mods/remapped/net/fabricmc/fabric-api/fabric-game-rule-api-v1-ceaf4ab3/1.0.41+1802ada577/fabric-game-rule-api-v1-ceaf4ab3-1.0.41+1802ada577.jar to classpath.
[23:47:22] [main/DEBUG] (FabricLoader/Entrypoint) Registering new-style initializer net.fabricmc.fabric.impl.client.indigo.Indigo for mod fabric-renderer-indigo (key client)
[23:47:22] [main/DEBUG] (FabricLoader/Entrypoint) Registering new-style initializer net.angelic.weaponsexpanded.WeaponsExpandedDataGenerator for mod weaponsexpanded (key fabric-datagen)
[23:47:22] [main/DEBUG] (FabricLoader/Entrypoint) Registering new-style initializer net.angelic.weaponsexpanded.client.config.WeaponsExpandedModMenu for mod weaponsexpanded (key modmenu)
[23:47:22] [main/DEBUG] (FabricLoader/Entrypoint) Registering new-style initializer net.angelic.weaponsexpanded.WeaponsExpandedClient for mod weaponsexpanded (key client)
[23:47:22] [main/DEBUG] (FabricLoader/Entrypoint) Registering new-style initializer net.angelic.weaponsexpanded.WeaponsExpanded for mod weaponsexpanded (key main)
[23:47:22] [main/DEBUG] (FabricLoader/Entrypoint) Registering new-style initializer net.fabricmc.fabric.impl.client.registry.sync.FabricRegistryClientInit for mod fabric-registry-sync-v0 (key client)
[23:47:22] [main/DEBUG] (FabricLoader/Entrypoint) Registering new-style initializer net.fabricmc.fabric.impl.registry.sync.FabricRegistryInit for mod fabric-registry-sync-v0 (key main)
[23:47:22] [main/DEBUG] (FabricLoader/Entrypoint) Registering new-style initializer net.fabricmc.fabric.impl.recipe.ingredient.client.CustomIngredientSyncClient for mod fabric-recipe-api-v1 (key client)
[23:47:22] [main/DEBUG] (FabricLoader/Entrypoint) Registering new-style initializer net.fabricmc.fabric.impl.recipe.ingredient.CustomIngredientInit for mod fabric-recipe-api-v1 (key main)
[23:47:22] [main/DEBUG] (FabricLoader/Entrypoint) Registering new-style initializer net.fabricmc.fabric.impl.recipe.ingredient.CustomIngredientSync for mod fabric-recipe-api-v1 (key main)
[23:47:22] [main/DEBUG] (FabricLoader/Entrypoint) Registering new-style initializer net.fabricmc.fabric.impl.screenhandler.client.ClientNetworking for mod fabric-screen-handler-api-v1 (key client)
[23:47:22] [main/DEBUG] (FabricLoader/Entrypoint) Registering new-style initializer me.shedaniel.clothconfig2.fabric.ClothConfigModMenuDemo for mod cloth-config (key modmenu)
[23:47:22] [main/DEBUG] (FabricLoader/Entrypoint) Registering new-style initializer me.shedaniel.autoconfig.example.ExampleInits::exampleCommonInit for mod cloth-config (key client)
[23:47:22] [main/DEBUG] (FabricLoader/Entrypoint) Registering new-style initializer net.fabricmc.fabric.impl.command.v1.LegacyHandler for mod fabric-command-api-v1 (key main)
[23:47:22] [main/DEBUG] (FabricLoader/Entrypoint) Registering new-style initializer net.fabricmc.fabric.impl.event.interaction.InteractionEventsRouterClient for mod fabric-events-interaction-v0 (key client)
[23:47:22] [main/DEBUG] (FabricLoader/Entrypoint) Registering new-style initializer net.fabricmc.fabric.impl.event.interaction.InteractionEventsRouter for mod fabric-events-interaction-v0 (key main)
[23:47:22] [main/DEBUG] (FabricLoader/Entrypoint) Registering new-style initializer net.fabricmc.fabric.impl.networking.client.ClientNetworkingImpl::clientInit for mod fabric-networking-api-v1 (key client)
[23:47:22] [main/DEBUG] (FabricLoader/Entrypoint) Registering new-style initializer net.fabricmc.fabric.impl.networking.NetworkingImpl::init for mod fabric-networking-api-v1 (key main)
[23:47:22] [main/DEBUG] (FabricLoader/Entrypoint) Registering new-style initializer net.fabricmc.fabric.impl.loot.table.LootTablesV1Init for mod fabric-loot-tables-v1 (key main)
[23:47:22] [main/DEBUG] (FabricLoader/Entrypoint) Registering new-style initializer net.fabricmc.fabric.impl.client.container.ScreenProviderRegistryImpl::init for mod fabric-containers-v0 (key client)
[23:47:22] [main/DEBUG] (FabricLoader/Entrypoint) Registering new-style initializer net.fabricmc.fabric.impl.client.networking.v0.OldClientNetworkingHooks for mod fabric-networking-v0 (key client)
[23:47:22] [main/DEBUG] (FabricLoader/Entrypoint) Registering new-style initializer net.fabricmc.fabric.impl.networking.v0.OldNetworkingHooks for mod fabric-networking-v0 (key main)
[23:47:22] [main/DEBUG] (FabricLoader/Entrypoint) Registering new-style initializer net.fabricmc.fabric.impl.event.lifecycle.v0.client.LegacyClientEventInvokers for mod fabric-events-lifecycle-v0 (key client)
[23:47:22] [main/DEBUG] (FabricLoader/Entrypoint) Registering new-style initializer net.fabricmc.fabric.impl.event.lifecycle.v0.LegacyEventInvokers for mod fabric-events-lifecycle-v0 (key main)
[23:47:22] [main/DEBUG] (FabricLoader/Entrypoint) Registering new-style initializer net.fabricmc.fabric.impl.lookup.ApiLookupImpl for mod fabric-api-lookup-api-v1 (key main)
[23:47:22] [main/DEBUG] (FabricLoader/Entrypoint) Registering new-style initializer net.fabricmc.fabric.impl.client.rendering.v0.RenderingCallbackInvoker for mod fabric-rendering-v0 (key client)
[23:47:22] [main/DEBUG] (FabricLoader/Entrypoint) Registering new-style initializer net.fabricmc.fabric.impl.client.event.lifecycle.ClientLifecycleEventsImpl for mod fabric-lifecycle-events-v1 (key client)
[23:47:22] [main/DEBUG] (FabricLoader/Entrypoint) Registering new-style initializer net.fabricmc.fabric.impl.event.lifecycle.LifecycleEventsImpl for mod fabric-lifecycle-events-v1 (key main)
[23:47:22] [main/DEBUG] (FabricLoader/Entrypoint) Registering new-style initializer net.fabricmc.fabric.impl.gametest.FabricGameTestModInitializer for mod fabric-gametest-api-v1 (key main)
[23:47:22] [main/DEBUG] (FabricLoader/Entrypoint) Registering new-style initializer net.fabricmc.fabric.impl.attachment.AttachmentEntrypoint for mod fabric-data-attachment-api-v1 (key main)
[23:47:22] [main/DEBUG] (FabricLoader/Entrypoint) Registering new-style initializer com.terraformersmc.modmenu.ModMenuModMenuCompat for mod modmenu (key modmenu)
[23:47:22] [main/DEBUG] (FabricLoader/Entrypoint) Registering new-style initializer com.terraformersmc.modmenu.ModMenu for mod modmenu (key client)
[23:47:22] [main/INFO] (FabricLoader/Mixin) SpongePowered MIXIN Subsystem Version=0.8.7 Source=file:/home/andrew/.gradle/caches/modules-2/files-2.1/net.fabricmc/sponge-mixin/0.17.3+mixin.0.8.7/41c4a3984a80f4679e759fb9f495587acc5cdac7/sponge-mixin-0.17.3+mixin.0.8.7.jar Service=Knot/Fabric Env=CLIENT
[23:47:22] [main/DEBUG] (FabricLoader/Mixin) Initialising Mixin Platform Manager
[23:47:22] [main/DEBUG] (FabricLoader/Mixin) Adding mixin platform agents for container ContainerHandleURI(file:///home/andrew/.gradle/caches/modules-2/files-2.1/net.fabricmc/fabric-loader/0.19.3/354dfaa02d0552e11867f85dff7cdbfaf813ba3e/fabric-loader-0.19.3.jar)
[23:47:22] [main/DEBUG] (FabricLoader/Mixin) Instancing new MixinPlatformAgentDefault for ContainerHandleURI(file:///home/andrew/.gradle/caches/modules-2/files-2.1/net.fabricmc/fabric-loader/0.19.3/354dfaa02d0552e11867f85dff7cdbfaf813ba3e/fabric-loader-0.19.3.jar)
[23:47:22] [main/DEBUG] (FabricLoader/Mixin) MixinPlatformAgentDefault accepted container ContainerHandleURI(file:///home/andrew/.gradle/caches/modules-2/files-2.1/net.fabricmc/fabric-loader/0.19.3/354dfaa02d0552e11867f85dff7cdbfaf813ba3e/fabric-loader-0.19.3.jar)
[23:47:22] [main/DEBUG] (FabricLoader/Mixin) Instancing new MixinPlatformAgentDefault for ContainerHandleURI(file:///home/andrew/.gradle/caches/modules-2/files-2.1/net.fabricmc/fabric-loader/0.19.3/354dfaa02d0552e11867f85dff7cdbfaf813ba3e/fabric-loader-0.19.3.jar)
[23:47:22] [main/DEBUG] (FabricLoader/Mixin) MixinPlatformAgentDefault accepted container ContainerHandleURI(file:///home/andrew/.gradle/caches/modules-2/files-2.1/net.fabricmc/fabric-loader/0.19.3/354dfaa02d0552e11867f85dff7cdbfaf813ba3e/fabric-loader-0.19.3.jar)
[23:47:22] [main/DEBUG] (FabricLoader/Mixin) Processing prepare() for PlatformAgent[MixinPlatformAgentDefault:ContainerHandleURI(file:///home/andrew/.gradle/caches/modules-2/files-2.1/net.fabricmc/fabric-loader/0.19.3/354dfaa02d0552e11867f85dff7cdbfaf813ba3e/fabric-loader-0.19.3.jar)]
[23:47:22] [main/DEBUG] (FabricLoader/Mixin) Processing prepare() for PlatformAgent[MixinPlatformAgentDefault:ContainerHandleURI(file:///home/andrew/.gradle/caches/modules-2/files-2.1/net.fabricmc/fabric-loader/0.19.3/354dfaa02d0552e11867f85dff7cdbfaf813ba3e/fabric-loader-0.19.3.jar)]
[23:47:22] [main/INFO] (FabricLoader/Mixin) Loaded Fabric development mappings for mixin remapper!
[23:47:22] [main/DEBUG] (FabricLoader/Mixin) Compatibility level JAVA_16 specified by fabric-renderer-indigo.mixins.json is higher than the maximum level supported by this version of mixin (JAVA_13).
[23:47:22] [main/INFO] (FabricLoader/Mixin) Compatibility level set to JAVA_16
[23:47:22] [main/DEBUG] (FabricLoader/Mixin) Mixin config fabric-renderer-indigo.mixins.json does not specify "minVersion" or "requiredFeatures" property
[23:47:22] [main/DEBUG] (FabricLoader/Mixin) Mixin config fabric-particles-v1.client.mixins.json does not specify "minVersion" or "requiredFeatures" property
[23:47:22] [main/DEBUG] (FabricLoader/Mixin) Compatibility level JAVA_17 specified by weaponsexpanded.mixins.json is higher than the maximum level supported by this version of mixin (JAVA_13).
[23:47:22] [main/INFO] (FabricLoader/Mixin) Compatibility level set to JAVA_17
[23:47:22] [main/DEBUG] (FabricLoader/Mixin) Mixin config weaponsexpanded.mixins.json does not specify "minVersion" or "requiredFeatures" property
[23:47:22] [main/DEBUG] (FabricLoader/Mixin) Compatibility level JAVA_16 specified by fabric-transfer-api-v1.mixins.json is higher than the maximum level supported by this version of mixin (JAVA_13).
[23:47:22] [main/DEBUG] (FabricLoader/Mixin) Mixin config fabric-transfer-api-v1.mixins.json does not specify "minVersion" or "requiredFeatures" property
[23:47:22] [main/DEBUG] (FabricLoader/Mixin) Compatibility level JAVA_16 specified by fabric-registry-sync-v0.mixins.json is higher than the maximum level supported by this version of mixin (JAVA_13).
[23:47:22] [main/DEBUG] (FabricLoader/Mixin) Mixin config fabric-registry-sync-v0.mixins.json does not specify "minVersion" or "requiredFeatures" property
[23:47:22] [main/DEBUG] (FabricLoader/Mixin) Compatibility level JAVA_16 specified by fabric-registry-sync-v0.client.mixins.json is higher than the maximum level supported by this version of mixin (JAVA_13).
[23:47:22] [main/DEBUG] (FabricLoader/Mixin) Mixin config fabric-registry-sync-v0.client.mixins.json does not specify "minVersion" or "requiredFeatures" property
[23:47:22] [main/DEBUG] (FabricLoader/Mixin) Mixin config fabric-recipe-api-v1.mixins.json does not specify "minVersion" or "requiredFeatures" property
[23:47:22] [main/DEBUG] (FabricLoader/Mixin) Compatibility level JAVA_16 specified by fabric-item-api-v1.mixins.json is higher than the maximum level supported by this version of mixin (JAVA_13).
[23:47:22] [main/DEBUG] (FabricLoader/Mixin) Mixin config fabric-item-api-v1.mixins.json does not specify "minVersion" or "requiredFeatures" property
[23:47:22] [main/DEBUG] (FabricLoader/Mixin) Compatibility level JAVA_16 specified by fabric-item-api-v1.client.mixins.json is higher than the maximum level supported by this version of mixin (JAVA_13).
[23:47:22] [main/DEBUG] (FabricLoader/Mixin) Mixin config fabric-item-api-v1.client.mixins.json does not specify "minVersion" or "requiredFeatures" property
[23:47:22] [main/DEBUG] (FabricLoader/Mixin) Compatibility level JAVA_16 specified by fabric-screen-handler-api-v1.mixins.json is higher than the maximum level supported by this version of mixin (JAVA_13).
[23:47:22] [main/DEBUG] (FabricLoader/Mixin) Mixin config fabric-screen-handler-api-v1.mixins.json does not specify "minVersion" or "requiredFeatures" property
[23:47:22] [main/DEBUG] (FabricLoader/Mixin) Compatibility level JAVA_16 specified by fabric-blockrenderlayer-v1.mixins.json is higher than the maximum level supported by this version of mixin (JAVA_13).
[23:47:22] [main/DEBUG] (FabricLoader/Mixin) Mixin config fabric-blockrenderlayer-v1.mixins.json does not specify "minVersion" or "requiredFeatures" property
[23:47:22] [main/DEBUG] (FabricLoader/Mixin) Compatibility level JAVA_16 specified by fabric-dimensions-v1.mixins.json is higher than the maximum level supported by this version of mixin (JAVA_13).
[23:47:22] [main/DEBUG] (FabricLoader/Mixin) Mixin config fabric-dimensions-v1.mixins.json does not specify "minVersion" or "requiredFeatures" property
[23:47:22] [main/DEBUG] (FabricLoader/Mixin) Compatibility level JAVA_16 specified by fabric-rendering-fluids-v1.mixins.json is higher than the maximum level supported by this version of mixin (JAVA_13).
[23:47:22] [main/DEBUG] (FabricLoader/Mixin) Mixin config fabric-rendering-fluids-v1.mixins.json does not specify "minVersion" or "requiredFeatures" property
[23:47:22] [main/DEBUG] (FabricLoader/Mixin) Compatibility level JAVA_16 specified by fabric-resource-loader-v0.mixins.json is higher than the maximum level supported by this version of mixin (JAVA_13).
[23:47:22] [main/DEBUG] (FabricLoader/Mixin) Mixin config fabric-resource-loader-v0.mixins.json does not specify "minVersion" or "requiredFeatures" property
[23:47:22] [main/DEBUG] (FabricLoader/Mixin) Compatibility level JAVA_16 specified by fabric-resource-loader-v0.client.mixins.json is higher than the maximum level supported by this version of mixin (JAVA_13).
[23:47:22] [main/DEBUG] (FabricLoader/Mixin) Mixin config fabric-resource-loader-v0.client.mixins.json does not specify "minVersion" or "requiredFeatures" property
[23:47:22] [main/DEBUG] (FabricLoader/Mixin) Compatibility level JAVA_16 specified by fabric-command-api-v2.mixins.json is higher than the maximum level supported by this version of mixin (JAVA_13).
[23:47:22] [main/DEBUG] (FabricLoader/Mixin) Mixin config fabric-command-api-v2.mixins.json does not specify "minVersion" or "requiredFeatures" property
[23:47:22] [main/DEBUG] (FabricLoader/Mixin) Compatibility level JAVA_16 specified by fabric-command-api-v2.client.mixins.json is higher than the maximum level supported by this version of mixin (JAVA_13).
[23:47:22] [main/DEBUG] (FabricLoader/Mixin) Mixin config fabric-command-api-v2.client.mixins.json does not specify "minVersion" or "requiredFeatures" property
[23:47:22] [main/DEBUG] (FabricLoader/Mixin) Mixin config fabric-rendering-data-attachment-v1.mixins.json does not specify "minVersion" or "requiredFeatures" property
[23:47:22] [main/DEBUG] (FabricLoader/Mixin) Mixin config fabric-rendering-data-attachment-v1.client.mixins.json does not specify "minVersion" or "requiredFeatures" property
[23:47:22] [main/DEBUG] (FabricLoader/Mixin) Mixin config fabric-model-loading-api-v1.mixins.json does not specify "minVersion" or "requiredFeatures" property
[23:47:22] [main/DEBUG] (FabricLoader/Mixin) Compatibility level JAVA_16 specified by fabric-message-api-v1.mixins.json is higher than the maximum level supported by this version of mixin (JAVA_13).
[23:47:22] [main/DEBUG] (FabricLoader/Mixin) Mixin config fabric-message-api-v1.mixins.json does not specify "minVersion" or "requiredFeatures" property
[23:47:22] [main/DEBUG] (FabricLoader/Mixin) Mixin config fabric-message-api-v1.client.mixins.json does not specify "minVersion" or "requiredFeatures" property
[23:47:22] [main/DEBUG] (FabricLoader/Mixin) Compatibility level JAVA_16 specified by fabric-object-builder-v1.mixins.json is higher than the maximum level supported by this version of mixin (JAVA_13).
[23:47:22] [main/DEBUG] (FabricLoader/Mixin) Mixin config fabric-object-builder-v1.mixins.json does not specify "minVersion" or "requiredFeatures" property
[23:47:22] [main/DEBUG] (FabricLoader/Mixin) Compatibility level JAVA_16 specified by fabric-object-builder-v1.client.mixins.json is higher than the maximum level supported by this version of mixin (JAVA_13).
[23:47:22] [main/DEBUG] (FabricLoader/Mixin) Mixin config fabric-object-builder-v1.client.mixins.json does not specify "minVersion" or "requiredFeatures" property
[23:47:22] [main/DEBUG] (FabricLoader/Mixin) Compatibility level JAVA_16 specified by fabric-screen-api-v1.mixins.json is higher than the maximum level supported by this version of mixin (JAVA_13).
[23:47:22] [main/DEBUG] (FabricLoader/Mixin) Mixin config fabric-screen-api-v1.mixins.json does not specify "minVersion" or "requiredFeatures" property
[23:47:22] [main/DEBUG] (FabricLoader/Mixin) Compatibility level JAVA_16 specified by fabric-events-interaction-v0.mixins.json is higher than the maximum level supported by this version of mixin (JAVA_13).
[23:47:22] [main/DEBUG] (FabricLoader/Mixin) Mixin config fabric-events-interaction-v0.mixins.json does not specify "minVersion" or "requiredFeatures" property
[23:47:22] [main/DEBUG] (FabricLoader/Mixin) Compatibility level JAVA_16 specified by fabric-events-interaction-v0.client.mixins.json is higher than the maximum level supported by this version of mixin (JAVA_13).
[23:47:22] [main/DEBUG] (FabricLoader/Mixin) Mixin config fabric-events-interaction-v0.client.mixins.json does not specify "minVersion" or "requiredFeatures" property
[23:47:22] [main/DEBUG] (FabricLoader/Mixin) Mixin config fabric-block-api-v1.mixins.json does not specify "minVersion" or "requiredFeatures" property
[23:47:22] [main/DEBUG] (FabricLoader/Mixin) Compatibility level JAVA_16 specified by fabric-mining-level-api-v1.mixins.json is higher than the maximum level supported by this version of mixin (JAVA_13).
[23:47:22] [main/DEBUG] (FabricLoader/Mixin) Mixin config fabric-mining-level-api-v1.mixins.json does not specify "minVersion" or "requiredFeatures" property
[23:47:22] [main/DEBUG] (FabricLoader/Mixin) Compatibility level JAVA_16 specified by fabric-networking-api-v1.mixins.json is higher than the maximum level supported by this version of mixin (JAVA_13).
[23:47:22] [main/DEBUG] (FabricLoader/Mixin) Mixin config fabric-networking-api-v1.mixins.json does not specify "minVersion" or "requiredFeatures" property
[23:47:22] [main/DEBUG] (FabricLoader/Mixin) Compatibility level JAVA_16 specified by fabric-networking-api-v1.client.mixins.json is higher than the maximum level supported by this version of mixin (JAVA_13).
[23:47:22] [main/DEBUG] (FabricLoader/Mixin) Mixin config fabric-networking-api-v1.client.mixins.json does not specify "minVersion" or "requiredFeatures" property
[23:47:22] [main/DEBUG] (FabricLoader/Mixin) Compatibility level JAVA_16 specified by fabric-loot-tables-v1.mixins.json is higher than the maximum level supported by this version of mixin (JAVA_13).
[23:47:22] [main/DEBUG] (FabricLoader/Mixin) Mixin config fabric-loot-tables-v1.mixins.json does not specify "minVersion" or "requiredFeatures" property
[23:47:22] [main/DEBUG] (FabricLoader/Mixin) Mixin config fabric-block-view-api-v2.mixins.json does not specify "minVersion" or "requiredFeatures" property
[23:47:22] [main/DEBUG] (FabricLoader/Mixin) Mixin config fabric-block-view-api-v2.client.mixins.json does not specify "minVersion" or "requiredFeatures" property
[23:47:22] [main/DEBUG] (FabricLoader/Mixin) Compatibility level JAVA_16 specified by fabric-containers-v0.mixins.json is higher than the maximum level supported by this version of mixin (JAVA_13).
[23:47:22] [main/DEBUG] (FabricLoader/Mixin) Mixin config fabric-containers-v0.mixins.json does not specify "minVersion" or "requiredFeatures" property
[23:47:22] [main/DEBUG] (FabricLoader/Mixin) Compatibility level JAVA_16 specified by fabric-containers-v0.accurate.mixins.json is higher than the maximum level supported by this version of mixin (JAVA_13).
[23:47:22] [main/DEBUG] (FabricLoader/Mixin) Mixin config fabric-containers-v0.accurate.mixins.json does not specify "minVersion" or "requiredFeatures" property
[23:47:22] [main/DEBUG] (FabricLoader/Mixin) Mixin config fabric-sound-api-v1.mixins.json does not specify "minVersion" or "requiredFeatures" property
[23:47:22] [main/DEBUG] (FabricLoader/Mixin) Compatibility level JAVA_16 specified by fabric-key-binding-api-v1.mixins.json is higher than the maximum level supported by this version of mixin (JAVA_13).
[23:47:22] [main/DEBUG] (FabricLoader/Mixin) Mixin config fabric-key-binding-api-v1.mixins.json does not specify "minVersion" or "requiredFeatures" property
[23:47:22] [main/DEBUG] (FabricLoader/Mixin) Mixin config fabric-tag-api-v1.mixins.json does not specify "minVersion" or "requiredFeatures" property
[23:47:22] [main/DEBUG] (FabricLoader/Mixin) Mixin config fabric-loot-api-v2.mixins.json does not specify "minVersion" or "requiredFeatures" property
[23:47:22] [main/DEBUG] (FabricLoader/Mixin) Compatibility level JAVA_16 specified by fabric-data-generation-api-v1.mixins.json is higher than the maximum level supported by this version of mixin (JAVA_13).
[23:47:22] [main/DEBUG] (FabricLoader/Mixin) Mixin config fabric-data-generation-api-v1.mixins.json does not specify "minVersion" or "requiredFeatures" property
[23:47:22] [main/DEBUG] (FabricLoader/Mixin) Compatibility level JAVA_16 specified by fabric-data-generation-api-v1.client.mixins.json is higher than the maximum level supported by this version of mixin (JAVA_13).
[23:47:22] [main/DEBUG] (FabricLoader/Mixin) Mixin config fabric-data-generation-api-v1.client.mixins.json does not specify "minVersion" or "requiredFeatures" property
[23:47:22] [main/DEBUG] (FabricLoader/Mixin) Compatibility level JAVA_16 specified by fabric-api-lookup-api-v1.mixins.json is higher than the maximum level supported by this version of mixin (JAVA_13).
[23:47:22] [main/DEBUG] (FabricLoader/Mixin) Mixin config fabric-api-lookup-api-v1.mixins.json does not specify "minVersion" or "requiredFeatures" property
[23:47:22] [main/DEBUG] (FabricLoader/Mixin) Compatibility level JAVA_16 specified by fabric-content-registries-v0.mixins.json is higher than the maximum level supported by this version of mixin (JAVA_13).
[23:47:22] [main/DEBUG] (FabricLoader/Mixin) Mixin config fabric-content-registries-v0.mixins.json does not specify "minVersion" or "requiredFeatures" property
[23:47:22] [main/DEBUG] (FabricLoader/Mixin) Compatibility level JAVA_16 specified by fabric-biome-api-v1.mixins.json is higher than the maximum level supported by this version of mixin (JAVA_13).
[23:47:22] [main/DEBUG] (FabricLoader/Mixin) Mixin config fabric-biome-api-v1.mixins.json does not specify "minVersion" or "requiredFeatures" property
[23:47:22] [main/DEBUG] (FabricLoader/Mixin) Compatibility level JAVA_16 specified by fabric-renderer-api-v1.mixins.json is higher than the maximum level supported by this version of mixin (JAVA_13).
[23:47:22] [main/DEBUG] (FabricLoader/Mixin) Mixin config fabric-renderer-api-v1.mixins.json does not specify "minVersion" or "requiredFeatures" property
[23:47:22] [main/DEBUG] (FabricLoader/Mixin) Compatibility level JAVA_16 specified by fabric-renderer-api-v1.debughud.mixins.json is higher than the maximum level supported by this version of mixin (JAVA_13).
[23:47:22] [main/DEBUG] (FabricLoader/Mixin) Mixin config fabric-renderer-api-v1.debughud.mixins.json does not specify "minVersion" or "requiredFeatures" property
[23:47:22] [main/DEBUG] (FabricLoader/Mixin) Compatibility level JAVA_16 specified by fabric-lifecycle-events-v1.mixins.json is higher than the maximum level supported by this version of mixin (JAVA_13).
[23:47:22] [main/DEBUG] (FabricLoader/Mixin) Mixin config fabric-lifecycle-events-v1.mixins.json does not specify "minVersion" or "requiredFeatures" property
[23:47:22] [main/DEBUG] (FabricLoader/Mixin) Compatibility level JAVA_16 specified by fabric-lifecycle-events-v1.client.mixins.json is higher than the maximum level supported by this version of mixin (JAVA_13).
[23:47:22] [main/DEBUG] (FabricLoader/Mixin) Mixin config fabric-lifecycle-events-v1.client.mixins.json does not specify "minVersion" or "requiredFeatures" property
[23:47:22] [main/DEBUG] (FabricLoader/Mixin) Mixin config fabric-item-group-api-v1.mixins.json does not specify "minVersion" or "requiredFeatures" property
[23:47:22] [main/DEBUG] (FabricLoader/Mixin) Mixin config fabric-item-group-api-v1.client.mixins.json does not specify "minVersion" or "requiredFeatures" property
[23:47:22] [main/DEBUG] (FabricLoader/Mixin) Compatibility level JAVA_16 specified by fabric-resource-conditions-api-v1.mixins.json is higher than the maximum level supported by this version of mixin (JAVA_13).
[23:47:22] [main/DEBUG] (FabricLoader/Mixin) Mixin config fabric-resource-conditions-api-v1.mixins.json does not specify "minVersion" or "requiredFeatures" property
[23:47:22] [main/DEBUG] (FabricLoader/Mixin) Compatibility level JAVA_16 specified by fabric-gametest-api-v1.mixins.json is higher than the maximum level supported by this version of mixin (JAVA_13).
[23:47:22] [main/DEBUG] (FabricLoader/Mixin) Mixin config fabric-gametest-api-v1.mixins.json does not specify "minVersion" or "requiredFeatures" property
[23:47:22] [main/DEBUG] (FabricLoader/Mixin) Compatibility level JAVA_16 specified by fabric-crash-report-info-v1.mixins.json is higher than the maximum level supported by this version of mixin (JAVA_13).
[23:47:22] [main/DEBUG] (FabricLoader/Mixin) Mixin config fabric-crash-report-info-v1.mixins.json does not specify "minVersion" or "requiredFeatures" property
[23:47:22] [main/DEBUG] (FabricLoader/Mixin) Mixin config fabric-data-attachment-api-v1.mixins.json does not specify "minVersion" or "requiredFeatures" property
[23:47:22] [main/DEBUG] (FabricLoader/Mixin) Mixin config fabric-data-attachment-api-v1.client.mixins.json does not specify "minVersion" or "requiredFeatures" property
[23:47:22] [main/DEBUG] (FabricLoader/Mixin) Compatibility level JAVA_16 specified by mixins.modmenu.json is higher than the maximum level supported by this version of mixin (JAVA_13).
[23:47:22] [main/DEBUG] (FabricLoader/Mixin) Compatibility level JAVA_16 specified by fabric-entity-events-v1.mixins.json is higher than the maximum level supported by this version of mixin (JAVA_13).
[23:47:22] [main/DEBUG] (FabricLoader/Mixin) Mixin config fabric-entity-events-v1.mixins.json does not specify "minVersion" or "requiredFeatures" property
[23:47:22] [main/DEBUG] (FabricLoader/Mixin) Compatibility level JAVA_16 specified by fabric-entity-events-v1.client.mixins.json is higher than the maximum level supported by this version of mixin (JAVA_13).
[23:47:22] [main/DEBUG] (FabricLoader/Mixin) Mixin config fabric-entity-events-v1.client.mixins.json does not specify "minVersion" or "requiredFeatures" property
[23:47:22] [main/DEBUG] (FabricLoader/Mixin) Compatibility level JAVA_16 specified by fabric-rendering-v1.mixins.json is higher than the maximum level supported by this version of mixin (JAVA_13).
[23:47:22] [main/DEBUG] (FabricLoader/Mixin) Mixin config fabric-rendering-v1.mixins.json does not specify "minVersion" or "requiredFeatures" property
[23:47:22] [main/DEBUG] (FabricLoader/Mixin) Compatibility level JAVA_16 specified by fabric-game-rule-api-v1.mixins.json is higher than the maximum level supported by this version of mixin (JAVA_13).
[23:47:22] [main/DEBUG] (FabricLoader/Mixin) Mixin config fabric-game-rule-api-v1.mixins.json does not specify "minVersion" or "requiredFeatures" property
[23:47:22] [main/DEBUG] (FabricLoader/Mixin) Compatibility level JAVA_16 specified by fabric-game-rule-api-v1.client.mixins.json is higher than the maximum level supported by this version of mixin (JAVA_13).
[23:47:22] [main/DEBUG] (FabricLoader/Mixin) Mixin config fabric-game-rule-api-v1.client.mixins.json does not specify "minVersion" or "requiredFeatures" property
[23:47:22] [main/DEBUG] (FabricLoader/Knot) Adding /home/andrew/IdeaProjects/weaponsexpanded-1.20.1/.gradle/loom-cache/minecraftMaven/net/minecraft/minecraft-merged-361f8987af/1.20.1-net.fabricmc.yarn.1_20_1.1.20.1+build.10-v2/minecraft-merged-361f8987af-1.20.1-net.fabricmc.yarn.1_20_1.1.20.1+build.10-v2.jar to classpath.
[23:47:22] [main/DEBUG] (FabricLoader/Knot) Adding /home/andrew/IdeaProjects/weaponsexpanded-1.20.1/build/classes/java/main to classpath.
[23:47:22] [main/DEBUG] (FabricLoader/Knot) Adding /home/andrew/IdeaProjects/weaponsexpanded-1.20.1/build/resources/main to classpath.
[23:47:22] [main/DEBUG] (FabricLoader/Knot) Adding /home/andrew/.gradle/caches/fabric-loom/1.20.1/net.fabricmc.yarn.1_20_1.1.20.1+build.10-v2/mappings.jar to classpath.
[23:47:22] [main/DEBUG] (FabricLoader/Knot) Adding /home/andrew/.gradle/caches/modules-2/files-2.1/io.github.llamalad7/mixinextras-fabric/0.5.4/5e167154bcb9942111313a5e186e16cd7265f858/mixinextras-fabric-0.5.4.jar to classpath.
[23:47:22] [main/DEBUG] (FabricLoader/Knot) Adding /home/andrew/.gradle/caches/modules-2/files-2.1/net.fabricmc/dev-launch-injector/0.2.1+build.8/da8bef7e6e2f952da707f282bdb46882a0fce5e3/dev-launch-injector-0.2.1+build.8.jar to classpath.
[23:47:22] [main/DEBUG] (FabricLoader/Knot) Adding /home/andrew/.gradle/caches/modules-2/files-2.1/com.github.oshi/oshi-core/6.2.2/54f5efc19bca95d709d9a37d19ffcbba3d21c1a6/oshi-core-6.2.2.jar to classpath.
[23:47:22] [main/DEBUG] (FabricLoader/Knot) Adding /home/andrew/.gradle/caches/modules-2/files-2.1/com.google.guava/failureaccess/1.0.1/1dcf1de382a0bf95a3d8b0849546c88bac1292c9/failureaccess-1.0.1.jar to classpath.
[23:47:22] [main/DEBUG] (FabricLoader/Knot) Adding /home/andrew/.gradle/caches/modules-2/files-2.1/com.google.guava/guava/31.1-jre/60458f877d055d0c9114d9e1a2efb737b4bc282c/guava-31.1-jre.jar to classpath.
[23:47:22] [main/DEBUG] (FabricLoader/Knot) Adding /home/andrew/.gradle/caches/modules-2/files-2.1/com.ibm.icu/icu4j/71.1/9e7d3304c23f9ba5cb71915f7cce23231a57a445/icu4j-71.1.jar to classpath.
[23:47:22] [main/DEBUG] (FabricLoader/Knot) Adding /home/andrew/.gradle/caches/modules-2/files-2.1/com.mojang/blocklist/1.0.10/5c685c5ffa94c4cd39496c7184c1d122e515ecef/blocklist-1.0.10.jar to classpath.
[23:47:22] [main/DEBUG] (FabricLoader/Knot) Adding /home/andrew/.gradle/caches/modules-2/files-2.1/com.mojang/brigadier/1.1.8/5244ce82c3337bba4a196a3ce858bfaecc74404a/brigadier-1.1.8.jar to classpath.
[23:47:22] [main/DEBUG] (FabricLoader/Knot) Adding /home/andrew/.gradle/caches/modules-2/files-2.1/com.mojang/datafixerupper/6.0.8/3ba4a30557a9b057760af4011f909ba619fc5125/datafixerupper-6.0.8.jar to classpath.
[23:47:22] [main/DEBUG] (FabricLoader/Knot) Adding /home/andrew/.gradle/caches/modules-2/files-2.1/com.mojang/patchy/2.2.10/da05971b07cbb379d002cf7eaec6a2048211fefc/patchy-2.2.10.jar to classpath.
[23:47:22] [main/DEBUG] (FabricLoader/Knot) Adding /home/andrew/.gradle/caches/modules-2/files-2.1/com.mojang/text2speech/1.17.9/3cad216e3a7f0c19b4b394388bc9ffc446f13b14/text2speech-1.17.9.jar to classpath.
[23:47:22] [main/DEBUG] (FabricLoader/Knot) Adding /home/andrew/.gradle/caches/modules-2/files-2.1/commons-codec/commons-codec/1.15/49d94806b6e3dc933dacbd8acb0fdbab8ebd1e5d/commons-codec-1.15.jar to classpath.
[23:47:22] [main/DEBUG] (FabricLoader/Knot) Adding /home/andrew/.gradle/caches/modules-2/files-2.1/commons-io/commons-io/2.11.0/a2503f302b11ebde7ebc3df41daebe0e4eea3689/commons-io-2.11.0.jar to classpath.
[23:47:22] [main/DEBUG] (FabricLoader/Knot) Adding /home/andrew/.gradle/caches/modules-2/files-2.1/commons-logging/commons-logging/1.2/4bfc12adfe4842bf07b657f0369c4cb522955686/commons-logging-1.2.jar to classpath.
[23:47:22] [main/DEBUG] (FabricLoader/Knot) Adding /home/andrew/.gradle/caches/modules-2/files-2.1/io.netty/netty-buffer/4.1.82.Final/a544270cf1ae8b8077082f5036436a9a9971ea71/netty-buffer-4.1.82.Final.jar to classpath.
[23:47:22] [main/DEBUG] (FabricLoader/Knot) Adding /home/andrew/.gradle/caches/modules-2/files-2.1/io.netty/netty-codec/4.1.82.Final/b77200379acb345a9ffdece1c605e591ac3e4e0a/netty-codec-4.1.82.Final.jar to classpath.
[23:47:22] [main/DEBUG] (FabricLoader/Knot) Adding /home/andrew/.gradle/caches/modules-2/files-2.1/io.netty/netty-common/4.1.82.Final/22d148e85c3f5ebdacc0ce1f5aabb1d420f73f3/netty-common-4.1.82.Final.jar to classpath.
[23:47:22] [main/DEBUG] (FabricLoader/Knot) Adding /home/andrew/.gradle/caches/modules-2/files-2.1/io.netty/netty-handler/4.1.82.Final/644041d1fa96a5d3130a29e8978630d716d76e38/netty-handler-4.1.82.Final.jar to classpath.
[23:47:22] [main/DEBUG] (FabricLoader/Knot) Adding /home/andrew/.gradle/caches/modules-2/files-2.1/io.netty/netty-resolver/4.1.82.Final/38f665ae8dcd29032eea31245ba7806bed2e0fa8/netty-resolver-4.1.82.Final.jar to classpath.
[23:47:22] [main/DEBUG] (FabricLoader/Knot) Adding /home/andrew/.gradle/caches/modules-2/files-2.1/io.netty/netty-transport-classes-epoll/4.1.82.Final/e7c7dd18deac93105797f30057c912651ea76521/netty-transport-classes-epoll-4.1.82.Final.jar to classpath.
[23:47:22] [main/DEBUG] (FabricLoader/Knot) Adding /home/andrew/.gradle/caches/modules-2/files-2.1/io.netty/netty-transport-native-epoll/4.1.82.Final/476409d6255001ca53a55f65b01c13822f8dc93a/netty-transport-native-epoll-4.1.82.Final-linux-aarch_64.jar to classpath.
[23:47:22] [main/DEBUG] (FabricLoader/Knot) Adding /home/andrew/.gradle/caches/modules-2/files-2.1/io.netty/netty-transport-native-epoll/4.1.82.Final/c7350a71920f3ae9142945e25fed4846cce53374/netty-transport-native-epoll-4.1.82.Final-linux-x86_64.jar to classpath.
[23:47:22] [main/DEBUG] (FabricLoader/Knot) Adding /home/andrew/.gradle/caches/modules-2/files-2.1/io.netty/netty-transport-native-unix-common/4.1.82.Final/3e895b35ca1b8a0eca56cacff4c2dde5d2c6abce/netty-transport-native-unix-common-4.1.82.Final.jar to classpath.
[23:47:22] [main/DEBUG] (FabricLoader/Knot) Adding /home/andrew/.gradle/caches/modules-2/files-2.1/io.netty/netty-transport/4.1.82.Final/e431a218d91acb6476ccad5f5aafde50aa3945ca/netty-transport-4.1.82.Final.jar to classpath.
[23:47:22] [main/DEBUG] (FabricLoader/Knot) Adding /home/andrew/.gradle/caches/modules-2/files-2.1/it.unimi.dsi/fastutil/8.5.9/bb7ea75ecdb216654237830b3a96d87ad91f8cc5/fastutil-8.5.9.jar to classpath.
[23:47:22] [main/DEBUG] (FabricLoader/Knot) Adding /home/andrew/.gradle/caches/modules-2/files-2.1/net.java.dev.jna/jna-platform/5.12.1/97406a297c852f4a41e688a176ec675f72e8329/jna-platform-5.12.1.jar to classpath.
[23:47:22] [main/DEBUG] (FabricLoader/Knot) Adding /home/andrew/.gradle/caches/modules-2/files-2.1/net.java.dev.jna/jna/5.12.1/b1e93a735caea94f503e95e6fe79bf9cdc1e985d/jna-5.12.1.jar to classpath.
[23:47:22] [main/DEBUG] (FabricLoader/Knot) Adding /home/andrew/.gradle/caches/modules-2/files-2.1/net.sf.jopt-simple/jopt-simple/5.0.4/4fdac2fbe92dfad86aa6e9301736f6b4342a3f5c/jopt-simple-5.0.4.jar to classpath.
[23:47:22] [main/DEBUG] (FabricLoader/Knot) Adding /home/andrew/.gradle/caches/modules-2/files-2.1/org.apache.commons/commons-compress/1.21/4ec95b60d4e86b5c95a0e919cb172a0af98011ef/commons-compress-1.21.jar to classpath.
[23:47:22] [main/DEBUG] (FabricLoader/Knot) Adding /home/andrew/.gradle/caches/modules-2/files-2.1/org.apache.commons/commons-lang3/3.12.0/c6842c86792ff03b9f1d1fe2aab8dc23aa6c6f0e/commons-lang3-3.12.0.jar to classpath.
[23:47:22] [main/DEBUG] (FabricLoader/Knot) Adding /home/andrew/.gradle/caches/modules-2/files-2.1/org.apache.httpcomponents/httpclient/4.5.13/e5f6cae5ca7ecaac1ec2827a9e2d65ae2869cada/httpclient-4.5.13.jar to classpath.
[23:47:22] [main/DEBUG] (FabricLoader/Knot) Adding /home/andrew/.gradle/caches/modules-2/files-2.1/org.apache.httpcomponents/httpcore/4.4.15/7f2e0c573eaa7a74bac2e89b359e1f73d92a0a1d/httpcore-4.4.15.jar to classpath.
[23:47:22] [main/DEBUG] (FabricLoader/Knot) Adding /home/andrew/.gradle/caches/modules-2/files-2.1/org.joml/joml/1.10.5/22566d58af70ad3d72308bab63b8339906deb649/joml-1.10.5.jar to classpath.
[23:47:22] [main/DEBUG] (FabricLoader/Knot) Adding /home/andrew/.gradle/caches/modules-2/files-2.1/org.lwjgl/lwjgl-glfw/3.3.2/757920418805fb90bfebb3d46b1d9e7669fca2eb/lwjgl-glfw-3.3.2.jar to classpath.
[23:47:22] [main/DEBUG] (FabricLoader/Knot) Adding /home/andrew/.gradle/caches/modules-2/files-2.1/org.lwjgl/lwjgl-glfw/3.3.2/766bb0e8e829598b1c8052fd8173c62af741c52/lwjgl-glfw-3.3.2-natives-linux.jar to classpath.
[23:47:22] [main/DEBUG] (FabricLoader/Knot) Adding /home/andrew/.gradle/caches/modules-2/files-2.1/org.lwjgl/lwjgl-jemalloc/3.3.2/877e17e39ebcd58a9c956dc3b5b777813de0873a/lwjgl-jemalloc-3.3.2.jar to classpath.
[23:47:22] [main/DEBUG] (FabricLoader/Knot) Adding /home/andrew/.gradle/caches/modules-2/files-2.1/org.lwjgl/lwjgl-jemalloc/3.3.2/2bc33176cdfabf34a63df154b80914e8f433316b/lwjgl-jemalloc-3.3.2-natives-linux.jar to classpath.
[23:47:22] [main/DEBUG] (FabricLoader/Knot) Adding /home/andrew/.gradle/caches/modules-2/files-2.1/org.lwjgl/lwjgl-openal/3.3.2/ae5357ed6d934546d3533993ea84c0cfb75eed95/lwjgl-openal-3.3.2.jar to classpath.
[23:47:22] [main/DEBUG] (FabricLoader/Knot) Adding /home/andrew/.gradle/caches/modules-2/files-2.1/org.lwjgl/lwjgl-openal/3.3.2/650981780b8bbfb3ce43657b22ec8e77bfb1f37a/lwjgl-openal-3.3.2-natives-linux.jar to classpath.
[23:47:22] [main/DEBUG] (FabricLoader/Knot) Adding /home/andrew/.gradle/caches/modules-2/files-2.1/org.lwjgl/lwjgl-opengl/3.3.2/ee8e95be0b438602038bc1f02dc5e3d011b1b216/lwjgl-opengl-3.3.2.jar to classpath.
[23:47:22] [main/DEBUG] (FabricLoader/Knot) Adding /home/andrew/.gradle/caches/modules-2/files-2.1/org.lwjgl/lwjgl-opengl/3.3.2/b8368430ef0d91a5acbc6fbfa47b20c3ec083aec/lwjgl-opengl-3.3.2-natives-linux.jar to classpath.
[23:47:22] [main/DEBUG] (FabricLoader/Knot) Adding /home/andrew/.gradle/caches/modules-2/files-2.1/org.lwjgl/lwjgl-stb/3.3.2/a2550795014d622b686e9caac50b14baa87d2c70/lwjgl-stb-3.3.2.jar to classpath.
[23:47:22] [main/DEBUG] (FabricLoader/Knot) Adding /home/andrew/.gradle/caches/modules-2/files-2.1/org.lwjgl/lwjgl-stb/3.3.2/5c987f43b342d722b54970159040af76f1c87403/lwjgl-stb-3.3.2-natives-linux.jar to classpath.
[23:47:22] [main/DEBUG] (FabricLoader/Knot) Adding /home/andrew/.gradle/caches/modules-2/files-2.1/org.lwjgl/lwjgl-tinyfd/3.3.2/9f65c248dd77934105274fcf8351abb75b34327c/lwjgl-tinyfd-3.3.2.jar to classpath.
[23:47:22] [main/DEBUG] (FabricLoader/Knot) Adding /home/andrew/.gradle/caches/modules-2/files-2.1/org.lwjgl/lwjgl-tinyfd/3.3.2/5d27fc67172b3fcd8400d61a7cfb75da881f609/lwjgl-tinyfd-3.3.2-natives-linux.jar to classpath.
[23:47:22] [main/DEBUG] (FabricLoader/Knot) Adding /home/andrew/.gradle/caches/modules-2/files-2.1/org.lwjgl/lwjgl/3.3.2/4421d94af68e35dcaa31737a6fc59136a1e61b94/lwjgl-3.3.2.jar to classpath.
[23:47:22] [main/DEBUG] (FabricLoader/Knot) Adding /home/andrew/.gradle/caches/modules-2/files-2.1/org.lwjgl/lwjgl/3.3.2/767684973f259d97e7dc66a125eb153986f177e7/lwjgl-3.3.2-natives-linux.jar to classpath.
[23:47:22] [main/DEBUG] (FabricLoader/Knot) Adding /home/andrew/.gradle/caches/modules-2/files-2.1/blue.endless/jankson/1.2.0/3a596049034f2952c0b2d40ca41f9b98856d5fb4/jankson-1.2.0.jar to classpath.
[23:47:22] [main/DEBUG] (FabricLoader/Knot) Adding /home/andrew/.gradle/caches/modules-2/files-2.1/com.moandjiezana.toml/toml4j/0.7.2/a03337911d0bd2c40932aca3946edb30d0e7d0c/toml4j-0.7.2.jar to classpath.
[23:47:22] [main/DEBUG] (FabricLoader/Knot) Adding /home/andrew/.gradle/caches/modules-2/files-2.1/org.yaml/snakeyaml/1.27/359d62567480b07a679dc643f82fc926b100eed5/snakeyaml-1.27.jar to classpath.
[23:47:22] [main/DEBUG] (FabricLoader/Knot) Adding /home/andrew/IdeaProjects/weaponsexpanded-1.20.1/.gradle/loom-cache/remapped_mods/remapped/net/fabricmc/fabric-api/fabric-api-ceaf4ab3/0.92.11+1.20.1/fabric-api-ceaf4ab3-0.92.11+1.20.1.jar to classpath.
[23:47:22] [main/DEBUG] (FabricLoader/Knot) Adding /home/andrew/IdeaProjects/weaponsexpanded-1.20.1/.gradle/loom-cache/remapped_mods/remapped/net/fabricmc/fabric-api/fabric-transfer-api-v1-ceaf4ab3/3.3.6+8dd72ea377/fabric-transfer-api-v1-ceaf4ab3-3.3.6+8dd72ea377.jar to classpath.
[23:47:22] [main/DEBUG] (FabricLoader/Knot) Adding /home/andrew/IdeaProjects/weaponsexpanded-1.20.1/.gradle/loom-cache/remapped_mods/remapped/net/fabricmc/fabric-api/fabric-api-lookup-api-v1-ceaf4ab3/1.6.37+1802ada577/fabric-api-lookup-api-v1-ceaf4ab3-1.6.37+1802ada577.jar to classpath.
[23:47:22] [main/DEBUG] (FabricLoader/Knot) Adding /home/andrew/IdeaProjects/weaponsexpanded-1.20.1/.gradle/loom-cache/remapped_mods/remapped/net/fabricmc/fabric-api/fabric-blockrenderlayer-v1-ceaf4ab3/1.1.42+1802ada577/fabric-blockrenderlayer-v1-ceaf4ab3-1.1.42+1802ada577.jar to classpath.
[23:47:22] [main/DEBUG] (FabricLoader/Knot) Adding /home/andrew/IdeaProjects/weaponsexpanded-1.20.1/.gradle/loom-cache/remapped_mods/remapped/net/fabricmc/fabric-api/fabric-client-tags-api-v1-ceaf4ab3/1.2.0+238242b777/fabric-client-tags-api-v1-ceaf4ab3-1.2.0+238242b777.jar to classpath.
[23:47:22] [main/DEBUG] (FabricLoader/Knot) Adding /home/andrew/IdeaProjects/weaponsexpanded-1.20.1/.gradle/loom-cache/remapped_mods/remapped/net/fabricmc/fabric-api/fabric-command-api-v1-ceaf4ab3/1.2.35+f71b366f77/fabric-command-api-v1-ceaf4ab3-1.2.35+f71b366f77.jar to classpath.
[23:47:22] [main/DEBUG] (FabricLoader/Knot) Adding /home/andrew/IdeaProjects/weaponsexpanded-1.20.1/.gradle/loom-cache/remapped_mods/remapped/net/fabricmc/fabric-api/fabric-commands-v0-ceaf4ab3/0.2.52+df3654b377/fabric-commands-v0-ceaf4ab3-0.2.52+df3654b377.jar to classpath.
[23:47:22] [main/DEBUG] (FabricLoader/Knot) Adding /home/andrew/IdeaProjects/weaponsexpanded-1.20.1/.gradle/loom-cache/remapped_mods/remapped/net/fabricmc/fabric-api/fabric-command-api-v2-ceaf4ab3/2.2.14+1802ada577/fabric-command-api-v2-ceaf4ab3-2.2.14+1802ada577.jar to classpath.
[23:47:22] [main/DEBUG] (FabricLoader/Knot) Adding /home/andrew/IdeaProjects/weaponsexpanded-1.20.1/.gradle/loom-cache/remapped_mods/remapped/net/fabricmc/fabric-api/fabric-content-registries-v0-ceaf4ab3/4.0.13+1802ada577/fabric-content-registries-v0-ceaf4ab3-4.0.13+1802ada577.jar to classpath.
[23:47:22] [main/DEBUG] (FabricLoader/Knot) Adding /home/andrew/IdeaProjects/weaponsexpanded-1.20.1/.gradle/loom-cache/remapped_mods/remapped/net/fabricmc/fabric-api/fabric-convention-tags-v1-ceaf4ab3/1.5.6+1802ada577/fabric-convention-tags-v1-ceaf4ab3-1.5.6+1802ada577.jar to classpath.
[23:47:22] [main/DEBUG] (FabricLoader/Knot) Adding /home/andrew/IdeaProjects/weaponsexpanded-1.20.1/.gradle/loom-cache/remapped_mods/remapped/net/fabricmc/fabric-api/fabric-data-attachment-api-v1-ceaf4ab3/1.0.2+de0fd6d177/fabric-data-attachment-api-v1-ceaf4ab3-1.0.2+de0fd6d177.jar to classpath.
[23:47:22] [main/DEBUG] (FabricLoader/Knot) Adding /home/andrew/IdeaProjects/weaponsexpanded-1.20.1/.gradle/loom-cache/remapped_mods/remapped/net/fabricmc/fabric-api/fabric-data-generation-api-v1-ceaf4ab3/12.4.0+238242b777/fabric-data-generation-api-v1-ceaf4ab3-12.4.0+238242b777.jar to classpath.
[23:47:22] [main/DEBUG] (FabricLoader/Knot) Adding /home/andrew/IdeaProjects/weaponsexpanded-1.20.1/.gradle/loom-cache/remapped_mods/remapped/net/fabricmc/fabric-api/fabric-dimensions-v1-ceaf4ab3/2.1.55+1802ada577/fabric-dimensions-v1-ceaf4ab3-2.1.55+1802ada577.jar to classpath.
[23:47:22] [main/DEBUG] (FabricLoader/Knot) Adding /home/andrew/IdeaProjects/weaponsexpanded-1.20.1/.gradle/loom-cache/remapped_mods/remapped/net/fabricmc/fabric-api/fabric-entity-events-v1-ceaf4ab3/1.6.1+1c78457f77/fabric-entity-events-v1-ceaf4ab3-1.6.1+1c78457f77.jar to classpath.
[23:47:22] [main/DEBUG] (FabricLoader/Knot) Adding /home/andrew/IdeaProjects/weaponsexpanded-1.20.1/.gradle/loom-cache/remapped_mods/remapped/net/fabricmc/fabric-api/fabric-events-interaction-v0-ceaf4ab3/0.6.6+13a40c6677/fabric-events-interaction-v0-ceaf4ab3-0.6.6+13a40c6677.jar to classpath.
[23:47:22] [main/DEBUG] (FabricLoader/Knot) Adding /home/andrew/IdeaProjects/weaponsexpanded-1.20.1/.gradle/loom-cache/remapped_mods/remapped/net/fabricmc/fabric-api/fabric-gametest-api-v1-ceaf4ab3/1.2.15+1802ada577/fabric-gametest-api-v1-ceaf4ab3-1.2.15+1802ada577.jar to classpath.
[23:47:22] [main/DEBUG] (FabricLoader/Knot) Adding /home/andrew/IdeaProjects/weaponsexpanded-1.20.1/.gradle/loom-cache/remapped_mods/remapped/net/fabricmc/fabric-api/fabric-events-lifecycle-v0-ceaf4ab3/0.2.64+df3654b377/fabric-events-lifecycle-v0-ceaf4ab3-0.2.64+df3654b377.jar to classpath.
[23:47:22] [main/DEBUG] (FabricLoader/Knot) Adding /home/andrew/IdeaProjects/weaponsexpanded-1.20.1/.gradle/loom-cache/remapped_mods/remapped/net/fabricmc/fabric-api/fabric-item-api-v1-ceaf4ab3/2.1.29+1802ada577/fabric-item-api-v1-ceaf4ab3-2.1.29+1802ada577.jar to classpath.
[23:47:22] [main/DEBUG] (FabricLoader/Knot) Adding /home/andrew/IdeaProjects/weaponsexpanded-1.20.1/.gradle/loom-cache/remapped_mods/remapped/net/fabricmc/fabric-api/fabric-item-group-api-v1-ceaf4ab3/4.0.14+1802ada577/fabric-item-group-api-v1-ceaf4ab3-4.0.14+1802ada577.jar to classpath.
[23:47:22] [main/DEBUG] (FabricLoader/Knot) Adding /home/andrew/IdeaProjects/weaponsexpanded-1.20.1/.gradle/loom-cache/remapped_mods/remapped/net/fabricmc/fabric-api/fabric-mining-level-api-v1-ceaf4ab3/2.1.52+1802ada577/fabric-mining-level-api-v1-ceaf4ab3-2.1.52+1802ada577.jar to classpath.
[23:47:22] [main/DEBUG] (FabricLoader/Knot) Adding /home/andrew/IdeaProjects/weaponsexpanded-1.20.1/.gradle/loom-cache/remapped_mods/remapped/net/fabricmc/fabric-api/fabric-lifecycle-events-v1-ceaf4ab3/2.2.23+1802ada577/fabric-lifecycle-events-v1-ceaf4ab3-2.2.23+1802ada577.jar to classpath.
[23:47:22] [main/DEBUG] (FabricLoader/Knot) Adding /home/andrew/IdeaProjects/weaponsexpanded-1.20.1/.gradle/loom-cache/remapped_mods/remapped/net/fabricmc/fabric-api/fabric-loot-tables-v1-ceaf4ab3/1.1.47+9e7660c677/fabric-loot-tables-v1-ceaf4ab3-1.1.47+9e7660c677.jar to classpath.
[23:47:22] [main/DEBUG] (FabricLoader/Knot) Adding /home/andrew/IdeaProjects/weaponsexpanded-1.20.1/.gradle/loom-cache/remapped_mods/remapped/net/fabricmc/fabric-api/fabric-loot-api-v2-ceaf4ab3/1.2.3+1802ada577/fabric-loot-api-v2-ceaf4ab3-1.2.3+1802ada577.jar to classpath.
[23:47:22] [main/DEBUG] (FabricLoader/Knot) Adding /home/andrew/IdeaProjects/weaponsexpanded-1.20.1/.gradle/loom-cache/remapped_mods/remapped/net/fabricmc/fabric-api/fabric-message-api-v1-ceaf4ab3/5.1.10+1802ada577/fabric-message-api-v1-ceaf4ab3-5.1.10+1802ada577.jar to classpath.
[23:47:22] [main/DEBUG] (FabricLoader/Knot) Adding /home/andrew/IdeaProjects/weaponsexpanded-1.20.1/.gradle/loom-cache/remapped_mods/remapped/net/fabricmc/fabric-api/fabric-models-v0-ceaf4ab3/0.4.3+9386d8a777/fabric-models-v0-ceaf4ab3-0.4.3+9386d8a777.jar to classpath.
[23:47:22] [main/DEBUG] (FabricLoader/Knot) Adding /home/andrew/IdeaProjects/weaponsexpanded-1.20.1/.gradle/loom-cache/remapped_mods/remapped/net/fabricmc/fabric-api/fabric-model-loading-api-v1-ceaf4ab3/1.0.4+1802ada577/fabric-model-loading-api-v1-ceaf4ab3-1.0.4+1802ada577.jar to classpath.
[23:47:22] [main/DEBUG] (FabricLoader/Knot) Adding /home/andrew/IdeaProjects/weaponsexpanded-1.20.1/.gradle/loom-cache/remapped_mods/remapped/net/fabricmc/fabric-api/fabric-recipe-api-v1-ceaf4ab3/1.0.25+1802ada577/fabric-recipe-api-v1-ceaf4ab3-1.0.25+1802ada577.jar to classpath.
[23:47:22] [main/DEBUG] (FabricLoader/Knot) Adding /home/andrew/IdeaProjects/weaponsexpanded-1.20.1/.gradle/loom-cache/remapped_mods/remapped/net/fabricmc/fabric-api/fabric-registry-sync-v0-ceaf4ab3/2.4.1+4c0a70e677/fabric-registry-sync-v0-ceaf4ab3-2.4.1+4c0a70e677.jar to classpath.
[23:47:22] [main/DEBUG] (FabricLoader/Knot) Adding /home/andrew/IdeaProjects/weaponsexpanded-1.20.1/.gradle/loom-cache/remapped_mods/remapped/net/fabricmc/fabric-api/fabric-screen-handler-api-v1-ceaf4ab3/1.3.34+1802ada577/fabric-screen-handler-api-v1-ceaf4ab3-1.3.34+1802ada577.jar to classpath.
[23:47:22] [main/DEBUG] (FabricLoader/Knot) Adding /home/andrew/IdeaProjects/weaponsexpanded-1.20.1/.gradle/loom-cache/remapped_mods/remapped/net/fabricmc/fabric-api/fabric-containers-v0-ceaf4ab3/0.1.68+df3654b377/fabric-containers-v0-ceaf4ab3-0.1.68+df3654b377.jar to classpath.
[23:47:22] [main/DEBUG] (FabricLoader/Knot) Adding /home/andrew/IdeaProjects/weaponsexpanded-1.20.1/.gradle/loom-cache/remapped_mods/remapped/net/fabricmc/fabric-api/fabric-networking-v0-ceaf4ab3/0.3.55+df3654b377/fabric-networking-v0-ceaf4ab3-0.3.55+df3654b377.jar to classpath.
[23:47:22] [main/DEBUG] (FabricLoader/Knot) Adding /home/andrew/IdeaProjects/weaponsexpanded-1.20.1/.gradle/loom-cache/remapped_mods/remapped/net/fabricmc/fabric-api/fabric-networking-api-v1-ceaf4ab3/1.3.15+0caff8d077/fabric-networking-api-v1-ceaf4ab3-1.3.15+0caff8d077.jar to classpath.
[23:47:22] [main/DEBUG] (FabricLoader/Knot) Adding /home/andrew/IdeaProjects/weaponsexpanded-1.20.1/.gradle/loom-cache/remapped_mods/remapped/net/fabricmc/fabric-api/fabric-object-builder-api-v1-ceaf4ab3/11.1.5+e35120df77/fabric-object-builder-api-v1-ceaf4ab3-11.1.5+e35120df77.jar to classpath.
[23:47:22] [main/DEBUG] (FabricLoader/Knot) Adding /home/andrew/IdeaProjects/weaponsexpanded-1.20.1/.gradle/loom-cache/remapped_mods/remapped/net/fabricmc/fabric-api/fabric-particles-v1-ceaf4ab3/1.1.3+1802ada577/fabric-particles-v1-ceaf4ab3-1.1.3+1802ada577.jar to classpath.
[23:47:22] [main/DEBUG] (FabricLoader/Knot) Adding /home/andrew/IdeaProjects/weaponsexpanded-1.20.1/.gradle/loom-cache/remapped_mods/remapped/net/fabricmc/fabric-api/fabric-renderer-indigo-ceaf4ab3/1.5.3+85287f9f77/fabric-renderer-indigo-ceaf4ab3-1.5.3+85287f9f77.jar to classpath.
[23:47:22] [main/DEBUG] (FabricLoader/Knot) Adding /home/andrew/IdeaProjects/weaponsexpanded-1.20.1/.gradle/loom-cache/remapped_mods/remapped/net/fabricmc/fabric-api/fabric-renderer-api-v1-ceaf4ab3/3.2.2+1802ada577/fabric-renderer-api-v1-ceaf4ab3-3.2.2+1802ada577.jar to classpath.
[23:47:22] [main/DEBUG] (FabricLoader/Knot) Adding /home/andrew/IdeaProjects/weaponsexpanded-1.20.1/.gradle/loom-cache/remapped_mods/remapped/net/fabricmc/fabric-api/fabric-rendering-fluids-v1-ceaf4ab3/3.0.29+1802ada577/fabric-rendering-fluids-v1-ceaf4ab3-3.0.29+1802ada577.jar to classpath.
[23:47:22] [main/DEBUG] (FabricLoader/Knot) Adding /home/andrew/IdeaProjects/weaponsexpanded-1.20.1/.gradle/loom-cache/remapped_mods/remapped/net/fabricmc/fabric-api/fabric-renderer-registries-v1-ceaf4ab3/3.2.47+df3654b377/fabric-renderer-registries-v1-ceaf4ab3-3.2.47+df3654b377.jar to classpath.
[23:47:22] [main/DEBUG] (FabricLoader/Knot) Adding /home/andrew/IdeaProjects/weaponsexpanded-1.20.1/.gradle/loom-cache/remapped_mods/remapped/net/fabricmc/fabric-api/fabric-rendering-v0-ceaf4ab3/1.1.50+df3654b377/fabric-rendering-v0-ceaf4ab3-1.1.50+df3654b377.jar to classpath.
[23:47:22] [main/DEBUG] (FabricLoader/Knot) Adding /home/andrew/IdeaProjects/weaponsexpanded-1.20.1/.gradle/loom-cache/remapped_mods/remapped/net/fabricmc/fabric-api/fabric-rendering-v1-ceaf4ab3/3.0.9+1802ada577/fabric-rendering-v1-ceaf4ab3-3.0.9+1802ada577.jar to classpath.
[23:47:22] [main/DEBUG] (FabricLoader/Knot) Adding /home/andrew/IdeaProjects/weaponsexpanded-1.20.1/.gradle/loom-cache/remapped_mods/remapped/net/fabricmc/fabric-api/fabric-screen-api-v1-ceaf4ab3/2.0.9+1802ada577/fabric-screen-api-v1-ceaf4ab3-2.0.9+1802ada577.jar to classpath.
[23:47:22] [main/DEBUG] (FabricLoader/Knot) Adding /home/andrew/IdeaProjects/weaponsexpanded-1.20.1/.gradle/loom-cache/remapped_mods/remapped/net/fabricmc/fabric-api/fabric-tag-api-v1-ceaf4ab3/1.3.0+238242b777/fabric-tag-api-v1-ceaf4ab3-1.3.0+238242b777.jar to classpath.
[23:47:22] [main/DEBUG] (FabricLoader/Knot) Adding /home/andrew/IdeaProjects/weaponsexpanded-1.20.1/.gradle/loom-cache/remapped_mods/remapped/net/fabricmc/fabric-api/fabric-api-base-ceaf4ab3/0.4.32+1802ada577/fabric-api-base-ceaf4ab3-0.4.32+1802ada577.jar to classpath.
[23:47:22] [main/DEBUG] (FabricLoader/Knot) Adding /home/andrew/IdeaProjects/weaponsexpanded-1.20.1/.gradle/loom-cache/remapped_mods/remapped/net/fabricmc/fabric-api/fabric-biome-api-v1-ceaf4ab3/13.0.15+93aa238b77/fabric-biome-api-v1-ceaf4ab3-13.0.15+93aa238b77.jar to classpath.
[23:47:22] [main/DEBUG] (FabricLoader/Knot) Adding /home/andrew/IdeaProjects/weaponsexpanded-1.20.1/.gradle/loom-cache/remapped_mods/remapped/net/fabricmc/fabric-api/fabric-block-api-v1-ceaf4ab3/1.0.12+1802ada577/fabric-block-api-v1-ceaf4ab3-1.0.12+1802ada577.jar to classpath.
[23:47:22] [main/DEBUG] (FabricLoader/Knot) Adding /home/andrew/IdeaProjects/weaponsexpanded-1.20.1/.gradle/loom-cache/remapped_mods/remapped/net/fabricmc/fabric-api/fabric-rendering-data-attachment-v1-ceaf4ab3/0.3.39+92a0d36777/fabric-rendering-data-attachment-v1-ceaf4ab3-0.3.39+92a0d36777.jar to classpath.
[23:47:22] [main/DEBUG] (FabricLoader/Knot) Adding /home/andrew/IdeaProjects/weaponsexpanded-1.20.1/.gradle/loom-cache/remapped_mods/remapped/net/fabricmc/fabric-api/fabric-block-view-api-v2-ceaf4ab3/1.0.3+924f046a77/fabric-block-view-api-v2-ceaf4ab3-1.0.3+924f046a77.jar to classpath.
[23:47:22] [main/DEBUG] (FabricLoader/Knot) Adding /home/andrew/IdeaProjects/weaponsexpanded-1.20.1/.gradle/loom-cache/remapped_mods/remapped/net/fabricmc/fabric-api/fabric-crash-report-info-v1-ceaf4ab3/0.2.20+1802ada577/fabric-crash-report-info-v1-ceaf4ab3-0.2.20+1802ada577.jar to classpath.
[23:47:22] [main/DEBUG] (FabricLoader/Knot) Adding /home/andrew/IdeaProjects/weaponsexpanded-1.20.1/.gradle/loom-cache/remapped_mods/remapped/net/fabricmc/fabric-api/fabric-game-rule-api-v1-ceaf4ab3/1.0.41+1802ada577/fabric-game-rule-api-v1-ceaf4ab3-1.0.41+1802ada577.jar to classpath.
[23:47:22] [main/DEBUG] (FabricLoader/Knot) Adding /home/andrew/IdeaProjects/weaponsexpanded-1.20.1/.gradle/loom-cache/remapped_mods/remapped/net/fabricmc/fabric-api/fabric-keybindings-v0-ceaf4ab3/0.2.36+df3654b377/fabric-keybindings-v0-ceaf4ab3-0.2.36+df3654b377.jar to classpath.
[23:47:22] [main/DEBUG] (FabricLoader/Knot) Adding /home/andrew/IdeaProjects/weaponsexpanded-1.20.1/.gradle/loom-cache/remapped_mods/remapped/net/fabricmc/fabric-api/fabric-key-binding-api-v1-ceaf4ab3/1.0.38+1802ada577/fabric-key-binding-api-v1-ceaf4ab3-1.0.38+1802ada577.jar to classpath.
[23:47:22] [main/DEBUG] (FabricLoader/Knot) Adding /home/andrew/IdeaProjects/weaponsexpanded-1.20.1/.gradle/loom-cache/remapped_mods/remapped/net/fabricmc/fabric-api/fabric-resource-conditions-api-v1-ceaf4ab3/2.3.9+1802ada577/fabric-resource-conditions-api-v1-ceaf4ab3-2.3.9+1802ada577.jar to classpath.
[23:47:22] [main/DEBUG] (FabricLoader/Knot) Adding /home/andrew/IdeaProjects/weaponsexpanded-1.20.1/.gradle/loom-cache/remapped_mods/remapped/net/fabricmc/fabric-api/fabric-resource-loader-v0-ceaf4ab3/0.11.12+fb82e9d777/fabric-resource-loader-v0-ceaf4ab3-0.11.12+fb82e9d777.jar to classpath.
[23:47:22] [main/DEBUG] (FabricLoader/Knot) Adding /home/andrew/IdeaProjects/weaponsexpanded-1.20.1/.gradle/loom-cache/remapped_mods/remapped/net/fabricmc/fabric-api/fabric-sound-api-v1-ceaf4ab3/1.0.14+1802ada577/fabric-sound-api-v1-ceaf4ab3-1.0.14+1802ada577.jar to classpath.
[23:47:22] [main/DEBUG] (FabricLoader/Knot) Adding /home/andrew/IdeaProjects/weaponsexpanded-1.20.1/.gradle/loom-cache/remapped_mods/remapped/net/fabricmc/fabric-api/fabric-transitive-access-wideners-v1-ceaf4ab3/4.3.2+1802ada577/fabric-transitive-access-wideners-v1-ceaf4ab3-4.3.2+1802ada577.jar to classpath.
[23:47:22] [main/DEBUG] (FabricLoader/Knot) Adding /home/andrew/IdeaProjects/weaponsexpanded-1.20.1/.gradle/loom-cache/remapped_mods/remapped/me/shedaniel/cloth/cloth-config-fabric-ceaf4ab3/11.1.136/cloth-config-fabric-ceaf4ab3-11.1.136.jar to classpath.
[23:47:22] [main/DEBUG] (FabricLoader/Knot) Adding /home/andrew/IdeaProjects/weaponsexpanded-1.20.1/.gradle/loom-cache/remapped_mods/remapped/me/shedaniel/cloth/basic-math-ceaf4ab3/0.6.1/basic-math-ceaf4ab3-0.6.1.jar to classpath.
[23:47:22] [main/DEBUG] (FabricLoader/Knot) Adding /home/andrew/IdeaProjects/weaponsexpanded-1.20.1/.gradle/loom-cache/remapped_mods/remapped/com/terraformersmc/modmenu-ceaf4ab3/7.2.2/modmenu-ceaf4ab3-7.2.2.jar to classpath.
[23:47:22] [main/DEBUG] (FabricLoader/Entrypoint) No subscribers for entrypoint 'preLaunch'
[23:47:22] [main/DEBUG] (FabricLoader/Mixin) Preparing mixins for MixinEnvironment[DEFAULT]
[23:47:22] [main/DEBUG] (FabricLoader/Mixin) Selecting config fabric-renderer-indigo.mixins.json
[23:47:22] [main/DEBUG] (FabricLoader/Mixin) Remapping refMap client-fabric-renderer-indigo-refmap.json using remapper chain
[23:47:22] [main/DEBUG] (FabricLoader/Mixin) Selecting config fabric-particles-v1.client.mixins.json
[23:47:22] [main/DEBUG] (FabricLoader/Mixin) Remapping refMap client-fabric-particles-v1-refmap.json using remapper chain
[23:47:22] [main/DEBUG] (FabricLoader/Mixin) Selecting config weaponsexpanded.mixins.json
[23:47:22] [main/DEBUG] (FabricLoader/Mixin) Selecting config fabric-transfer-api-v1.mixins.json
[23:47:22] [main/DEBUG] (FabricLoader/Mixin) Remapping refMap fabric-transfer-api-v1-refmap.json using remapper chain
[23:47:22] [main/DEBUG] (FabricLoader/Mixin) Selecting config fabric-registry-sync-v0.mixins.json
[23:47:22] [main/DEBUG] (FabricLoader/Mixin) Remapping refMap fabric-registry-sync-v0-refmap.json using remapper chain
[23:47:22] [main/DEBUG] (FabricLoader/Mixin) Selecting config fabric-registry-sync-v0.client.mixins.json
[23:47:22] [main/DEBUG] (FabricLoader/Mixin) Remapping refMap client-fabric-registry-sync-v0-refmap.json using remapper chain
[23:47:22] [main/DEBUG] (FabricLoader/Mixin) Selecting config fabric-recipe-api-v1.mixins.json
[23:47:22] [main/DEBUG] (FabricLoader/Mixin) Remapping refMap fabric-recipe-api-v1-refmap.json using remapper chain
[23:47:22] [main/DEBUG] (FabricLoader/Mixin) Selecting config fabric-item-api-v1.mixins.json
[23:47:22] [main/DEBUG] (FabricLoader/Mixin) Remapping refMap fabric-item-api-v1-refmap.json using remapper chain
[23:47:22] [main/DEBUG] (FabricLoader/Mixin) Selecting config fabric-item-api-v1.client.mixins.json
[23:47:22] [main/DEBUG] (FabricLoader/Mixin) Remapping refMap client-fabric-item-api-v1-refmap.json using remapper chain
[23:47:22] [main/DEBUG] (FabricLoader/Mixin) Selecting config fabric-screen-handler-api-v1.mixins.json
[23:47:22] [main/DEBUG] (FabricLoader/Mixin) Remapping refMap fabric-screen-handler-api-v1-refmap.json using remapper chain
[23:47:22] [main/DEBUG] (FabricLoader/Mixin) Selecting config fabric-blockrenderlayer-v1.mixins.json
[23:47:22] [main/DEBUG] (FabricLoader/Mixin) Remapping refMap client-fabric-blockrenderlayer-v1-refmap.json using remapper chain
[23:47:22] [main/DEBUG] (FabricLoader/Mixin) Selecting config fabric-dimensions-v1.mixins.json
[23:47:22] [main/DEBUG] (FabricLoader/Mixin) Remapping refMap fabric-dimensions-v1-refmap.json using remapper chain
[23:47:22] [main/DEBUG] (FabricLoader/Mixin) Selecting config fabric-rendering-fluids-v1.mixins.json
[23:47:22] [main/DEBUG] (FabricLoader/Mixin) Remapping refMap client-fabric-rendering-fluids-v1-refmap.json using remapper chain
[23:47:22] [main/DEBUG] (FabricLoader/Mixin) Selecting config fabric-resource-loader-v0.mixins.json
[23:47:22] [main/DEBUG] (FabricLoader/Mixin) Remapping refMap fabric-resource-loader-v0-refmap.json using remapper chain
[23:47:22] [main/DEBUG] (FabricLoader/Mixin) Selecting config fabric-resource-loader-v0.client.mixins.json
[23:47:22] [main/DEBUG] (FabricLoader/Mixin) Remapping refMap client-fabric-resource-loader-v0-refmap.json using remapper chain
[23:47:22] [main/DEBUG] (FabricLoader/Mixin) Selecting config fabric-command-api-v2.mixins.json
[23:47:22] [main/DEBUG] (FabricLoader/Mixin) Remapping refMap fabric-command-api-v2-refmap.json using remapper chain
[23:47:22] [main/DEBUG] (FabricLoader/Mixin) Selecting config fabric-command-api-v2.client.mixins.json
[23:47:22] [main/DEBUG] (FabricLoader/Mixin) Remapping refMap client-fabric-command-api-v2-refmap.json using remapper chain
[23:47:22] [main/DEBUG] (FabricLoader/Mixin) Selecting config fabric-rendering-data-attachment-v1.mixins.json
[23:47:22] [main/DEBUG] (FabricLoader/Mixin) Remapping refMap fabric-rendering-data-attachment-v1-refmap.json using remapper chain
[23:47:22] [main/DEBUG] (FabricLoader/Mixin) Selecting config fabric-rendering-data-attachment-v1.client.mixins.json
[23:47:22] [main/DEBUG] (FabricLoader/Mixin) Remapping refMap client-fabric-rendering-data-attachment-v1-refmap.json using remapper chain
[23:47:22] [main/DEBUG] (FabricLoader/Mixin) Selecting config fabric-model-loading-api-v1.mixins.json
[23:47:22] [main/DEBUG] (FabricLoader/Mixin) Remapping refMap client-fabric-model-loading-api-v1-refmap.json using remapper chain
[23:47:22] [main/DEBUG] (FabricLoader/Mixin) Selecting config fabric-message-api-v1.mixins.json
[23:47:22] [main/DEBUG] (FabricLoader/Mixin) Remapping refMap fabric-message-api-v1-refmap.json using remapper chain
[23:47:22] [main/DEBUG] (FabricLoader/Mixin) Selecting config fabric-message-api-v1.client.mixins.json
[23:47:22] [main/DEBUG] (FabricLoader/Mixin) Remapping refMap client-fabric-message-api-v1-refmap.json using remapper chain
[23:47:22] [main/DEBUG] (FabricLoader/Mixin) Selecting config fabric-object-builder-v1.mixins.json
[23:47:22] [main/DEBUG] (FabricLoader/Mixin) Remapping refMap fabric-object-builder-api-v1-refmap.json using remapper chain
[23:47:22] [main/DEBUG] (FabricLoader/Mixin) Selecting config fabric-object-builder-v1.client.mixins.json
[23:47:22] [main/DEBUG] (FabricLoader/Mixin) Remapping refMap client-fabric-object-builder-api-v1-refmap.json using remapper chain
[23:47:22] [main/DEBUG] (FabricLoader/Mixin) Selecting config fabric-screen-api-v1.mixins.json
[23:47:22] [main/DEBUG] (FabricLoader/Mixin) Remapping refMap client-fabric-screen-api-v1-refmap.json using remapper chain
[23:47:22] [main/DEBUG] (FabricLoader/Mixin) Selecting config fabric-events-interaction-v0.mixins.json
[23:47:22] [main/DEBUG] (FabricLoader/Mixin) Remapping refMap fabric-events-interaction-v0-refmap.json using remapper chain
[23:47:22] [main/DEBUG] (FabricLoader/Mixin) Selecting config fabric-events-interaction-v0.client.mixins.json
[23:47:22] [main/DEBUG] (FabricLoader/Mixin) Remapping refMap client-fabric-events-interaction-v0-refmap.json using remapper chain
[23:47:22] [main/DEBUG] (FabricLoader/Mixin) Selecting config fabric-block-api-v1.mixins.json
[23:47:22] [main/DEBUG] (FabricLoader/Mixin) Remapping refMap fabric-block-api-v1-refmap.json using remapper chain
[23:47:22] [main/DEBUG] (FabricLoader/Mixin) Selecting config fabric-mining-level-api-v1.mixins.json
[23:47:22] [main/DEBUG] (FabricLoader/Mixin) Remapping refMap fabric-mining-level-api-v1-refmap.json using remapper chain
[23:47:22] [main/DEBUG] (FabricLoader/Mixin) Selecting config fabric-networking-api-v1.mixins.json
[23:47:22] [main/DEBUG] (FabricLoader/Mixin) Remapping refMap fabric-networking-api-v1-refmap.json using remapper chain
[23:47:22] [main/DEBUG] (FabricLoader/Mixin) Selecting config fabric-networking-api-v1.client.mixins.json
[23:47:22] [main/DEBUG] (FabricLoader/Mixin) Remapping refMap client-fabric-networking-api-v1-refmap.json using remapper chain
[23:47:22] [main/DEBUG] (FabricLoader/Mixin) Selecting config fabric-loot-tables-v1.mixins.json
[23:47:22] [main/DEBUG] (FabricLoader/Mixin) Remapping refMap fabric-loot-tables-v1-refmap.json using remapper chain
[23:47:22] [main/DEBUG] (FabricLoader/Mixin) Selecting config fabric-block-view-api-v2.mixins.json
[23:47:22] [main/DEBUG] (FabricLoader/Mixin) Remapping refMap fabric-block-view-api-v2-refmap.json using remapper chain
[23:47:22] [main/DEBUG] (FabricLoader/Mixin) Selecting config fabric-block-view-api-v2.client.mixins.json
[23:47:22] [main/DEBUG] (FabricLoader/Mixin) Remapping refMap client-fabric-block-view-api-v2-refmap.json using remapper chain
[23:47:22] [main/DEBUG] (FabricLoader/Mixin) Selecting config fabric-containers-v0.mixins.json
[23:47:22] [main/DEBUG] (FabricLoader/Mixin) Remapping refMap fabric-containers-v0-refmap.json using remapper chain
[23:47:22] [main/DEBUG] (FabricLoader/Mixin) Selecting config fabric-containers-v0.accurate.mixins.json
[23:47:22] [main/DEBUG] (FabricLoader/Mixin) Remapping refMap fabric-containers-v0-refmap.json using remapper chain
[23:47:22] [main/DEBUG] (FabricLoader/Mixin) Selecting config mixinextras.init.mixins.json
[23:47:22] [main/DEBUG] (FabricLoader/MixinExtras|Service) com.llamalad7.mixinextras.service.MixinExtrasServiceImpl(version=0.5.4) is taking over from null
[23:47:22] [main/DEBUG] (FabricLoader/Mixin) Registering new injector for @Inject with org.spongepowered.asm.mixin.injection.struct.CallbackInjectionInfo
[23:47:22] [main/DEBUG] (FabricLoader/Mixin) Registering new injector for @ModifyArg with org.spongepowered.asm.mixin.injection.struct.ModifyArgInjectionInfo
[23:47:22] [main/DEBUG] (FabricLoader/Mixin) Registering new injector for @ModifyArgs with org.spongepowered.asm.mixin.injection.struct.ModifyArgsInjectionInfo
[23:47:22] [main/DEBUG] (FabricLoader/Mixin) Registering new injector for @Redirect with org.spongepowered.asm.mixin.injection.struct.RedirectInjectionInfo
[23:47:22] [main/DEBUG] (FabricLoader/Mixin) Registering new injector for @ModifyVariable with org.spongepowered.asm.mixin.injection.struct.ModifyVariableInjectionInfo
[23:47:22] [main/DEBUG] (FabricLoader/Mixin) Registering new injector for @ModifyConstant with org.spongepowered.asm.mixin.injection.struct.ModifyConstantInjectionInfo
[23:47:22] [main/DEBUG] (FabricLoader/Mixin) Selecting config fabric-sound-api-v1.mixins.json
[23:47:22] [main/DEBUG] (FabricLoader/Mixin) Remapping refMap client-fabric-sound-api-v1-refmap.json using remapper chain
[23:47:22] [main/DEBUG] (FabricLoader/Mixin) Selecting config fabric-key-binding-api-v1.mixins.json
[23:47:22] [main/DEBUG] (FabricLoader/Mixin) Remapping refMap client-fabric-key-binding-api-v1-refmap.json using remapper chain
[23:47:22] [main/DEBUG] (FabricLoader/Mixin) Selecting config fabric-tag-api-v1.mixins.json
[23:47:22] [main/DEBUG] (FabricLoader/Mixin) Remapping refMap fabric-tag-api-v1-refmap.json using remapper chain
[23:47:22] [main/DEBUG] (FabricLoader/Mixin) Selecting config fabric-loot-api-v2.mixins.json
[23:47:22] [main/DEBUG] (FabricLoader/Mixin) Remapping refMap fabric-loot-api-v2-refmap.json using remapper chain
[23:47:22] [main/DEBUG] (FabricLoader/Mixin) Selecting config fabric-data-generation-api-v1.mixins.json
[23:47:22] [main/DEBUG] (FabricLoader/Mixin) Remapping refMap fabric-data-generation-api-v1-refmap.json using remapper chain
[23:47:22] [main/DEBUG] (FabricLoader/Mixin) Selecting config fabric-data-generation-api-v1.client.mixins.json
[23:47:22] [main/DEBUG] (FabricLoader/Mixin) Remapping refMap client-fabric-data-generation-api-v1-refmap.json using remapper chain
[23:47:22] [main/DEBUG] (FabricLoader/Mixin) Selecting config fabric-api-lookup-api-v1.mixins.json
[23:47:22] [main/DEBUG] (FabricLoader/Mixin) Remapping refMap fabric-api-lookup-api-v1-refmap.json using remapper chain
[23:47:22] [main/DEBUG] (FabricLoader/Mixin) Selecting config fabric-content-registries-v0.mixins.json
[23:47:22] [main/DEBUG] (FabricLoader/Mixin) Remapping refMap fabric-content-registries-v0-refmap.json using remapper chain
[23:47:22] [main/DEBUG] (FabricLoader/Mixin) Selecting config fabric-biome-api-v1.mixins.json
[23:47:22] [main/DEBUG] (FabricLoader/Mixin) Remapping refMap fabric-biome-api-v1-refmap.json using remapper chain
[23:47:22] [main/DEBUG] (FabricLoader/Mixin) Selecting config fabric-renderer-api-v1.mixins.json
[23:47:22] [main/DEBUG] (FabricLoader/Mixin) Remapping refMap client-fabric-renderer-api-v1-refmap.json using remapper chain
[23:47:22] [main/DEBUG] (FabricLoader/Mixin) Selecting config fabric-renderer-api-v1.debughud.mixins.json
[23:47:22] [main/DEBUG] (FabricLoader/Mixin) Remapping refMap client-fabric-renderer-api-v1-refmap.json using remapper chain
[23:47:22] [main/DEBUG] (FabricLoader/Mixin) Selecting config fabric-lifecycle-events-v1.mixins.json
[23:47:22] [main/DEBUG] (FabricLoader/Mixin) Remapping refMap fabric-lifecycle-events-v1-refmap.json using remapper chain
[23:47:22] [main/DEBUG] (FabricLoader/Mixin) Selecting config fabric-lifecycle-events-v1.client.mixins.json
[23:47:22] [main/DEBUG] (FabricLoader/Mixin) Remapping refMap client-fabric-lifecycle-events-v1-refmap.json using remapper chain
[23:47:22] [main/DEBUG] (FabricLoader/Mixin) Selecting config fabric-item-group-api-v1.mixins.json
[23:47:22] [main/DEBUG] (FabricLoader/Mixin) Remapping refMap fabric-item-group-api-v1-refmap.json using remapper chain
[23:47:22] [main/DEBUG] (FabricLoader/Mixin) Selecting config fabric-item-group-api-v1.client.mixins.json
[23:47:22] [main/DEBUG] (FabricLoader/Mixin) Remapping refMap client-fabric-item-group-api-v1-refmap.json using remapper chain
[23:47:22] [main/DEBUG] (FabricLoader/Mixin) Selecting config fabric-resource-conditions-api-v1.mixins.json
[23:47:22] [main/DEBUG] (FabricLoader/Mixin) Remapping refMap fabric-resource-conditions-api-v1-refmap.json using remapper chain
[23:47:22] [main/DEBUG] (FabricLoader/Mixin) Selecting config fabric-gametest-api-v1.mixins.json
[23:47:22] [main/DEBUG] (FabricLoader/Mixin) Remapping refMap fabric-gametest-api-v1-refmap.json using remapper chain
[23:47:22] [main/DEBUG] (FabricLoader/Mixin) Selecting config fabric-crash-report-info-v1.mixins.json
[23:47:22] [main/DEBUG] (FabricLoader/Mixin) Remapping refMap fabric-crash-report-info-v1-refmap.json using remapper chain
[23:47:22] [main/DEBUG] (FabricLoader/Mixin) Selecting config fabric-data-attachment-api-v1.mixins.json
[23:47:22] [main/DEBUG] (FabricLoader/Mixin) Remapping refMap fabric-data-attachment-api-v1-refmap.json using remapper chain
[23:47:22] [main/DEBUG] (FabricLoader/Mixin) Selecting config fabric-data-attachment-api-v1.client.mixins.json
[23:47:22] [main/DEBUG] (FabricLoader/Mixin) Remapping refMap client-fabric-data-attachment-api-v1-refmap.json using remapper chain
[23:47:22] [main/DEBUG] (FabricLoader/Mixin) Selecting config mixins.modmenu.json
[23:47:22] [main/DEBUG] (FabricLoader/Mixin) Remapping refMap modmenu-refmap.json using remapper chain
[23:47:22] [main/DEBUG] (FabricLoader/Mixin) Selecting config fabric-entity-events-v1.mixins.json
[23:47:22] [main/DEBUG] (FabricLoader/Mixin) Remapping refMap fabric-entity-events-v1-refmap.json using remapper chain
[23:47:22] [main/DEBUG] (FabricLoader/Mixin) Selecting config fabric-entity-events-v1.client.mixins.json
[23:47:22] [main/DEBUG] (FabricLoader/Mixin) Remapping refMap client-fabric-entity-events-v1-refmap.json using remapper chain
[23:47:22] [main/DEBUG] (FabricLoader/Mixin) Selecting config fabric-rendering-v1.mixins.json
[23:47:22] [main/DEBUG] (FabricLoader/Mixin) Remapping refMap client-fabric-rendering-v1-refmap.json using remapper chain
[23:47:22] [main/DEBUG] (FabricLoader/Mixin) Selecting config fabric-game-rule-api-v1.mixins.json
[23:47:22] [main/DEBUG] (FabricLoader/Mixin) Remapping refMap fabric-game-rule-api-v1-refmap.json using remapper chain
[23:47:22] [main/DEBUG] (FabricLoader/Mixin) Selecting config fabric-game-rule-api-v1.client.mixins.json
[23:47:22] [main/DEBUG] (FabricLoader/Mixin) Remapping refMap client-fabric-game-rule-api-v1-refmap.json using remapper chain
[23:47:22] [main/DEBUG] (FabricLoader/Mixin) Preparing fabric-renderer-indigo.mixins.json (5)
[23:47:22] [main/DEBUG] (FabricLoader/Mixin) Preparing fabric-particles-v1.client.mixins.json (4)
[23:47:22] [main/DEBUG] (FabricLoader/Mixin) Preparing weaponsexpanded.mixins.json (34)
[23:47:22] [main/DEBUG] (FabricLoader/Mixin) Preparing fabric-transfer-api-v1.mixins.json (12)
[23:47:22] [main/DEBUG] (FabricLoader/Mixin) Preparing fabric-registry-sync-v0.mixins.json (15)
[23:47:22] [main/DEBUG] (FabricLoader/Mixin) Preparing fabric-registry-sync-v0.client.mixins.json (5)
[23:47:22] [main/DEBUG] (FabricLoader/Mixin) Preparing fabric-recipe-api-v1.mixins.json (3)
[23:47:22] [main/DEBUG] (FabricLoader/Mixin) Preparing fabric-item-api-v1.mixins.json (7)
[23:47:22] [main/DEBUG] (FabricLoader/Mixin) Preparing fabric-item-api-v1.client.mixins.json (3)
[23:47:22] [main/DEBUG] (FabricLoader/Mixin) Preparing fabric-screen-handler-api-v1.mixins.json (2)
[23:47:22] [main/DEBUG] (FabricLoader/Mixin) Preparing fabric-blockrenderlayer-v1.mixins.json (1)
[23:47:22] [main/DEBUG] (FabricLoader/Mixin) Preparing fabric-dimensions-v1.mixins.json (5)
[23:47:22] [main/DEBUG] (FabricLoader/Mixin) Preparing fabric-rendering-fluids-v1.mixins.json (1)
[23:47:22] [main/DEBUG] (FabricLoader/Mixin) Preparing fabric-resource-loader-v0.mixins.json (12)
[23:47:22] [main/DEBUG] (FabricLoader/Mixin) Preparing fabric-resource-loader-v0.client.mixins.json (6)
[23:47:22] [main/DEBUG] (FabricLoader/Mixin) Preparing fabric-command-api-v2.mixins.json (5)
[23:47:22] [main/DEBUG] (FabricLoader/Mixin) Preparing fabric-command-api-v2.client.mixins.json (2)
[23:47:22] [main/DEBUG] (FabricLoader/Mixin) Preparing fabric-rendering-data-attachment-v1.mixins.json (2)
[23:47:22] [main/DEBUG] (FabricLoader/Mixin) Preparing fabric-rendering-data-attachment-v1.client.mixins.json (1)
[23:47:22] [main/DEBUG] (FabricLoader/Mixin) Preparing fabric-model-loading-api-v1.mixins.json (3)
[23:47:22] [main/DEBUG] (FabricLoader/Mixin) Preparing fabric-message-api-v1.mixins.json (2)
[23:47:22] [main/DEBUG] (FabricLoader/Mixin) Preparing fabric-message-api-v1.client.mixins.json (2)
[23:47:22] [main/DEBUG] (FabricLoader/Mixin) Preparing fabric-object-builder-v1.mixins.json (7)
[23:47:22] [main/DEBUG] (FabricLoader/Mixin) Preparing fabric-object-builder-v1.client.mixins.json (5)
[23:47:22] [main/DEBUG] (FabricLoader/Mixin) Preparing fabric-screen-api-v1.mixins.json (6)
[23:47:22] [main/DEBUG] (FabricLoader/Mixin) Preparing fabric-events-interaction-v0.mixins.json (5)
[23:47:22] [main/DEBUG] (FabricLoader/Mixin) Preparing fabric-events-interaction-v0.client.mixins.json (3)
[23:47:22] [main/DEBUG] (FabricLoader/Mixin) Preparing fabric-block-api-v1.mixins.json (2)
[23:47:22] [main/DEBUG] (FabricLoader/Mixin) Preparing fabric-mining-level-api-v1.mixins.json (3)
[23:47:22] [main/DEBUG] (FabricLoader/Mixin) Preparing fabric-networking-api-v1.mixins.json (12)
[23:47:22] [main/DEBUG] (FabricLoader/Mixin) Preparing fabric-networking-api-v1.client.mixins.json (5)
[23:47:22] [main/DEBUG] (FabricLoader/Mixin) Preparing fabric-loot-tables-v1.mixins.json (2)
[23:47:22] [main/DEBUG] (FabricLoader/Mixin) Preparing fabric-block-view-api-v2.mixins.json (3)
[23:47:22] [main/DEBUG] (FabricLoader/Mixin) Preparing fabric-block-view-api-v2.client.mixins.json (2)
[23:47:22] [main/DEBUG] (FabricLoader/Mixin) Preparing fabric-containers-v0.mixins.json (1)
[23:47:22] [main/DEBUG] (FabricLoader/Mixin) Preparing fabric-containers-v0.accurate.mixins.json (1)
[23:47:22] [main/DEBUG] (FabricLoader/Mixin) Preparing mixinextras.init.mixins.json (0)
[23:47:22] [main/DEBUG] (FabricLoader/Mixin) Preparing fabric-sound-api-v1.mixins.json (2)
[23:47:22] [main/DEBUG] (FabricLoader/Mixin) Preparing fabric-key-binding-api-v1.mixins.json (2)
[23:47:22] [main/DEBUG] (FabricLoader/Mixin) Preparing fabric-tag-api-v1.mixins.json (3)
[23:47:22] [main/DEBUG] (FabricLoader/Mixin) Preparing fabric-loot-api-v2.mixins.json (5)
[23:47:22] [main/DEBUG] (FabricLoader/Mixin) Preparing fabric-data-generation-api-v1.mixins.json (6)
[23:47:22] [main/DEBUG] (FabricLoader/Mixin) Preparing fabric-data-generation-api-v1.client.mixins.json (1)
[23:47:22] [main/DEBUG] (FabricLoader/Mixin) Preparing fabric-api-lookup-api-v1.mixins.json (2)
[23:47:22] [main/DEBUG] (FabricLoader/Mixin) Preparing fabric-content-registries-v0.mixins.json (11)
[23:47:22] [main/DEBUG] (FabricLoader/Mixin) Preparing fabric-biome-api-v1.mixins.json (9)
[23:47:22] [main/DEBUG] (FabricLoader/Mixin) Preparing fabric-renderer-api-v1.mixins.json (5)
[23:47:22] [main/DEBUG] (FabricLoader/Mixin) Preparing fabric-renderer-api-v1.debughud.mixins.json (1)
[23:47:22] [main/DEBUG] (FabricLoader/Mixin) Preparing fabric-lifecycle-events-v1.mixins.json (9)
[23:47:22] [main/DEBUG] (FabricLoader/Mixin) Preparing fabric-lifecycle-events-v1.client.mixins.json (6)
[23:47:22] [main/DEBUG] (FabricLoader/Mixin) Preparing fabric-item-group-api-v1.mixins.json (3)
[23:47:22] [main/DEBUG] (FabricLoader/Mixin) Preparing fabric-item-group-api-v1.client.mixins.json (1)
[23:47:22] [main/DEBUG] (FabricLoader/Mixin) Preparing fabric-resource-conditions-api-v1.mixins.json (6)
[23:47:22] [main/DEBUG] (FabricLoader/Mixin) Preparing fabric-gametest-api-v1.mixins.json (7)
[23:47:22] [main/DEBUG] (FabricLoader/Mixin) Preparing fabric-crash-report-info-v1.mixins.json (1)
[23:47:22] [main/DEBUG] (FabricLoader/Mixin) Preparing fabric-data-attachment-api-v1.mixins.json (8)
[23:47:22] [main/DEBUG] (FabricLoader/Mixin) Preparing fabric-data-attachment-api-v1.client.mixins.json (1)
[23:47:22] [main/DEBUG] (FabricLoader/Mixin) Preparing mixins.modmenu.json (3)
[23:47:22] [main/DEBUG] (FabricLoader/Mixin) Preparing fabric-entity-events-v1.mixins.json (11)
[23:47:22] [main/DEBUG] (FabricLoader/Mixin) Preparing fabric-entity-events-v1.client.mixins.json (1)
[23:47:22] [main/DEBUG] (FabricLoader/Mixin) Preparing fabric-rendering-v1.mixins.json (17)
[23:47:22] [main/DEBUG] (FabricLoader/Mixin) Preparing fabric-game-rule-api-v1.mixins.json (6)
[23:47:22] [main/DEBUG] (FabricLoader/Mixin) Preparing fabric-game-rule-api-v1.client.mixins.json (3)
[23:47:22] [main/DEBUG] (FabricLoader/Mixin) Inner class net/fabricmc/fabric/mixin/transfer/ChiseledBookshelfBlockEntityMixin$1 in net/fabricmc/fabric/mixin/transfer/ChiseledBookshelfBlockEntityMixin on net/minecraft/block/entity/ChiseledBookshelfBlockEntity gets unique name net/minecraft/block/entity/ChiseledBookshelfBlockEntity$Anonymous$a08ab8b2fc87350bbf669dbd469efcde
[23:47:22] [main/DEBUG] (FabricLoader/Mixin) Inner class net/fabricmc/fabric/mixin/registry/sync/SimpleRegistryMixin$1 in net/fabricmc/fabric/mixin/registry/sync/SimpleRegistryMixin on net/minecraft/registry/SimpleRegistry gets unique name net/minecraft/registry/SimpleRegistry$Anonymous$8f163231c72d3935abe03facbece27ce
[23:47:22] [main/DEBUG] (FabricLoader/Mixin) Inner class net/fabricmc/fabric/mixin/itemgroup/ItemGroupsMixin$1ItemGroupPosition in net/fabricmc/fabric/mixin/itemgroup/ItemGroupsMixin on net/minecraft/item/ItemGroups gets unique name net/minecraft/item/ItemGroups$1ItemGroupPosition$226c57ef75f733cf86d0df2b43c33e70
[23:47:22] [main/DEBUG] (FabricLoader/Mixin) Prepared 315 mixins in 0.254 sec (0.8ms avg) (0ms load, 0ms transform, 0ms plugin)
[23:47:22] [main/DEBUG] (io.netty.util.internal.logging.InternalLoggerFactory) Using SLF4J as the default logging framework
[23:47:22] [main/DEBUG] (io.netty.util.ResourceLeakDetector) -Dio.netty.leakDetection.level: simple
[23:47:22] [main/DEBUG] (io.netty.util.ResourceLeakDetector) -Dio.netty.leakDetection.targetRecords: 4
[23:47:23] [main/INFO] (FabricLoader/MixinExtras|Service) Initializing MixinExtras via com.llamalad7.mixinextras.service.MixinExtrasServiceImpl(version=0.5.4).
[23:47:23] [main/DEBUG] (FabricLoader/Mixin) Registering new injector for @SugarWrapper with com.llamalad7.mixinextras.sugar.impl.SugarWrapperInjectionInfo
[23:47:23] [main/DEBUG] (FabricLoader/Mixin) Registering new injector for @FactoryRedirectWrapper with com.llamalad7.mixinextras.wrapper.factory.FactoryRedirectWrapperInjectionInfo
[23:47:23] [main/DEBUG] (FabricLoader/Mixin) Registering new injector for @ExpressionInjectorWrapper with com.llamalad7.mixinextras.expression.impl.wrapper.ExpressionInjectorWrapperInjectionInfo
[23:47:23] [main/DEBUG] (FabricLoader/Mixin) Mixing SystemDetailsMixin from fabric-crash-report-info-v1.mixins.json into net.minecraft.util.SystemDetails
[23:47:23] [main/DEBUG] (FabricLoader/Mixin) fabric-crash-report-info-v1.mixins.json:SystemDetailsMixin from mod fabric-crash-report-info-v1: Class version 61 required is higher than the class version supported by the current version of Mixin (JAVA_16 supports class version 60)
[23:47:23] [main/DEBUG] (FabricLoader/Mixin) Renaming synthetic method lambda$appendMods$1(Lnet/fabricmc/loader/api/ModContainer;)Ljava/lang/String; to md6ed454$fabric-crash-report-info-v1$lambda$appendMods$1$0 in fabric-crash-report-info-v1.mixins.json:SystemDetailsMixin from mod fabric-crash-report-info-v1
[23:47:23] [main/DEBUG] (FabricLoader/Mixin) Renaming synthetic method lambda$fillSystemDetails$0()Ljava/lang/String; to md6ed454$fabric-crash-report-info-v1$lambda$fillSystemDetails$0$1 in fabric-crash-report-info-v1.mixins.json:SystemDetailsMixin from mod fabric-crash-report-info-v1
[23:47:23] [main/DEBUG] (FabricLoader/Mixin) fabric-crash-report-info-v1.mixins.json:SystemDetailsMixin from mod fabric-crash-report-info-v1->@Inject::fillSystemDetails(Lorg/spongepowered/asm/mixin/injection/callback/CallbackInfo;)V doesn't use it's CallbackInfo
[23:47:23] [main/DEBUG] (FabricLoader/Mixin) fabric-crash-report-info-v1.mixins.json:SystemDetailsMixin from mod fabric-crash-report-info-v1->@Inject::fillSystemDetails(Lorg/spongepowered/asm/mixin/injection/callback/CallbackInfo;)V has 0 override(s) in child classes
[23:47:23] [main/DEBUG] (FabricLoader/Mixin) fabric-crash-report-info-v1.mixins.json:SystemDetailsMixin from mod fabric-crash-report-info-v1->@Inject::fillSystemDetails(Lorg/spongepowered/asm/mixin/injection/callback/CallbackInfo;)V won't be passed a CallbackInfo as a result
[23:47:23] [main/DEBUG] (oshi.util.FileUtil) Reading file /proc/self/auxv
[23:47:23] [main/DEBUG] (oshi.util.FileUtil) Reading file /proc/self/auxv
[23:47:23] [main/DEBUG] (oshi.util.FileUtil) Reading file /proc/stat
[23:47:23] [main/DEBUG] (oshi.util.FileUtil) Reading file /sys/devices/system/cpu/cpu0/topology/core_id
[23:47:23] [main/DEBUG] (oshi.util.FileUtil) Reading file /sys/devices/system/cpu/cpu0/topology/core_id
[23:47:23] [main/DEBUG] (oshi.util.FileUtil) Reading file /sys/devices/system/cpu/cpu0/topology/physical_package_id
[23:47:23] [main/DEBUG] (oshi.util.FileUtil) Reading file /sys/devices/system/cpu/cpu0/topology/physical_package_id
[23:47:23] [main/DEBUG] (oshi.util.FileUtil) Reading file /sys/devices/system/cpu/cpu0/cpu_capacity
[23:47:23] [main/DEBUG] (oshi.util.FileUtil) Reading file /sys/devices/system/cpu/cpu0/cpu_capacity
[23:47:23] [main/DEBUG] (oshi.util.FileUtil) Reading file /sys/devices/system/cpu/cpu1/topology/core_id
[23:47:23] [main/DEBUG] (oshi.util.FileUtil) Reading file /sys/devices/system/cpu/cpu1/topology/core_id
[23:47:23] [main/DEBUG] (oshi.util.FileUtil) Reading file /sys/devices/system/cpu/cpu1/topology/physical_package_id
[23:47:23] [main/DEBUG] (oshi.util.FileUtil) Reading file /sys/devices/system/cpu/cpu1/topology/physical_package_id
[23:47:23] [main/DEBUG] (oshi.util.FileUtil) Reading file /sys/devices/system/cpu/cpu1/cpu_capacity
[23:47:23] [main/DEBUG] (oshi.util.FileUtil) Reading file /sys/devices/system/cpu/cpu1/cpu_capacity
[23:47:23] [main/DEBUG] (oshi.util.FileUtil) Reading file /sys/devices/system/cpu/cpu10/topology/core_id
[23:47:23] [main/DEBUG] (oshi.util.FileUtil) Reading file /sys/devices/system/cpu/cpu10/topology/core_id
[23:47:23] [main/DEBUG] (oshi.util.FileUtil) Reading file /sys/devices/system/cpu/cpu10/topology/physical_package_id
[23:47:23] [main/DEBUG] (oshi.util.FileUtil) Reading file /sys/devices/system/cpu/cpu10/topology/physical_package_id
[23:47:23] [main/DEBUG] (oshi.util.FileUtil) Reading file /sys/devices/system/cpu/cpu10/cpu_capacity
[23:47:23] [main/DEBUG] (oshi.util.FileUtil) Reading file /sys/devices/system/cpu/cpu10/cpu_capacity
[23:47:23] [main/DEBUG] (oshi.util.FileUtil) Reading file /sys/devices/system/cpu/cpu11/topology/core_id
[23:47:23] [main/DEBUG] (oshi.util.FileUtil) Reading file /sys/devices/system/cpu/cpu11/topology/core_id
[23:47:23] [main/DEBUG] (oshi.util.FileUtil) Reading file /sys/devices/system/cpu/cpu11/topology/physical_package_id
[23:47:23] [main/DEBUG] (oshi.util.FileUtil) Reading file /sys/devices/system/cpu/cpu11/topology/physical_package_id
[23:47:23] [main/DEBUG] (oshi.util.FileUtil) Reading file /sys/devices/system/cpu/cpu11/cpu_capacity
[23:47:23] [main/DEBUG] (oshi.util.FileUtil) Reading file /sys/devices/system/cpu/cpu11/cpu_capacity
[23:47:23] [main/DEBUG] (oshi.util.FileUtil) Reading file /sys/devices/system/cpu/cpu2/topology/core_id
[23:47:23] [main/DEBUG] (oshi.util.FileUtil) Reading file /sys/devices/system/cpu/cpu2/topology/core_id
[23:47:23] [main/DEBUG] (oshi.util.FileUtil) Reading file /sys/devices/system/cpu/cpu2/topology/physical_package_id
[23:47:23] [main/DEBUG] (oshi.util.FileUtil) Reading file /sys/devices/system/cpu/cpu2/topology/physical_package_id
[23:47:23] [main/DEBUG] (oshi.util.FileUtil) Reading file /sys/devices/system/cpu/cpu2/cpu_capacity
[23:47:23] [main/DEBUG] (oshi.util.FileUtil) Reading file /sys/devices/system/cpu/cpu2/cpu_capacity
[23:47:23] [main/DEBUG] (oshi.util.FileUtil) Reading file /sys/devices/system/cpu/cpu3/topology/core_id
[23:47:23] [main/DEBUG] (oshi.util.FileUtil) Reading file /sys/devices/system/cpu/cpu3/topology/core_id
[23:47:23] [main/DEBUG] (oshi.util.FileUtil) Reading file /sys/devices/system/cpu/cpu3/topology/physical_package_id
[23:47:23] [main/DEBUG] (oshi.util.FileUtil) Reading file /sys/devices/system/cpu/cpu3/topology/physical_package_id
[23:47:23] [main/DEBUG] (oshi.util.FileUtil) Reading file /sys/devices/system/cpu/cpu3/cpu_capacity
[23:47:23] [main/DEBUG] (oshi.util.FileUtil) Reading file /sys/devices/system/cpu/cpu3/cpu_capacity
[23:47:23] [main/DEBUG] (oshi.util.FileUtil) Reading file /sys/devices/system/cpu/cpu4/topology/core_id
[23:47:23] [main/DEBUG] (oshi.util.FileUtil) Reading file /sys/devices/system/cpu/cpu4/topology/core_id
[23:47:23] [main/DEBUG] (oshi.util.FileUtil) Reading file /sys/devices/system/cpu/cpu4/topology/physical_package_id
[23:47:23] [main/DEBUG] (oshi.util.FileUtil) Reading file /sys/devices/system/cpu/cpu4/topology/physical_package_id
[23:47:23] [main/DEBUG] (oshi.util.FileUtil) Reading file /sys/devices/system/cpu/cpu4/cpu_capacity
[23:47:23] [main/DEBUG] (oshi.util.FileUtil) Reading file /sys/devices/system/cpu/cpu4/cpu_capacity
[23:47:23] [main/DEBUG] (oshi.util.FileUtil) Reading file /sys/devices/system/cpu/cpu5/topology/core_id
[23:47:23] [main/DEBUG] (oshi.util.FileUtil) Reading file /sys/devices/system/cpu/cpu5/topology/core_id
[23:47:23] [main/DEBUG] (oshi.util.FileUtil) Reading file /sys/devices/system/cpu/cpu5/topology/physical_package_id
[23:47:23] [main/DEBUG] (oshi.util.FileUtil) Reading file /sys/devices/system/cpu/cpu5/topology/physical_package_id
[23:47:23] [main/DEBUG] (oshi.util.FileUtil) Reading file /sys/devices/system/cpu/cpu5/cpu_capacity
[23:47:23] [main/DEBUG] (oshi.util.FileUtil) Reading file /sys/devices/system/cpu/cpu5/cpu_capacity
[23:47:23] [main/DEBUG] (oshi.util.FileUtil) Reading file /sys/devices/system/cpu/cpu6/topology/core_id
[23:47:23] [main/DEBUG] (oshi.util.FileUtil) Reading file /sys/devices/system/cpu/cpu6/topology/core_id
[23:47:23] [main/DEBUG] (oshi.util.FileUtil) Reading file /sys/devices/system/cpu/cpu6/topology/physical_package_id
[23:47:23] [main/DEBUG] (oshi.util.FileUtil) Reading file /sys/devices/system/cpu/cpu6/topology/physical_package_id
[23:47:23] [main/DEBUG] (oshi.util.FileUtil) Reading file /sys/devices/system/cpu/cpu6/cpu_capacity
[23:47:23] [main/DEBUG] (oshi.util.FileUtil) Reading file /sys/devices/system/cpu/cpu6/cpu_capacity
[23:47:23] [main/DEBUG] (oshi.util.FileUtil) Reading file /sys/devices/system/cpu/cpu7/topology/core_id
[23:47:23] [main/DEBUG] (oshi.util.FileUtil) Reading file /sys/devices/system/cpu/cpu7/topology/core_id
[23:47:23] [main/DEBUG] (oshi.util.FileUtil) Reading file /sys/devices/system/cpu/cpu7/topology/physical_package_id
[23:47:23] [main/DEBUG] (oshi.util.FileUtil) Reading file /sys/devices/system/cpu/cpu7/topology/physical_package_id
[23:47:23] [main/DEBUG] (oshi.util.FileUtil) Reading file /sys/devices/system/cpu/cpu7/cpu_capacity
[23:47:23] [main/DEBUG] (oshi.util.FileUtil) Reading file /sys/devices/system/cpu/cpu7/cpu_capacity
[23:47:23] [main/DEBUG] (oshi.util.FileUtil) Reading file /sys/devices/system/cpu/cpu8/topology/core_id
[23:47:23] [main/DEBUG] (oshi.util.FileUtil) Reading file /sys/devices/system/cpu/cpu8/topology/core_id
[23:47:23] [main/DEBUG] (oshi.util.FileUtil) Reading file /sys/devices/system/cpu/cpu8/topology/physical_package_id
[23:47:23] [main/DEBUG] (oshi.util.FileUtil) Reading file /sys/devices/system/cpu/cpu8/topology/physical_package_id
[23:47:23] [main/DEBUG] (oshi.util.FileUtil) Reading file /sys/devices/system/cpu/cpu8/cpu_capacity
[23:47:23] [main/DEBUG] (oshi.util.FileUtil) Reading file /sys/devices/system/cpu/cpu8/cpu_capacity
[23:47:23] [main/DEBUG] (oshi.util.FileUtil) Reading file /sys/devices/system/cpu/cpu9/topology/core_id
[23:47:23] [main/DEBUG] (oshi.util.FileUtil) Reading file /sys/devices/system/cpu/cpu9/topology/core_id
[23:47:23] [main/DEBUG] (oshi.util.FileUtil) Reading file /sys/devices/system/cpu/cpu9/topology/physical_package_id
[23:47:23] [main/DEBUG] (oshi.util.FileUtil) Reading file /sys/devices/system/cpu/cpu9/topology/physical_package_id
[23:47:23] [main/DEBUG] (oshi.util.FileUtil) Reading file /sys/devices/system/cpu/cpu9/cpu_capacity
[23:47:23] [main/DEBUG] (oshi.util.FileUtil) Reading file /sys/devices/system/cpu/cpu9/cpu_capacity
[23:47:23] [main/DEBUG] (oshi.util.FileUtil) Reading file /proc/cpuinfo
[23:47:23] [main/DEBUG] (oshi.util.FileUtil) Reading file /proc/self/auxv
[23:47:23] [main/DEBUG] (oshi.util.FileUtil) Reading file /proc/meminfo
[23:47:23] [main/DEBUG] (oshi.util.FileUtil) Reading file /proc/meminfo
[23:47:23] [main/DEBUG] (FabricLoader/Mixin) Mixing BootstrapMixin from fabric-registry-sync-v0.mixins.json into net.minecraft.Bootstrap
[23:47:23] [main/DEBUG] (FabricLoader/Mixin) fabric-registry-sync-v0.mixins.json:BootstrapMixin from mod fabric-registry-sync-v0: Class version 61 required is higher than the class version supported by the current version of Mixin (JAVA_16 supports class version 60)
[23:47:23] [main/DEBUG] (FabricLoader/Mixin) Renaming synthetic method lambda$initialize$1(Lnet/minecraft/fluid/Fluid;)Ljava/util/Collection; to md6ed454$fabric-registry-sync-v0$lambda$initialize$1$0 in fabric-registry-sync-v0.mixins.json:BootstrapMixin from mod fabric-registry-sync-v0
[23:47:23] [main/DEBUG] (FabricLoader/Mixin) Renaming synthetic method lambda$initialize$0(Lnet/minecraft/block/Block;)Ljava/util/Collection; to md6ed454$fabric-registry-sync-v0$lambda$initialize$0$1 in fabric-registry-sync-v0.mixins.json:BootstrapMixin from mod fabric-registry-sync-v0
[23:47:23] [main/DEBUG] (FabricLoader/Mixin) fabric-registry-sync-v0.mixins.json:BootstrapMixin from mod fabric-registry-sync-v0->@Inject::initialize(Lorg/spongepowered/asm/mixin/injection/callback/CallbackInfo;)V doesn't use it's CallbackInfo
[23:47:23] [main/DEBUG] (FabricLoader/Mixin) Mixing RegistryMixin from fabric-registry-sync-v0.mixins.json into net.minecraft.registry.Registry
[23:47:23] [main/DEBUG] (FabricLoader/Mixin) fabric-registry-sync-v0.mixins.json:RegistryMixin from mod fabric-registry-sync-v0: Class version 61 required is higher than the class version supported by the current version of Mixin (JAVA_16 supports class version 60)
[23:47:23] [main/DEBUG] (FabricLoader/Mixin) Mixing RegistriesAccessor from fabric-registry-sync-v0.mixins.json into net.minecraft.registry.Registries
[23:47:23] [main/DEBUG] (FabricLoader/Mixin) fabric-registry-sync-v0.mixins.json:RegistriesAccessor from mod fabric-registry-sync-v0: Class version 61 required is higher than the class version supported by the current version of Mixin (JAVA_16 supports class version 60)
[23:47:23] [main/DEBUG] (FabricLoader/Mixin) Renaming @Accessor method getROOT()Lnet/minecraft/registry/MutableRegistry; to getROOT$fabric-registry-sync-v0_$md$6ed454$0 in fabric-registry-sync-v0.mixins.json:RegistriesAccessor from mod fabric-registry-sync-v0
[23:47:23] [main/DEBUG] (FabricLoader/Mixin) Mixing RegistriesMixin from fabric-registry-sync-v0.mixins.json into net.minecraft.registry.Registries
[23:47:23] [main/DEBUG] (FabricLoader/Mixin) fabric-registry-sync-v0.mixins.json:RegistriesMixin from mod fabric-registry-sync-v0: Class version 61 required is higher than the class version supported by the current version of Mixin (JAVA_16 supports class version 60)
[23:47:23] [main/DEBUG] (FabricLoader/Mixin) fabric-registry-sync-v0.mixins.json:RegistriesMixin from mod fabric-registry-sync-v0->@Inject::init(Lorg/spongepowered/asm/mixin/injection/callback/CallbackInfo;)V does use it's CallbackInfo
[23:47:23] [main/DEBUG] (FabricLoader/Mixin) Mixing SimpleRegistryMixin from fabric-registry-sync-v0.mixins.json into net.minecraft.registry.SimpleRegistry
[23:47:23] [main/DEBUG] (FabricLoader/Mixin) fabric-registry-sync-v0.mixins.json:SimpleRegistryMixin from mod fabric-registry-sync-v0: Class version 61 required is higher than the class version supported by the current version of Mixin (JAVA_16 supports class version 60)
[23:47:23] [main/DEBUG] (FabricLoader/Mixin) Renaming synthetic method lambda$init$10([Lnet/fabricmc/fabric/api/event/registry/RegistryIdRemapCallback;)Lnet/fabricmc/fabric/api/event/registry/RegistryIdRemapCallback; to md6ed454$fabric-registry-sync-v0$lambda$init$10$0 in fabric-registry-sync-v0.mixins.json:SimpleRegistryMixin from mod fabric-registry-sync-v0
[23:47:23] [main/DEBUG] (FabricLoader/Mixin) Renaming synthetic method lambda$init$9([Lnet/fabricmc/fabric/api/event/registry/RegistryIdRemapCallback;Lnet/fabricmc/fabric/api/event/registry/RegistryIdRemapCallback$RemapState;)V to md6ed454$fabric-registry-sync-v0$lambda$init$9$1 in fabric-registry-sync-v0.mixins.json:SimpleRegistryMixin from mod fabric-registry-sync-v0
[23:47:23] [main/DEBUG] (FabricLoader/Mixin) Renaming synthetic method lambda$init$8(ILnet/minecraft/util/Identifier;Ljava/lang/Object;)V to md6ed454$fabric-registry-sync-v0$lambda$init$8$2 in fabric-registry-sync-v0.mixins.json:SimpleRegistryMixin from mod fabric-registry-sync-v0
[23:47:23] [main/DEBUG] (FabricLoader/Mixin) Renaming synthetic method lambda$init$7([Lnet/fabricmc/fabric/api/event/registry/RegistryEntryAddedCallback;)Lnet/fabricmc/fabric/api/event/registry/RegistryEntryAddedCallback; to md6ed454$fabric-registry-sync-v0$lambda$init$7$3 in fabric-registry-sync-v0.mixins.json:SimpleRegistryMixin from mod fabric-registry-sync-v0
[23:47:23] [main/DEBUG] (FabricLoader/Mixin) Renaming synthetic method lambda$init$6([Lnet/fabricmc/fabric/api/event/registry/RegistryEntryAddedCallback;ILnet/minecraft/util/Identifier;Ljava/lang/Object;)V to md6ed454$fabric-registry-sync-v0$lambda$init$6$4 in fabric-registry-sync-v0.mixins.json:SimpleRegistryMixin from mod fabric-registry-sync-v0
[23:47:23] [main/DEBUG] (FabricLoader/Mixin) Renaming synthetic method lambda$new$5([Lnet/fabricmc/fabric/api/event/registry/RegistryIdRemapCallback;)Lnet/fabricmc/fabric/api/event/registry/RegistryIdRemapCallback; to md6ed454$fabric-registry-sync-v0$lambda$new$5$5 in fabric-registry-sync-v0.mixins.json:SimpleRegistryMixin from mod fabric-registry-sync-v0
[23:47:23] [main/DEBUG] (FabricLoader/Mixin) Renaming synthetic method lambda$new$4([Lnet/fabricmc/fabric/api/event/registry/RegistryIdRemapCallback;Lnet/fabricmc/fabric/api/event/registry/RegistryIdRemapCallback$RemapState;)V to md6ed454$fabric-registry-sync-v0$lambda$new$4$6 in fabric-registry-sync-v0.mixins.json:SimpleRegistryMixin from mod fabric-registry-sync-v0
[23:47:23] [main/DEBUG] (FabricLoader/Mixin) Renaming synthetic method lambda$new$3([Lnet/fabricmc/fabric/api/event/registry/RegistryEntryRemovedCallback;)Lnet/fabricmc/fabric/api/event/registry/RegistryEntryRemovedCallback; to md6ed454$fabric-registry-sync-v0$lambda$new$3$7 in fabric-registry-sync-v0.mixins.json:SimpleRegistryMixin from mod fabric-registry-sync-v0
[23:47:23] [main/DEBUG] (FabricLoader/Mixin) Renaming synthetic method lambda$new$2([Lnet/fabricmc/fabric/api/event/registry/RegistryEntryRemovedCallback;ILnet/minecraft/util/Identifier;Ljava/lang/Object;)V to md6ed454$fabric-registry-sync-v0$lambda$new$2$8 in fabric-registry-sync-v0.mixins.json:SimpleRegistryMixin from mod fabric-registry-sync-v0
[23:47:23] [main/DEBUG] (FabricLoader/Mixin) Renaming synthetic method lambda$new$1([Lnet/fabricmc/fabric/api/event/registry/RegistryEntryAddedCallback;)Lnet/fabricmc/fabric/api/event/registry/RegistryEntryAddedCallback; to md6ed454$fabric-registry-sync-v0$lambda$new$1$9 in fabric-registry-sync-v0.mixins.json:SimpleRegistryMixin from mod fabric-registry-sync-v0
[23:47:23] [main/DEBUG] (FabricLoader/Mixin) Renaming synthetic method lambda$new$0([Lnet/fabricmc/fabric/api/event/registry/RegistryEntryAddedCallback;ILnet/minecraft/util/Identifier;Ljava/lang/Object;)V to md6ed454$fabric-registry-sync-v0$lambda$new$0$a in fabric-registry-sync-v0.mixins.json:SimpleRegistryMixin from mod fabric-registry-sync-v0
[23:47:23] [main/DEBUG] (FabricLoader/Mixin) fabric-registry-sync-v0.mixins.json:SimpleRegistryMixin from mod fabric-registry-sync-v0->@Inject::init(Lnet/minecraft/registry/RegistryKey;Lcom/mojang/serialization/Lifecycle;ZLorg/spongepowered/asm/mixin/injection/callback/CallbackInfo;)V doesn't use it's CallbackInfo
[23:47:23] [main/DEBUG] (FabricLoader/Mixin) fabric-registry-sync-v0.mixins.json:SimpleRegistryMixin from mod fabric-registry-sync-v0->@Inject::init(Lnet/minecraft/registry/RegistryKey;Lcom/mojang/serialization/Lifecycle;ZLorg/spongepowered/asm/mixin/injection/callback/CallbackInfo;)V has 0 override(s) in child classes
[23:47:23] [main/DEBUG] (FabricLoader/Mixin) fabric-registry-sync-v0.mixins.json:SimpleRegistryMixin from mod fabric-registry-sync-v0->@Inject::init(Lnet/minecraft/registry/RegistryKey;Lcom/mojang/serialization/Lifecycle;ZLorg/spongepowered/asm/mixin/injection/callback/CallbackInfo;)V won't be passed a CallbackInfo as a result
[23:47:23] [main/DEBUG] (FabricLoader/Mixin) fabric-registry-sync-v0.mixins.json:SimpleRegistryMixin from mod fabric-registry-sync-v0->@Inject::add(Lnet/minecraft/registry/RegistryKey;Ljava/lang/Object;Lcom/mojang/serialization/Lifecycle;Lorg/spongepowered/asm/mixin/injection/callback/CallbackInfoReturnable;)V doesn't use it's CallbackInfoReturnable
[23:47:23] [main/DEBUG] (FabricLoader/Mixin) fabric-registry-sync-v0.mixins.json:SimpleRegistryMixin from mod fabric-registry-sync-v0->@Inject::add(Lnet/minecraft/registry/RegistryKey;Ljava/lang/Object;Lcom/mojang/serialization/Lifecycle;Lorg/spongepowered/asm/mixin/injection/callback/CallbackInfoReturnable;)V has 0 override(s) in child classes
[23:47:23] [main/DEBUG] (FabricLoader/Mixin) fabric-registry-sync-v0.mixins.json:SimpleRegistryMixin from mod fabric-registry-sync-v0->@Inject::add(Lnet/minecraft/registry/RegistryKey;Ljava/lang/Object;Lcom/mojang/serialization/Lifecycle;Lorg/spongepowered/asm/mixin/injection/callback/CallbackInfoReturnable;)V won't be passed a CallbackInfoReturnable as a result
[23:47:23] [main/DEBUG] (FabricLoader/Mixin) fabric-registry-sync-v0.mixins.json:SimpleRegistryMixin from mod fabric-registry-sync-v0->@Inject::set(ILnet/minecraft/registry/RegistryKey;Ljava/lang/Object;Lcom/mojang/serialization/Lifecycle;Lorg/spongepowered/asm/mixin/injection/callback/CallbackInfoReturnable;)V does use it's CallbackInfoReturnable
[23:47:23] [main/DEBUG] (FabricLoader/Mixin) fabric-registry-sync-v0.mixins.json:SimpleRegistryMixin from mod fabric-registry-sync-v0->@Inject::setPre(ILnet/minecraft/registry/RegistryKey;Ljava/lang/Object;Lcom/mojang/serialization/Lifecycle;Lorg/spongepowered/asm/mixin/injection/callback/CallbackInfoReturnable;)V doesn't use it's CallbackInfoReturnable
[23:47:23] [main/DEBUG] (FabricLoader/Mixin) fabric-registry-sync-v0.mixins.json:SimpleRegistryMixin from mod fabric-registry-sync-v0->@Inject::setPre(ILnet/minecraft/registry/RegistryKey;Ljava/lang/Object;Lcom/mojang/serialization/Lifecycle;Lorg/spongepowered/asm/mixin/injection/callback/CallbackInfoReturnable;)V has 0 override(s) in child classes
[23:47:23] [main/DEBUG] (FabricLoader/Mixin) fabric-registry-sync-v0.mixins.json:SimpleRegistryMixin from mod fabric-registry-sync-v0->@Inject::setPre(ILnet/minecraft/registry/RegistryKey;Ljava/lang/Object;Lcom/mojang/serialization/Lifecycle;Lorg/spongepowered/asm/mixin/injection/callback/CallbackInfoReturnable;)V won't be passed a CallbackInfoReturnable as a result
[23:47:23] [main/DEBUG] (FabricLoader/Mixin) fabric-registry-sync-v0.mixins.json:SimpleRegistryMixin from mod fabric-registry-sync-v0->@Inject::setPost(ILnet/minecraft/registry/RegistryKey;Ljava/lang/Object;Lcom/mojang/serialization/Lifecycle;Lorg/spongepowered/asm/mixin/injection/callback/CallbackInfoReturnable;)V doesn't use it's CallbackInfoReturnable
[23:47:23] [main/DEBUG] (FabricLoader/Mixin) fabric-registry-sync-v0.mixins.json:SimpleRegistryMixin from mod fabric-registry-sync-v0->@Inject::setPost(ILnet/minecraft/registry/RegistryKey;Ljava/lang/Object;Lcom/mojang/serialization/Lifecycle;Lorg/spongepowered/asm/mixin/injection/callback/CallbackInfoReturnable;)V has 0 override(s) in child classes
[23:47:23] [main/DEBUG] (FabricLoader/Mixin) fabric-registry-sync-v0.mixins.json:SimpleRegistryMixin from mod fabric-registry-sync-v0->@Inject::setPost(ILnet/minecraft/registry/RegistryKey;Ljava/lang/Object;Lcom/mojang/serialization/Lifecycle;Lorg/spongepowered/asm/mixin/injection/callback/CallbackInfoReturnable;)V won't be passed a CallbackInfoReturnable as a result
[23:47:23] [main/DEBUG] (FabricLoader/Mixin) Mixing PacketByteBufMixin from fabric-networking-api-v1.mixins.json into net.minecraft.network.PacketByteBuf
[23:47:23] [main/DEBUG] (FabricLoader/Mixin) fabric-networking-api-v1.mixins.json:PacketByteBufMixin from mod fabric-networking-api-v1: Class version 61 required is higher than the class version supported by the current version of Mixin (JAVA_16 supports class version 60)
[23:47:23] [main/DEBUG] (FabricLoader/Mixin) Mixing FluidMixin from fabric-transfer-api-v1.mixins.json into net.minecraft.fluid.Fluid
[23:47:23] [main/DEBUG] (FabricLoader/Mixin) fabric-transfer-api-v1.mixins.json:FluidMixin from mod fabric-transfer-api-v1: Class version 61 required is higher than the class version supported by the current version of Mixin (JAVA_16 supports class version 60)
[23:47:23] [main/DEBUG] (FabricLoader/Mixin) fabric-transfer-api-v1.mixins.json:FluidMixin from mod fabric-transfer-api-v1->@Inject::hookGetBucketFillSound(Lorg/spongepowered/asm/mixin/injection/callback/CallbackInfoReturnable;)V does use it's CallbackInfoReturnable
[23:47:23] [main/DEBUG] (FabricLoader/Mixin) Mixing BlockMixin from fabric-block-api-v1.mixins.json into net.minecraft.block.Block
[23:47:23] [main/DEBUG] (FabricLoader/Mixin) Mixing AbstractBlockAccessor from fabric-object-builder-v1.mixins.json into net.minecraft.block.AbstractBlock
[23:47:23] [main/DEBUG] (FabricLoader/Mixin) fabric-object-builder-v1.mixins.json:AbstractBlockAccessor from mod fabric-object-builder-api-v1: Class version 61 required is higher than the class version supported by the current version of Mixin (JAVA_16 supports class version 60)
[23:47:23] [main/DEBUG] (FabricLoader/Mixin) Mixing ItemMixin from fabric-transfer-api-v1.mixins.json into net.minecraft.item.Item
[23:47:23] [main/DEBUG] (FabricLoader/Mixin) fabric-transfer-api-v1.mixins.json:ItemMixin from mod fabric-transfer-api-v1: Class version 61 required is higher than the class version supported by the current version of Mixin (JAVA_16 supports class version 60)
[23:47:23] [main/DEBUG] (FabricLoader/Mixin) Mixing ItemMixin from fabric-item-api-v1.mixins.json into net.minecraft.item.Item
[23:47:23] [main/DEBUG] (FabricLoader/Mixin) fabric-item-api-v1.mixins.json:ItemMixin from mod fabric-item-api-v1: Class version 61 required is higher than the class version supported by the current version of Mixin (JAVA_16 supports class version 60)
[23:47:23] [main/DEBUG] (FabricLoader/Mixin) fabric-item-api-v1.mixins.json:ItemMixin from mod fabric-item-api-v1->@Inject::onConstruct(Lnet/minecraft/item/Item$Settings;Lorg/spongepowered/asm/mixin/injection/callback/CallbackInfo;)V doesn't use it's CallbackInfo
[23:47:23] [main/DEBUG] (FabricLoader/Mixin) fabric-item-api-v1.mixins.json:ItemMixin from mod fabric-item-api-v1->@Inject::onConstruct(Lnet/minecraft/item/Item$Settings;Lorg/spongepowered/asm/mixin/injection/callback/CallbackInfo;)V has 0 override(s) in child classes
[23:47:23] [main/DEBUG] (FabricLoader/Mixin) fabric-item-api-v1.mixins.json:ItemMixin from mod fabric-item-api-v1->@Inject::onConstruct(Lnet/minecraft/item/Item$Settings;Lorg/spongepowered/asm/mixin/injection/callback/CallbackInfo;)V won't be passed a CallbackInfo as a result
[23:47:23] [main/DEBUG] (FabricLoader/Mixin) Mixing BlockEntityTypeAccessor from fabric-api-lookup-api-v1.mixins.json into net.minecraft.block.entity.BlockEntityType
[23:47:23] [main/DEBUG] (FabricLoader/Mixin) fabric-api-lookup-api-v1.mixins.json:BlockEntityTypeAccessor from mod fabric-api-lookup-api-v1: Class version 61 required is higher than the class version supported by the current version of Mixin (JAVA_16 supports class version 60)
[23:47:23] [main/DEBUG] (FabricLoader/Mixin) Mixing ArgumentTypesAccessor from fabric-command-api-v2.mixins.json into net.minecraft.command.argument.ArgumentTypes
[23:47:23] [main/DEBUG] (FabricLoader/Mixin) fabric-command-api-v2.mixins.json:ArgumentTypesAccessor from mod fabric-command-api-v2: Class version 61 required is higher than the class version supported by the current version of Mixin (JAVA_16 supports class version 60)
[23:47:23] [main/DEBUG] (FabricLoader/Mixin) Renaming @Accessor method fabric_getClassMap()Ljava/util/Map; to fabric_getClassMap$fabric-command-api-v2_$md$6ed454$0 in fabric-command-api-v2.mixins.json:ArgumentTypesAccessor from mod fabric-command-api-v2
[23:47:23] [main/DEBUG] (FabricLoader/Mixin) Mixing ArgumentTypesMixin from fabric-gametest-api-v1.mixins.json into net.minecraft.command.argument.ArgumentTypes
[23:47:23] [main/DEBUG] (FabricLoader/Mixin) fabric-gametest-api-v1.mixins.json:ArgumentTypesMixin from mod fabric-gametest-api-v1: Class version 61 required is higher than the class version supported by the current version of Mixin (JAVA_16 supports class version 60)
[23:47:23] [main/DEBUG] (FabricLoader/Mixin) fabric-gametest-api-v1.mixins.json:ArgumentTypesMixin from mod fabric-gametest-api-v1->@Inject::register(Lnet/minecraft/registry/Registry;Lorg/spongepowered/asm/mixin/injection/callback/CallbackInfoReturnable;)V doesn't use it's CallbackInfoReturnable
[23:47:23] [main/DEBUG] (FabricLoader/Mixin) Mixing ItemGroupsMixin from fabric-item-group-api-v1.mixins.json into net.minecraft.item.ItemGroups
[23:47:23] [main/DEBUG] (FabricLoader/Mixin) fabric-item-group-api-v1.mixins.json:ItemGroupsMixin from mod fabric-item-group-api-v1->@Inject::collect(Lorg/spongepowered/asm/mixin/injection/callback/CallbackInfo;)V does use it's CallbackInfo
[23:47:23] [main/DEBUG] (FabricLoader/Mixin) Mixing ItemGroupAccessor from fabric-item-group-api-v1.mixins.json into net.minecraft.item.ItemGroup
[23:47:23] [main/DEBUG] (FabricLoader/Mixin) Mixing ItemGroupMixin from fabric-item-group-api-v1.mixins.json into net.minecraft.item.ItemGroup
[23:47:23] [main/DEBUG] (FabricLoader/Mixin) Renaming synthetic method lambda$getStacks$0(Lnet/minecraft/item/ItemGroup;)Ljava/lang/IllegalStateException; to md6ed454$fabric-item-group-api-v1$lambda$getStacks$0$0 in fabric-item-group-api-v1.mixins.json:ItemGroupMixin from mod fabric-item-group-api-v1
[23:47:23] [main/DEBUG] (FabricLoader/Mixin) fabric-item-group-api-v1.mixins.json:ItemGroupMixin from mod fabric-item-group-api-v1->@Inject::getStacks(Lnet/minecraft/item/ItemGroup$DisplayContext;Lorg/spongepowered/asm/mixin/injection/callback/CallbackInfo;)V doesn't use it's CallbackInfo
[23:47:23] [main/DEBUG] (FabricLoader/Mixin) fabric-item-group-api-v1.mixins.json:ItemGroupMixin from mod fabric-item-group-api-v1->@Inject::getStacks(Lnet/minecraft/item/ItemGroup$DisplayContext;Lorg/spongepowered/asm/mixin/injection/callback/CallbackInfo;)V has 0 override(s) in child classes
[23:47:23] [main/DEBUG] (FabricLoader/Mixin) fabric-item-group-api-v1.mixins.json:ItemGroupMixin from mod fabric-item-group-api-v1->@Inject::getStacks(Lnet/minecraft/item/ItemGroup$DisplayContext;Lorg/spongepowered/asm/mixin/injection/callback/CallbackInfo;)V won't be passed a CallbackInfo as a result
[23:47:23] [main/DEBUG] (FabricLoader/Mixin) Mixing FireBlockMixin from fabric-content-registries-v0.mixins.json into net.minecraft.block.FireBlock
[23:47:23] [main/DEBUG] (FabricLoader/Mixin) fabric-content-registries-v0.mixins.json:FireBlockMixin from mod fabric-content-registries-v0: Class version 61 required is higher than the class version supported by the current version of Mixin (JAVA_16 supports class version 60)
[23:47:23] [main/DEBUG] (FabricLoader/Mixin) fabric-content-registries-v0.mixins.json:FireBlockMixin from mod fabric-content-registries-v0->@Inject::afterConstruct(Lnet/minecraft/block/AbstractBlock$Settings;Lorg/spongepowered/asm/mixin/injection/callback/CallbackInfo;)V doesn't use it's CallbackInfo
[23:47:23] [main/DEBUG] (FabricLoader/Mixin) fabric-content-registries-v0.mixins.json:FireBlockMixin from mod fabric-content-registries-v0->@Inject::afterConstruct(Lnet/minecraft/block/AbstractBlock$Settings;Lorg/spongepowered/asm/mixin/injection/callback/CallbackInfo;)V has 0 override(s) in child classes
[23:47:23] [main/DEBUG] (FabricLoader/Mixin) fabric-content-registries-v0.mixins.json:FireBlockMixin from mod fabric-content-registries-v0->@Inject::afterConstruct(Lnet/minecraft/block/AbstractBlock$Settings;Lorg/spongepowered/asm/mixin/injection/callback/CallbackInfo;)V won't be passed a CallbackInfo as a result
[23:47:23] [main/DEBUG] (FabricLoader/Mixin) fabric-content-registries-v0.mixins.json:FireBlockMixin from mod fabric-content-registries-v0->@Inject::getFabricBurnChance(Lnet/minecraft/block/BlockState;Lorg/spongepowered/asm/mixin/injection/callback/CallbackInfoReturnable;)V does use it's CallbackInfoReturnable
[23:47:23] [main/DEBUG] (FabricLoader/Mixin) fabric-content-registries-v0.mixins.json:FireBlockMixin from mod fabric-content-registries-v0->@Inject::getFabricSpreadChance(Lnet/minecraft/block/BlockState;Lorg/spongepowered/asm/mixin/injection/callback/CallbackInfoReturnable;)V does use it's CallbackInfoReturnable
[23:47:23] [main/DEBUG] (FabricLoader/Mixin) Mixing BlockViewMixin from fabric-block-view-api-v2.mixins.json into net.minecraft.world.BlockView
[23:47:23] [main/DEBUG] (FabricLoader/Mixin) Mixing WorldMixin from fabric-lifecycle-events-v1.mixins.json into net.minecraft.world.World
[23:47:23] [main/DEBUG] (FabricLoader/Mixin) fabric-lifecycle-events-v1.mixins.json:WorldMixin from mod fabric-lifecycle-events-v1: Class version 61 required is higher than the class version supported by the current version of Mixin (JAVA_16 supports class version 60)
[23:47:23] [main/DEBUG] (FabricLoader/Mixin) Mixing AttachmentTargetsMixin from fabric-data-attachment-api-v1.mixins.json into net.minecraft.world.World
[23:47:23] [main/DEBUG] (FabricLoader/Mixin) Mixing WorldViewMixin from fabric-rendering-data-attachment-v1.mixins.json into net.minecraft.world.WorldView
[23:47:23] [main/DEBUG] (FabricLoader/Mixin) Mixing WorldViewMixin from fabric-block-view-api-v2.mixins.json into net.minecraft.world.WorldView
[23:47:23] [main/DEBUG] (FabricLoader/Mixin) Mixing ServerWorldMixin from fabric-api-lookup-api-v1.mixins.json into net.minecraft.server.world.ServerWorld
[23:47:23] [main/DEBUG] (FabricLoader/Mixin) fabric-api-lookup-api-v1.mixins.json:ServerWorldMixin from mod fabric-api-lookup-api-v1: Class version 61 required is higher than the class version supported by the current version of Mixin (JAVA_16 supports class version 60)
[23:47:23] [main/DEBUG] (FabricLoader/Mixin) Renaming synthetic method lambda$fabric_invalidateCache$5(Ljava/util/Map$Entry;)Z to md6ed454$fabric-api-lookup-api-v1$lambda$fabric_invalidateCache$5$0 in fabric-api-lookup-api-v1.mixins.json:ServerWorldMixin from mod fabric-api-lookup-api-v1
[23:47:23] [main/DEBUG] (FabricLoader/Mixin) Renaming synthetic method lambda$fabric_invalidateCache$4(Ljava/lang/ref/WeakReference;)Z to md6ed454$fabric-api-lookup-api-v1$lambda$fabric_invalidateCache$4$1 in fabric-api-lookup-api-v1.mixins.json:ServerWorldMixin from mod fabric-api-lookup-api-v1
[23:47:23] [main/DEBUG] (FabricLoader/Mixin) Renaming synthetic method lambda$fabric_invalidateCache$3(Ljava/lang/ref/WeakReference;)V to md6ed454$fabric-api-lookup-api-v1$lambda$fabric_invalidateCache$3$2 in fabric-api-lookup-api-v1.mixins.json:ServerWorldMixin from mod fabric-api-lookup-api-v1
[23:47:23] [main/DEBUG] (FabricLoader/Mixin) Renaming synthetic method lambda$fabric_invalidateCache$2(Ljava/lang/ref/WeakReference;)Z to md6ed454$fabric-api-lookup-api-v1$lambda$fabric_invalidateCache$2$3 in fabric-api-lookup-api-v1.mixins.json:ServerWorldMixin from mod fabric-api-lookup-api-v1
[23:47:23] [main/DEBUG] (FabricLoader/Mixin) Renaming synthetic method lambda$fabric_registerCache$1(Ljava/lang/ref/WeakReference;)Z to md6ed454$fabric-api-lookup-api-v1$lambda$fabric_registerCache$1$4 in fabric-api-lookup-api-v1.mixins.json:ServerWorldMixin from mod fabric-api-lookup-api-v1
[23:47:23] [main/DEBUG] (FabricLoader/Mixin) Renaming synthetic method lambda$fabric_registerCache$0(Lnet/minecraft/util/math/BlockPos;)Ljava/util/List; to md6ed454$fabric-api-lookup-api-v1$lambda$fabric_registerCache$0$5 in fabric-api-lookup-api-v1.mixins.json:ServerWorldMixin from mod fabric-api-lookup-api-v1
[23:47:23] [main/DEBUG] (FabricLoader/Mixin) Mixing ServerWorldMixin from fabric-lifecycle-events-v1.mixins.json into net.minecraft.server.world.ServerWorld
[23:47:23] [main/DEBUG] (FabricLoader/Mixin) fabric-lifecycle-events-v1.mixins.json:ServerWorldMixin from mod fabric-lifecycle-events-v1: Class version 61 required is higher than the class version supported by the current version of Mixin (JAVA_16 supports class version 60)
[23:47:23] [main/DEBUG] (FabricLoader/Mixin) Mixing ServerWorldMixin from fabric-data-attachment-api-v1.mixins.json into net.minecraft.server.world.ServerWorld
[23:47:23] [main/DEBUG] (FabricLoader/Mixin) Renaming synthetic method lambda$createAttachmentsPersistentState$1(Lnet/minecraft/server/world/ServerWorld;)Lnet/fabricmc/fabric/impl/attachment/AttachmentPersistentState; to md6ed454$fabric-data-attachment-api-v1$lambda$createAttachmentsPersistentState$1$6 in fabric-data-attachment-api-v1.mixins.json:ServerWorldMixin from mod fabric-data-attachment-api-v1
[23:47:23] [main/DEBUG] (FabricLoader/Mixin) Renaming synthetic method lambda$createAttachmentsPersistentState$0(Lnet/minecraft/server/world/ServerWorld;Lnet/minecraft/nbt/NbtCompound;)Lnet/fabricmc/fabric/impl/attachment/AttachmentPersistentState; to md6ed454$fabric-data-attachment-api-v1$lambda$createAttachmentsPersistentState$0$7 in fabric-data-attachment-api-v1.mixins.json:ServerWorldMixin from mod fabric-data-attachment-api-v1
[23:47:23] [main/DEBUG] (FabricLoader/Mixin) fabric-lifecycle-events-v1.mixins.json:ServerWorldMixin from mod fabric-lifecycle-events-v1->@Inject::startWorldTick(Ljava/util/function/BooleanSupplier;Lorg/spongepowered/asm/mixin/injection/callback/CallbackInfo;)V doesn't use it's CallbackInfo
[23:47:23] [main/DEBUG] (FabricLoader/Mixin) fabric-lifecycle-events-v1.mixins.json:ServerWorldMixin from mod fabric-lifecycle-events-v1->@Inject::startWorldTick(Ljava/util/function/BooleanSupplier;Lorg/spongepowered/asm/mixin/injection/callback/CallbackInfo;)V has 0 override(s) in child classes
[23:47:23] [main/DEBUG] (FabricLoader/Mixin) fabric-lifecycle-events-v1.mixins.json:ServerWorldMixin from mod fabric-lifecycle-events-v1->@Inject::startWorldTick(Ljava/util/function/BooleanSupplier;Lorg/spongepowered/asm/mixin/injection/callback/CallbackInfo;)V won't be passed a CallbackInfo as a result
[23:47:23] [main/DEBUG] (FabricLoader/Mixin) fabric-lifecycle-events-v1.mixins.json:ServerWorldMixin from mod fabric-lifecycle-events-v1->@Inject::endWorldTick(Ljava/util/function/BooleanSupplier;Lorg/spongepowered/asm/mixin/injection/callback/CallbackInfo;)V doesn't use it's CallbackInfo
[23:47:23] [main/DEBUG] (FabricLoader/Mixin) fabric-lifecycle-events-v1.mixins.json:ServerWorldMixin from mod fabric-lifecycle-events-v1->@Inject::endWorldTick(Ljava/util/function/BooleanSupplier;Lorg/spongepowered/asm/mixin/injection/callback/CallbackInfo;)V has 0 override(s) in child classes
[23:47:23] [main/DEBUG] (FabricLoader/Mixin) fabric-lifecycle-events-v1.mixins.json:ServerWorldMixin from mod fabric-lifecycle-events-v1->@Inject::endWorldTick(Ljava/util/function/BooleanSupplier;Lorg/spongepowered/asm/mixin/injection/callback/CallbackInfo;)V won't be passed a CallbackInfo as a result
[23:47:23] [main/DEBUG] (FabricLoader/Mixin) fabric-data-attachment-api-v1.mixins.json:ServerWorldMixin from mod fabric-data-attachment-api-v1->@Inject::createAttachmentsPersistentState(Lorg/spongepowered/asm/mixin/injection/callback/CallbackInfo;)V doesn't use it's CallbackInfo
[23:47:23] [main/DEBUG] (FabricLoader/Mixin) fabric-data-attachment-api-v1.mixins.json:ServerWorldMixin from mod fabric-data-attachment-api-v1->@Inject::createAttachmentsPersistentState(Lorg/spongepowered/asm/mixin/injection/callback/CallbackInfo;)V has 0 override(s) in child classes
[23:47:23] [main/DEBUG] (FabricLoader/Mixin) fabric-data-attachment-api-v1.mixins.json:ServerWorldMixin from mod fabric-data-attachment-api-v1->@Inject::createAttachmentsPersistentState(Lorg/spongepowered/asm/mixin/injection/callback/CallbackInfo;)V won't be passed a CallbackInfo as a result
[23:47:23] [main/DEBUG] (FabricLoader/Mixin) Mixing EntityMixin from fabric-dimensions-v1.mixins.json into net.minecraft.entity.Entity
[23:47:23] [main/DEBUG] (FabricLoader/Mixin) fabric-dimensions-v1.mixins.json:EntityMixin from mod fabric-dimensions-v1: Class version 61 required is higher than the class version supported by the current version of Mixin (JAVA_16 supports class version 60)
[23:47:23] [main/DEBUG] (FabricLoader/Mixin) Mixing AttachmentTargetsMixin from fabric-data-attachment-api-v1.mixins.json into net.minecraft.entity.Entity
[23:47:23] [main/DEBUG] (FabricLoader/Mixin) Mixing EntityMixin from fabric-data-attachment-api-v1.mixins.json into net.minecraft.entity.Entity
[23:47:23] [main/DEBUG] (FabricLoader/Mixin) Mixing EntityMixin from fabric-entity-events-v1.mixins.json into net.minecraft.entity.Entity
[23:47:23] [main/DEBUG] (FabricLoader/Mixin) fabric-entity-events-v1.mixins.json:EntityMixin from mod fabric-entity-events-v1: Class version 61 required is higher than the class version supported by the current version of Mixin (JAVA_16 supports class version 60)
[23:47:23] [main/DEBUG] (FabricLoader/Mixin) fabric-dimensions-v1.mixins.json:EntityMixin from mod fabric-dimensions-v1->@Inject::getTeleportTarget(Lnet/minecraft/server/world/ServerWorld;Lorg/spongepowered/asm/mixin/injection/callback/CallbackInfoReturnable;)V does use it's CallbackInfoReturnable
[23:47:23] [main/DEBUG] (FabricLoader/Mixin) fabric-data-attachment-api-v1.mixins.json:EntityMixin from mod fabric-data-attachment-api-v1->@Inject::readEntityAttachments(Lnet/minecraft/nbt/NbtCompound;Lorg/spongepowered/asm/mixin/injection/callback/CallbackInfo;)V doesn't use it's CallbackInfo
[23:47:23] [main/DEBUG] (FabricLoader/Mixin) fabric-data-attachment-api-v1.mixins.json:EntityMixin from mod fabric-data-attachment-api-v1->@Inject::readEntityAttachments(Lnet/minecraft/nbt/NbtCompound;Lorg/spongepowered/asm/mixin/injection/callback/CallbackInfo;)V has 0 override(s) in child classes
[23:47:23] [main/DEBUG] (FabricLoader/Mixin) fabric-data-attachment-api-v1.mixins.json:EntityMixin from mod fabric-data-attachment-api-v1->@Inject::readEntityAttachments(Lnet/minecraft/nbt/NbtCompound;Lorg/spongepowered/asm/mixin/injection/callback/CallbackInfo;)V won't be passed a CallbackInfo as a result
[23:47:23] [main/DEBUG] (FabricLoader/Mixin) fabric-data-attachment-api-v1.mixins.json:EntityMixin from mod fabric-data-attachment-api-v1->@Inject::writeEntityAttachments(Lnet/minecraft/nbt/NbtCompound;Lorg/spongepowered/asm/mixin/injection/callback/CallbackInfoReturnable;)V doesn't use it's CallbackInfoReturnable
[23:47:23] [main/DEBUG] (FabricLoader/Mixin) fabric-data-attachment-api-v1.mixins.json:EntityMixin from mod fabric-data-attachment-api-v1->@Inject::writeEntityAttachments(Lnet/minecraft/nbt/NbtCompound;Lorg/spongepowered/asm/mixin/injection/callback/CallbackInfoReturnable;)V has 0 override(s) in child classes
[23:47:23] [main/DEBUG] (FabricLoader/Mixin) fabric-data-attachment-api-v1.mixins.json:EntityMixin from mod fabric-data-attachment-api-v1->@Inject::writeEntityAttachments(Lnet/minecraft/nbt/NbtCompound;Lorg/spongepowered/asm/mixin/injection/callback/CallbackInfoReturnable;)V won't be passed a CallbackInfoReturnable as a result
[23:47:23] [main/DEBUG] (FabricLoader/Mixin) fabric-entity-events-v1.mixins.json:EntityMixin from mod fabric-entity-events-v1->@Inject::afterWorldChanged(Lnet/minecraft/server/world/ServerWorld;Lorg/spongepowered/asm/mixin/injection/callback/CallbackInfoReturnable;)V does use it's CallbackInfoReturnable
[23:47:23] [main/DEBUG] (FabricLoader/Mixin) fabric-entity-events-v1.mixins.json:EntityMixin from mod fabric-entity-events-v1->@Inject::afterWorldChanged(Lnet/minecraft/server/world/ServerWorld;Lorg/spongepowered/asm/mixin/injection/callback/CallbackInfoReturnable;)V does use it's CallbackInfoReturnable
[23:47:23] [main/DEBUG] (FabricLoader/Mixin) fabric-entity-events-v1.mixins.json:EntityMixin from mod fabric-entity-events-v1->@Inject::afterWorldChanged(Lnet/minecraft/server/world/ServerWorld;Lorg/spongepowered/asm/mixin/injection/callback/CallbackInfoReturnable;)V does use it's CallbackInfoReturnable
[23:47:23] [main/DEBUG] (FabricLoader/Mixin) fabric-entity-events-v1.mixins.json:EntityMixin from mod fabric-entity-events-v1->@Inject::afterEntityTeleportedToWorld(Lnet/minecraft/server/world/ServerWorld;DDDLjava/util/Set;FFLorg/spongepowered/asm/mixin/injection/callback/CallbackInfoReturnable;FLnet/minecraft/entity/Entity;)V doesn't use it's CallbackInfoReturnable
[23:47:23] [main/DEBUG] (FabricLoader/Mixin) fabric-entity-events-v1.mixins.json:EntityMixin from mod fabric-entity-events-v1->@Inject::afterEntityTeleportedToWorld(Lnet/minecraft/server/world/ServerWorld;DDDLjava/util/Set;FFLorg/spongepowered/asm/mixin/injection/callback/CallbackInfoReturnable;FLnet/minecraft/entity/Entity;)V has 0 override(s) in child classes
[23:47:23] [main/DEBUG] (FabricLoader/Mixin) fabric-entity-events-v1.mixins.json:EntityMixin from mod fabric-entity-events-v1->@Inject::afterEntityTeleportedToWorld(Lnet/minecraft/server/world/ServerWorld;DDDLjava/util/Set;FFLorg/spongepowered/asm/mixin/injection/callback/CallbackInfoReturnable;FLnet/minecraft/entity/Entity;)V won't be passed a CallbackInfoReturnable as a result
[23:47:23] [main/DEBUG] (FabricLoader/Mixin) Mixing enchantment.CleavingShieldStunMixin from weaponsexpanded.mixins.json into net.minecraft.entity.player.PlayerEntity
[23:47:23] [main/DEBUG] (FabricLoader/Mixin) Mixing warhammer.WarhammerSweepingMixin from weaponsexpanded.mixins.json into net.minecraft.entity.player.PlayerEntity
[23:47:23] [main/DEBUG] (FabricLoader/Mixin) Mixing PlayerEntityMixin from fabric-entity-events-v1.mixins.json into net.minecraft.entity.player.PlayerEntity
[23:47:23] [main/DEBUG] (FabricLoader/Mixin) fabric-entity-events-v1.mixins.json:PlayerEntityMixin from mod fabric-entity-events-v1: Class version 61 required is higher than the class version supported by the current version of Mixin (JAVA_16 supports class version 60)
[23:47:23] [main/DEBUG] (FabricLoader/Mixin) Mixing elytra.PlayerEntityMixin from fabric-entity-events-v1.mixins.json into net.minecraft.entity.player.PlayerEntity
[23:47:23] [main/DEBUG] (FabricLoader/Mixin) fabric-entity-events-v1.mixins.json:elytra.PlayerEntityMixin from mod fabric-entity-events-v1: Class version 61 required is higher than the class version supported by the current version of Mixin (JAVA_16 supports class version 60)
[23:47:23] [main/DEBUG] (FabricLoader/Mixin) fabric-entity-events-v1.mixins.json:PlayerEntityMixin from mod fabric-entity-events-v1->@Inject::onTrySleep(Lnet/minecraft/util/math/BlockPos;Lorg/spongepowered/asm/mixin/injection/callback/CallbackInfoReturnable;)V does use it's CallbackInfoReturnable
[23:47:23] [main/DEBUG] (FabricLoader/Mixin) fabric-entity-events-v1.mixins.json:PlayerEntityMixin from mod fabric-entity-events-v1->@Inject::onIsSleepingLongEnough(Lorg/spongepowered/asm/mixin/injection/callback/CallbackInfoReturnable;)V does use it's CallbackInfoReturnable
[23:47:23] [main/DEBUG] (FabricLoader/Mixin) fabric-entity-events-v1.mixins.json:elytra.PlayerEntityMixin from mod fabric-entity-events-v1->@Inject::injectElytraCheck(Lorg/spongepowered/asm/mixin/injection/callback/CallbackInfoReturnable;)V does use it's CallbackInfoReturnable
[23:47:23] [main/DEBUG] (FabricLoader/Mixin) Mixing enchantment.FrostbiteCleanupMixin from weaponsexpanded.mixins.json into net.minecraft.entity.LivingEntity
[23:47:23] [main/DEBUG] (FabricLoader/Mixin) Mixing enchantment.FrostbiteFireMixin from weaponsexpanded.mixins.json into net.minecraft.entity.LivingEntity
[23:47:23] [main/DEBUG] (FabricLoader/Mixin) Mixing enchantment.LeechShieldBlockMixin from weaponsexpanded.mixins.json into net.minecraft.entity.LivingEntity
[23:47:23] [main/DEBUG] (FabricLoader/Mixin) Renaming synthetic method lambda$weaponsexpanded$applyLeechShieldEffects$0(Lnet/minecraft/util/Hand;Lnet/minecraft/entity/LivingEntity;)V to md6ed454$weaponsexpanded$lambda$weaponsexpanded$applyLeechShieldEffects$0$0 in weaponsexpanded.mixins.json:enchantment.LeechShieldBlockMixin from mod weaponsexpanded
[23:47:23] [main/DEBUG] (FabricLoader/Mixin) Mixing two_handed_sword.TwoHandedSwordMixin from weaponsexpanded.mixins.json into net.minecraft.entity.LivingEntity
[23:47:23] [main/DEBUG] (FabricLoader/Mixin) Mixing LivingEntityMixin from fabric-item-api-v1.mixins.json into net.minecraft.entity.LivingEntity
[23:47:23] [main/DEBUG] (FabricLoader/Mixin) fabric-item-api-v1.mixins.json:LivingEntityMixin from mod fabric-item-api-v1: Class version 61 required is higher than the class version supported by the current version of Mixin (JAVA_16 supports class version 60)
[23:47:23] [main/DEBUG] (FabricLoader/Mixin) Mixing LivingEntityMixin from fabric-lifecycle-events-v1.mixins.json into net.minecraft.entity.LivingEntity
[23:47:23] [main/DEBUG] (FabricLoader/Mixin) fabric-lifecycle-events-v1.mixins.json:LivingEntityMixin from mod fabric-lifecycle-events-v1: Class version 61 required is higher than the class version supported by the current version of Mixin (JAVA_16 supports class version 60)
[23:47:23] [main/DEBUG] (FabricLoader/Mixin) Mixing LivingEntityMixin from fabric-entity-events-v1.mixins.json into net.minecraft.entity.LivingEntity
[23:47:23] [main/DEBUG] (FabricLoader/Mixin) fabric-entity-events-v1.mixins.json:LivingEntityMixin from mod fabric-entity-events-v1: Class version 61 required is higher than the class version supported by the current version of Mixin (JAVA_16 supports class version 60)
[23:47:23] [main/DEBUG] (FabricLoader/Mixin) Mixing elytra.LivingEntityMixin from fabric-entity-events-v1.mixins.json into net.minecraft.entity.LivingEntity
[23:47:23] [main/DEBUG] (FabricLoader/Mixin) fabric-entity-events-v1.mixins.json:elytra.LivingEntityMixin from mod fabric-entity-events-v1: Class version 61 required is higher than the class version supported by the current version of Mixin (JAVA_16 supports class version 60)
[23:47:23] [main/DEBUG] (FabricLoader/Mixin) weaponsexpanded.mixins.json:enchantment.FrostbiteCleanupMixin from mod weaponsexpanded->@Inject::weaponsexpanded$onRemoveStatusEffect(Lnet/minecraft/entity/effect/StatusEffect;Lorg/spongepowered/asm/mixin/injection/callback/CallbackInfoReturnable;)V doesn't use it's CallbackInfoReturnable
[23:47:23] [main/DEBUG] (FabricLoader/Mixin) weaponsexpanded.mixins.json:enchantment.FrostbiteCleanupMixin from mod weaponsexpanded->@Inject::weaponsexpanded$onRemoveStatusEffect(Lnet/minecraft/entity/effect/StatusEffect;Lorg/spongepowered/asm/mixin/injection/callback/CallbackInfoReturnable;)V has 0 override(s) in child classes
[23:47:23] [main/DEBUG] (FabricLoader/Mixin) weaponsexpanded.mixins.json:enchantment.FrostbiteCleanupMixin from mod weaponsexpanded->@Inject::weaponsexpanded$onRemoveStatusEffect(Lnet/minecraft/entity/effect/StatusEffect;Lorg/spongepowered/asm/mixin/injection/callback/CallbackInfoReturnable;)V won't be passed a CallbackInfoReturnable as a result
[23:47:23] [main/DEBUG] (FabricLoader/Mixin) weaponsexpanded.mixins.json:enchantment.FrostbiteCleanupMixin from mod weaponsexpanded->@Inject::weaponsexpanded$afterTickStatusEffects(Lorg/spongepowered/asm/mixin/injection/callback/CallbackInfo;)V doesn't use it's CallbackInfo
[23:47:23] [main/DEBUG] (FabricLoader/Mixin) weaponsexpanded.mixins.json:enchantment.FrostbiteCleanupMixin from mod weaponsexpanded->@Inject::weaponsexpanded$afterTickStatusEffects(Lorg/spongepowered/asm/mixin/injection/callback/CallbackInfo;)V has 0 override(s) in child classes
[23:47:23] [main/DEBUG] (FabricLoader/Mixin) weaponsexpanded.mixins.json:enchantment.FrostbiteCleanupMixin from mod weaponsexpanded->@Inject::weaponsexpanded$afterTickStatusEffects(Lorg/spongepowered/asm/mixin/injection/callback/CallbackInfo;)V won't be passed a CallbackInfo as a result
[23:47:23] [main/DEBUG] (FabricLoader/Mixin) weaponsexpanded.mixins.json:enchantment.FrostbiteFireMixin from mod weaponsexpanded->@Inject::weaponsexpanded$removeFrostbiteOnFireDamage(Lnet/minecraft/entity/damage/DamageSource;FLorg/spongepowered/asm/mixin/injection/callback/CallbackInfoReturnable;)V doesn't use it's CallbackInfoReturnable
[23:47:23] [main/DEBUG] (FabricLoader/Mixin) weaponsexpanded.mixins.json:enchantment.FrostbiteFireMixin from mod weaponsexpanded->@Inject::weaponsexpanded$removeFrostbiteOnFireDamage(Lnet/minecraft/entity/damage/DamageSource;FLorg/spongepowered/asm/mixin/injection/callback/CallbackInfoReturnable;)V has 0 override(s) in child classes
[23:47:23] [main/DEBUG] (FabricLoader/Mixin) weaponsexpanded.mixins.json:enchantment.FrostbiteFireMixin from mod weaponsexpanded->@Inject::weaponsexpanded$removeFrostbiteOnFireDamage(Lnet/minecraft/entity/damage/DamageSource;FLorg/spongepowered/asm/mixin/injection/callback/CallbackInfoReturnable;)V won't be passed a CallbackInfoReturnable as a result
[23:47:23] [main/DEBUG] (FabricLoader/Mixin) weaponsexpanded.mixins.json:two_handed_sword.TwoHandedSwordMixin from mod weaponsexpanded->@Inject::weaponsexpanded$twoHandedSwordTick(Lorg/spongepowered/asm/mixin/injection/callback/CallbackInfo;)V doesn't use it's CallbackInfo
[23:47:23] [main/DEBUG] (FabricLoader/Mixin) weaponsexpanded.mixins.json:two_handed_sword.TwoHandedSwordMixin from mod weaponsexpanded->@Inject::weaponsexpanded$twoHandedSwordTick(Lorg/spongepowered/asm/mixin/injection/callback/CallbackInfo;)V has 0 override(s) in child classes
[23:47:23] [main/DEBUG] (FabricLoader/Mixin) weaponsexpanded.mixins.json:two_handed_sword.TwoHandedSwordMixin from mod weaponsexpanded->@Inject::weaponsexpanded$twoHandedSwordTick(Lorg/spongepowered/asm/mixin/injection/callback/CallbackInfo;)V won't be passed a CallbackInfo as a result
[23:47:23] [main/DEBUG] (FabricLoader/Mixin) weaponsexpanded.mixins.json:two_handed_sword.TwoHandedSwordMixin from mod weaponsexpanded->@Inject::weaponsexpanded$preventOffhandUseWhileTwoHanded(Lnet/minecraft/util/Hand;Lorg/spongepowered/asm/mixin/injection/callback/CallbackInfo;)V does use it's CallbackInfo
[23:47:23] [main/DEBUG] (FabricLoader/Mixin) fabric-item-api-v1.mixins.json:LivingEntityMixin from mod fabric-item-api-v1->@Inject::onGetPreferredEquipmentSlot(Lnet/minecraft/item/ItemStack;Lorg/spongepowered/asm/mixin/injection/callback/CallbackInfoReturnable;)V does use it's CallbackInfoReturnable
[23:47:23] [main/DEBUG] (FabricLoader/Mixin) fabric-lifecycle-events-v1.mixins.json:LivingEntityMixin from mod fabric-lifecycle-events-v1->@Inject::getEquipmentChanges(Lorg/spongepowered/asm/mixin/injection/callback/CallbackInfoReturnable;Ljava/util/Map;[Lnet/minecraft/entity/EquipmentSlot;IILnet/minecraft/entity/EquipmentSlot;Lnet/minecraft/item/ItemStack;Lnet/minecraft/item/ItemStack;)V doesn't use it's CallbackInfoReturnable
[23:47:23] [main/DEBUG] (FabricLoader/Mixin) fabric-lifecycle-events-v1.mixins.json:LivingEntityMixin from mod fabric-lifecycle-events-v1->@Inject::getEquipmentChanges(Lorg/spongepowered/asm/mixin/injection/callback/CallbackInfoReturnable;Ljava/util/Map;[Lnet/minecraft/entity/EquipmentSlot;IILnet/minecraft/entity/EquipmentSlot;Lnet/minecraft/item/ItemStack;Lnet/minecraft/item/ItemStack;)V has 0 override(s) in child classes
[23:47:23] [main/DEBUG] (FabricLoader/Mixin) fabric-lifecycle-events-v1.mixins.json:LivingEntityMixin from mod fabric-lifecycle-events-v1->@Inject::getEquipmentChanges(Lorg/spongepowered/asm/mixin/injection/callback/CallbackInfoReturnable;Ljava/util/Map;[Lnet/minecraft/entity/EquipmentSlot;IILnet/minecraft/entity/EquipmentSlot;Lnet/minecraft/item/ItemStack;Lnet/minecraft/item/ItemStack;)V won't be passed a CallbackInfoReturnable as a result
[23:47:23] [main/DEBUG] (FabricLoader/Mixin) fabric-entity-events-v1.mixins.json:LivingEntityMixin from mod fabric-entity-events-v1->@Inject::notifyDeath(Lnet/minecraft/entity/damage/DamageSource;Lorg/spongepowered/asm/mixin/injection/callback/CallbackInfo;)V doesn't use it's CallbackInfo
[23:47:23] [main/DEBUG] (FabricLoader/Mixin) fabric-entity-events-v1.mixins.json:LivingEntityMixin from mod fabric-entity-events-v1->@Inject::notifyDeath(Lnet/minecraft/entity/damage/DamageSource;Lorg/spongepowered/asm/mixin/injection/callback/CallbackInfo;)V has 0 override(s) in child classes
[23:47:23] [main/DEBUG] (FabricLoader/Mixin) fabric-entity-events-v1.mixins.json:LivingEntityMixin from mod fabric-entity-events-v1->@Inject::notifyDeath(Lnet/minecraft/entity/damage/DamageSource;Lorg/spongepowered/asm/mixin/injection/callback/CallbackInfo;)V won't be passed a CallbackInfo as a result
[23:47:23] [main/DEBUG] (FabricLoader/Mixin) fabric-entity-events-v1.mixins.json:LivingEntityMixin from mod fabric-entity-events-v1->@Inject::beforeDamage(Lnet/minecraft/entity/damage/DamageSource;FLorg/spongepowered/asm/mixin/injection/callback/CallbackInfoReturnable;)V does use it's CallbackInfoReturnable
[23:47:23] [main/DEBUG] (FabricLoader/Mixin) fabric-entity-events-v1.mixins.json:LivingEntityMixin from mod fabric-entity-events-v1->@Inject::onSleep(Lnet/minecraft/util/math/BlockPos;Lorg/spongepowered/asm/mixin/injection/callback/CallbackInfo;)V doesn't use it's CallbackInfo
[23:47:23] [main/DEBUG] (FabricLoader/Mixin) fabric-entity-events-v1.mixins.json:LivingEntityMixin from mod fabric-entity-events-v1->@Inject::onSleep(Lnet/minecraft/util/math/BlockPos;Lorg/spongepowered/asm/mixin/injection/callback/CallbackInfo;)V has 0 override(s) in child classes
[23:47:23] [main/DEBUG] (FabricLoader/Mixin) fabric-entity-events-v1.mixins.json:LivingEntityMixin from mod fabric-entity-events-v1->@Inject::onSleep(Lnet/minecraft/util/math/BlockPos;Lorg/spongepowered/asm/mixin/injection/callback/CallbackInfo;)V won't be passed a CallbackInfo as a result
[23:47:23] [main/DEBUG] (FabricLoader/Mixin) fabric-entity-events-v1.mixins.json:LivingEntityMixin from mod fabric-entity-events-v1->@Inject::onWakeUp(Lorg/spongepowered/asm/mixin/injection/callback/CallbackInfo;)V doesn't use it's CallbackInfo
[23:47:23] [main/DEBUG] (FabricLoader/Mixin) fabric-entity-events-v1.mixins.json:LivingEntityMixin from mod fabric-entity-events-v1->@Inject::onWakeUp(Lorg/spongepowered/asm/mixin/injection/callback/CallbackInfo;)V has 0 override(s) in child classes
[23:47:23] [main/DEBUG] (FabricLoader/Mixin) fabric-entity-events-v1.mixins.json:LivingEntityMixin from mod fabric-entity-events-v1->@Inject::onWakeUp(Lorg/spongepowered/asm/mixin/injection/callback/CallbackInfo;)V won't be passed a CallbackInfo as a result
[23:47:23] [main/DEBUG] (FabricLoader/Mixin) fabric-entity-events-v1.mixins.json:LivingEntityMixin from mod fabric-entity-events-v1->@Inject::onIsSleepingInBed(Lnet/minecraft/util/math/BlockPos;Lorg/spongepowered/asm/mixin/injection/callback/CallbackInfoReturnable;)V does use it's CallbackInfoReturnable
[23:47:23] [main/DEBUG] (FabricLoader/Mixin) fabric-entity-events-v1.mixins.json:elytra.LivingEntityMixin from mod fabric-entity-events-v1->@Inject::injectElytraTick(Lorg/spongepowered/asm/mixin/injection/callback/CallbackInfo;)V does use it's CallbackInfo
[23:47:23] [main/DEBUG] (FabricLoader/Mixin) Mixing IdListMixin from fabric-registry-sync-v0.mixins.json into net.minecraft.util.collection.IdList
[23:47:23] [main/DEBUG] (FabricLoader/Mixin) fabric-registry-sync-v0.mixins.json:IdListMixin from mod fabric-registry-sync-v0: Class version 61 required is higher than the class version supported by the current version of Mixin (JAVA_16 supports class version 60)
[23:47:23] [main/DEBUG] (FabricLoader/Mixin) Renaming synthetic method lambda$fabric_remapIds$0(Lit/unimi/dsi/fastutil/ints/Int2IntMap;Ljava/lang/Object;Ljava/lang/Integer;)Ljava/lang/Integer; to md6ed454$fabric-registry-sync-v0$lambda$fabric_remapIds$0$0 in fabric-registry-sync-v0.mixins.json:IdListMixin from mod fabric-registry-sync-v0
[23:47:23] [main/DEBUG] (FabricLoader/Mixin) Mixing DetectorRailBlockMixin from fabric-object-builder-v1.mixins.json into net.minecraft.block.DetectorRailBlock
[23:47:23] [main/DEBUG] (FabricLoader/Mixin) fabric-object-builder-v1.mixins.json:DetectorRailBlockMixin from mod fabric-object-builder-api-v1: Class version 61 required is higher than the class version supported by the current version of Mixin (JAVA_16 supports class version 60)
[23:47:23] [main/DEBUG] (FabricLoader/Mixin) Renaming synthetic method lambda$getCustomComparatorOutput$0(Lnet/minecraft/entity/Entity;)Z to md6ed454$fabric-object-builder-api-v1$lambda$getCustomComparatorOutput$0$0 in fabric-object-builder-v1.mixins.json:DetectorRailBlockMixin from mod fabric-object-builder-api-v1
[23:47:23] [main/DEBUG] (FabricLoader/Mixin) fabric-object-builder-v1.mixins.json:DetectorRailBlockMixin from mod fabric-object-builder-api-v1->@Inject::getCustomComparatorOutput(Lnet/minecraft/block/BlockState;Lnet/minecraft/world/World;Lnet/minecraft/util/math/BlockPos;Lorg/spongepowered/asm/mixin/injection/callback/CallbackInfoReturnable;)V does use it's CallbackInfoReturnable
[23:47:23] [main/DEBUG] (FabricLoader/Mixin) Mixing DropperBlockMixin from fabric-transfer-api-v1.mixins.json into net.minecraft.block.DropperBlock
[23:47:23] [main/DEBUG] (FabricLoader/Mixin) fabric-transfer-api-v1.mixins.json:DropperBlockMixin from mod fabric-transfer-api-v1: Class version 61 required is higher than the class version supported by the current version of Mixin (JAVA_16 supports class version 60)
[23:47:23] [main/DEBUG] (FabricLoader/Mixin) Renaming synthetic method lambda$hookDispense$0(Lnet/fabricmc/fabric/api/transfer/v1/item/ItemVariant;)Z to md6ed454$fabric-transfer-api-v1$lambda$hookDispense$0$0 in fabric-transfer-api-v1.mixins.json:DropperBlockMixin from mod fabric-transfer-api-v1
[23:47:23] [main/DEBUG] (FabricLoader/Mixin) fabric-transfer-api-v1.mixins.json:DropperBlockMixin from mod fabric-transfer-api-v1->@Inject::hookDispense(Lnet/minecraft/server/world/ServerWorld;Lnet/minecraft/util/math/BlockPos;Lorg/spongepowered/asm/mixin/injection/callback/CallbackInfo;)V does use it's CallbackInfo
[23:47:23] [main/DEBUG] (FabricLoader/Mixin) Mixing BeehiveBlockMixin from fabric-events-interaction-v0.mixins.json into net.minecraft.block.BeehiveBlock
[23:47:23] [main/DEBUG] (FabricLoader/Mixin) fabric-events-interaction-v0.mixins.json:BeehiveBlockMixin from mod fabric-events-interaction-v0: Class version 61 required is higher than the class version supported by the current version of Mixin (JAVA_16 supports class version 60)
[23:47:23] [main/DEBUG] (FabricLoader/Mixin) fabric-events-interaction-v0.mixins.json:BeehiveBlockMixin from mod fabric-events-interaction-v0->@Inject::afterNearbyBeesPlayers(Lnet/minecraft/world/World;Lnet/minecraft/util/math/BlockPos;Lorg/spongepowered/asm/mixin/injection/callback/CallbackInfo;Ljava/util/List;Ljava/util/List;)V does use it's CallbackInfo
[23:47:23] [main/DEBUG] (FabricLoader/Mixin) Mixing OxidizableMixin from fabric-content-registries-v0.mixins.json into net.minecraft.block.Oxidizable
[23:47:23] [main/DEBUG] (FabricLoader/Mixin) fabric-content-registries-v0.mixins.json:OxidizableMixin from mod fabric-content-registries-v0: Class version 61 required is higher than the class version supported by the current version of Mixin (JAVA_16 supports class version 60)
[23:47:23] [main/DEBUG] (FabricLoader/Mixin) fabric-content-registries-v0.mixins.json:OxidizableMixin from mod fabric-content-registries-v0->@Inject::createOxidationLevelIncreasesMap(Lorg/spongepowered/asm/mixin/injection/callback/CallbackInfoReturnable;)V does use it's CallbackInfoReturnable
[23:47:23] [main/DEBUG] (FabricLoader/Mixin) Mixing AbstractBlockSettingsAccessor from fabric-object-builder-v1.mixins.json into net.minecraft.block.AbstractBlock$Settings
[23:47:23] [main/DEBUG] (FabricLoader/Mixin) fabric-object-builder-v1.mixins.json:AbstractBlockSettingsAccessor from mod fabric-object-builder-api-v1: Class version 61 required is higher than the class version supported by the current version of Mixin (JAVA_16 supports class version 60)
[23:47:23] [main/DEBUG] (FabricLoader/Mixin) Mixing BlockStateMixin from fabric-block-api-v1.mixins.json into net.minecraft.block.BlockState
[23:47:23] [main/DEBUG] (FabricLoader/Mixin) Mixing BlockEntityMixin from fabric-rendering-data-attachment-v1.mixins.json into net.minecraft.block.entity.BlockEntity
[23:47:23] [main/DEBUG] (FabricLoader/Mixin) Mixing BlockEntityMixin from fabric-block-view-api-v2.mixins.json into net.minecraft.block.entity.BlockEntity
[23:47:23] [main/DEBUG] (FabricLoader/Mixin) Mixing AttachmentTargetsMixin from fabric-data-attachment-api-v1.mixins.json into net.minecraft.block.entity.BlockEntity
[23:47:23] [main/DEBUG] (FabricLoader/Mixin) Mixing BlockEntityMixin from fabric-data-attachment-api-v1.mixins.json into net.minecraft.block.entity.BlockEntity
[23:47:23] [main/DEBUG] (FabricLoader/Mixin) fabric-data-attachment-api-v1.mixins.json:BlockEntityMixin from mod fabric-data-attachment-api-v1->@Inject::readBlockEntityAttachments(Lnet/minecraft/nbt/NbtCompound;Ljava/lang/String;Lnet/minecraft/block/entity/BlockEntity;Lorg/spongepowered/asm/mixin/injection/callback/CallbackInfoReturnable;)V doesn't use it's CallbackInfoReturnable
[23:47:23] [main/DEBUG] (FabricLoader/Mixin) fabric-data-attachment-api-v1.mixins.json:BlockEntityMixin from mod fabric-data-attachment-api-v1->@Inject::writeBlockEntityAttachments(Lorg/spongepowered/asm/mixin/injection/callback/CallbackInfoReturnable;)V does use it's CallbackInfoReturnable
[23:47:23] [main/DEBUG] (FabricLoader/Mixin) Mixing NamedScreenHandlerFactoryMixin from fabric-screen-handler-api-v1.mixins.json into net.minecraft.screen.NamedScreenHandlerFactory
[23:47:23] [main/DEBUG] (FabricLoader/Mixin) fabric-screen-handler-api-v1.mixins.json:NamedScreenHandlerFactoryMixin from mod fabric-screen-handler-api-v1: Class version 61 required is higher than the class version supported by the current version of Mixin (JAVA_16 supports class version 60)
[23:47:23] [main/DEBUG] (FabricLoader/Mixin) Mixing LootableContainerBlockEntityMixin from fabric-transfer-api-v1.mixins.json into net.minecraft.block.entity.LootableContainerBlockEntity
[23:47:23] [main/DEBUG] (FabricLoader/Mixin) fabric-transfer-api-v1.mixins.json:LootableContainerBlockEntityMixin from mod fabric-transfer-api-v1: Class version 61 required is higher than the class version supported by the current version of Mixin (JAVA_16 supports class version 60)
[23:47:23] [main/DEBUG] (FabricLoader/Mixin) Mixing ChiseledBookshelfBlockEntityMixin from fabric-transfer-api-v1.mixins.json into net.minecraft.block.entity.ChiseledBookshelfBlockEntity
[23:47:23] [main/DEBUG] (FabricLoader/Mixin) fabric-transfer-api-v1.mixins.json:ChiseledBookshelfBlockEntityMixin from mod fabric-transfer-api-v1: Class version 61 required is higher than the class version supported by the current version of Mixin (JAVA_16 supports class version 60)
[23:47:23] [main/DEBUG] (FabricLoader/Mixin) fabric-transfer-api-v1.mixins.json:ChiseledBookshelfBlockEntityMixin from mod fabric-transfer-api-v1->@Inject::setStackBypass(ILnet/minecraft/item/ItemStack;Lorg/spongepowered/asm/mixin/injection/callback/CallbackInfo;)V does use it's CallbackInfo
[23:47:23] [main/DEBUG] (FabricLoader/Mixin) Mixing AbstractFurnaceBlockEntityMixin from fabric-transfer-api-v1.mixins.json into net.minecraft.block.entity.AbstractFurnaceBlockEntity
[23:47:23] [main/DEBUG] (FabricLoader/Mixin) fabric-transfer-api-v1.mixins.json:AbstractFurnaceBlockEntityMixin from mod fabric-transfer-api-v1: Class version 61 required is higher than the class version supported by the current version of Mixin (JAVA_16 supports class version 60)
[23:47:23] [main/DEBUG] (FabricLoader/Mixin) Mixing AbstractFurnaceBlockEntityMixin from fabric-item-api-v1.mixins.json into net.minecraft.block.entity.AbstractFurnaceBlockEntity
[23:47:23] [main/DEBUG] (FabricLoader/Mixin) fabric-item-api-v1.mixins.json:AbstractFurnaceBlockEntityMixin from mod fabric-item-api-v1: Class version 61 required is higher than the class version supported by the current version of Mixin (JAVA_16 supports class version 60)
[23:47:23] [main/DEBUG] (FabricLoader/Mixin) Mixing AbstractFurnaceBlockEntityMixin from fabric-content-registries-v0.mixins.json into net.minecraft.block.entity.AbstractFurnaceBlockEntity
[23:47:23] [main/DEBUG] (FabricLoader/Mixin) fabric-content-registries-v0.mixins.json:AbstractFurnaceBlockEntityMixin from mod fabric-content-registries-v0: Class version 61 required is higher than the class version supported by the current version of Mixin (JAVA_16 supports class version 60)
[23:47:23] [main/DEBUG] (FabricLoader/Mixin) fabric-transfer-api-v1.mixins.json:AbstractFurnaceBlockEntityMixin from mod fabric-transfer-api-v1->@Inject::setStackSuppressUpdate(ILnet/minecraft/item/ItemStack;Lorg/spongepowered/asm/mixin/injection/callback/CallbackInfo;)V does use it's CallbackInfo
[23:47:23] [main/DEBUG] (FabricLoader/Mixin) fabric-item-api-v1.mixins.json:AbstractFurnaceBlockEntityMixin from mod fabric-item-api-v1->@Inject::getStackRemainder(Lnet/minecraft/world/World;Lnet/minecraft/util/math/BlockPos;Lnet/minecraft/block/BlockState;Lnet/minecraft/block/entity/AbstractFurnaceBlockEntity;Lorg/spongepowered/asm/mixin/injection/callback/CallbackInfo;ZZLnet/minecraft/item/ItemStack;ZZLnet/minecraft/recipe/Recipe;I)V doesn't use it's CallbackInfo
[23:47:23] [main/DEBUG] (FabricLoader/Mixin) fabric-content-registries-v0.mixins.json:AbstractFurnaceBlockEntityMixin from mod fabric-content-registries-v0->@Inject::fuelTimeMapHook(Lorg/spongepowered/asm/mixin/injection/callback/CallbackInfoReturnable;)V does use it's CallbackInfoReturnable
[23:47:23] [main/DEBUG] (FabricLoader/Mixin) Mixing enchantment.ProjectileFreezeMixin from weaponsexpanded.mixins.json into net.minecraft.entity.projectile.PersistentProjectileEntity
[23:47:23] [main/DEBUG] (FabricLoader/Mixin) Mixing heavy_arrow.HeavyArrowSidePickupVanishMixin from weaponsexpanded.mixins.json into net.minecraft.entity.projectile.PersistentProjectileEntity
[23:47:23] [main/DEBUG] (FabricLoader/Mixin) Mixing invoker.PersistentProjectileEntityPierceInvoker from weaponsexpanded.mixins.json into net.minecraft.entity.projectile.PersistentProjectileEntity
[23:47:23] [main/DEBUG] (FabricLoader/Mixin) weaponsexpanded.mixins.json:enchantment.ProjectileFreezeMixin from mod weaponsexpanded->@Inject::weaponsexpanded$applyFreezeOnHit(Lnet/minecraft/util/hit/EntityHitResult;Lorg/spongepowered/asm/mixin/injection/callback/CallbackInfo;)V doesn't use it's CallbackInfo
[23:47:23] [main/DEBUG] (FabricLoader/Mixin) weaponsexpanded.mixins.json:enchantment.ProjectileFreezeMixin from mod weaponsexpanded->@Inject::weaponsexpanded$applyFreezeOnHit(Lnet/minecraft/util/hit/EntityHitResult;Lorg/spongepowered/asm/mixin/injection/callback/CallbackInfo;)V has 0 override(s) in child classes
[23:47:23] [main/DEBUG] (FabricLoader/Mixin) weaponsexpanded.mixins.json:enchantment.ProjectileFreezeMixin from mod weaponsexpanded->@Inject::weaponsexpanded$applyFreezeOnHit(Lnet/minecraft/util/hit/EntityHitResult;Lorg/spongepowered/asm/mixin/injection/callback/CallbackInfo;)V won't be passed a CallbackInfo as a result
[23:47:23] [main/DEBUG] (FabricLoader/Mixin) weaponsexpanded.mixins.json:enchantment.ProjectileFreezeMixin from mod weaponsexpanded->@Inject::weaponsexpanded$tickFreezeEffects(Lorg/spongepowered/asm/mixin/injection/callback/CallbackInfo;)V doesn't use it's CallbackInfo
[23:47:23] [main/DEBUG] (FabricLoader/Mixin) weaponsexpanded.mixins.json:enchantment.ProjectileFreezeMixin from mod weaponsexpanded->@Inject::weaponsexpanded$tickFreezeEffects(Lorg/spongepowered/asm/mixin/injection/callback/CallbackInfo;)V has 0 override(s) in child classes
[23:47:23] [main/DEBUG] (FabricLoader/Mixin) weaponsexpanded.mixins.json:enchantment.ProjectileFreezeMixin from mod weaponsexpanded->@Inject::weaponsexpanded$tickFreezeEffects(Lorg/spongepowered/asm/mixin/injection/callback/CallbackInfo;)V won't be passed a CallbackInfo as a result
[23:47:23] [main/DEBUG] (FabricLoader/Mixin) weaponsexpanded.mixins.json:heavy_arrow.HeavyArrowSidePickupVanishMixin from mod weaponsexpanded->@Inject::weaponsexpanded$vanishHeavyArrowOnPickup(Lnet/minecraft/entity/player/PlayerEntity;Lorg/spongepowered/asm/mixin/injection/callback/CallbackInfoReturnable;)V does use it's CallbackInfoReturnable
[23:47:23] [main/DEBUG] (FabricLoader/Mixin) Mixing enchantment.ProjectileEntityMixin from weaponsexpanded.mixins.json into net.minecraft.entity.projectile.ProjectileEntity
[23:47:23] [main/DEBUG] (FabricLoader/Mixin) weaponsexpanded.mixins.json:enchantment.ProjectileEntityMixin from mod weaponsexpanded->@Inject::weaponsExpanded$copyFreezeLevel(Lnet/minecraft/entity/Entity;Lorg/spongepowered/asm/mixin/injection/callback/CallbackInfo;)V doesn't use it's CallbackInfo
[23:47:23] [main/DEBUG] (FabricLoader/Mixin) weaponsexpanded.mixins.json:enchantment.ProjectileEntityMixin from mod weaponsexpanded->@Inject::weaponsExpanded$copyFreezeLevel(Lnet/minecraft/entity/Entity;Lorg/spongepowered/asm/mixin/injection/callback/CallbackInfo;)V has 0 override(s) in child classes
[23:47:23] [main/DEBUG] (FabricLoader/Mixin) weaponsexpanded.mixins.json:enchantment.ProjectileEntityMixin from mod weaponsexpanded->@Inject::weaponsExpanded$copyFreezeLevel(Lnet/minecraft/entity/Entity;Lorg/spongepowered/asm/mixin/injection/callback/CallbackInfo;)V won't be passed a CallbackInfo as a result
[23:47:23] [main/DEBUG] (FabricLoader/Mixin) Mixing JukeboxBlockEntityMixin from fabric-transfer-api-v1.mixins.json into net.minecraft.block.entity.JukeboxBlockEntity
[23:47:23] [main/DEBUG] (FabricLoader/Mixin) fabric-transfer-api-v1.mixins.json:JukeboxBlockEntityMixin from mod fabric-transfer-api-v1: Class version 61 required is higher than the class version supported by the current version of Mixin (JAVA_16 supports class version 60)
[23:47:23] [main/DEBUG] (FabricLoader/Mixin) fabric-transfer-api-v1.mixins.json:JukeboxBlockEntityMixin from mod fabric-transfer-api-v1->@Inject::setStackBypass(ILnet/minecraft/item/ItemStack;Lorg/spongepowered/asm/mixin/injection/callback/CallbackInfo;)V does use it's CallbackInfo
[23:47:23] [main/DEBUG] (FabricLoader/Mixin) Mixing entity_equipment.LivingEntityEquipStackZombieSwapMixin from weaponsexpanded.mixins.json into net.minecraft.entity.mob.MobEntity
[23:47:23] [main/DEBUG] (FabricLoader/Mixin) Mixing MobEntityMixin from fabric-entity-events-v1.mixins.json into net.minecraft.entity.mob.MobEntity
[23:47:23] [main/DEBUG] (FabricLoader/Mixin) fabric-entity-events-v1.mixins.json:MobEntityMixin from mod fabric-entity-events-v1: Class version 61 required is higher than the class version supported by the current version of Mixin (JAVA_16 supports class version 60)
[23:47:23] [main/DEBUG] (FabricLoader/Mixin) weaponsexpanded.mixins.json:entity_equipment.LivingEntityEquipStackZombieSwapMixin from mod weaponsexpanded->@Inject::weaponsexpanded$swapZombieSwordWhenEquipped(Lnet/minecraft/entity/EquipmentSlot;Lnet/minecraft/item/ItemStack;Lorg/spongepowered/asm/mixin/injection/callback/CallbackInfo;)V doesn't use it's CallbackInfo
[23:47:23] [main/DEBUG] (FabricLoader/Mixin) weaponsexpanded.mixins.json:entity_equipment.LivingEntityEquipStackZombieSwapMixin from mod weaponsexpanded->@Inject::weaponsexpanded$swapZombieSwordWhenEquipped(Lnet/minecraft/entity/EquipmentSlot;Lnet/minecraft/item/ItemStack;Lorg/spongepowered/asm/mixin/injection/callback/CallbackInfo;)V has 0 override(s) in child classes
[23:47:23] [main/DEBUG] (FabricLoader/Mixin) weaponsexpanded.mixins.json:entity_equipment.LivingEntityEquipStackZombieSwapMixin from mod weaponsexpanded->@Inject::weaponsexpanded$swapZombieSwordWhenEquipped(Lnet/minecraft/entity/EquipmentSlot;Lnet/minecraft/item/ItemStack;Lorg/spongepowered/asm/mixin/injection/callback/CallbackInfo;)V won't be passed a CallbackInfo as a result
[23:47:23] [main/DEBUG] (FabricLoader/Mixin) Mixing BrewingStandBlockEntityMixin from fabric-item-api-v1.mixins.json into net.minecraft.block.entity.BrewingStandBlockEntity
[23:47:23] [main/DEBUG] (FabricLoader/Mixin) fabric-item-api-v1.mixins.json:BrewingStandBlockEntityMixin from mod fabric-item-api-v1: Class version 61 required is higher than the class version supported by the current version of Mixin (JAVA_16 supports class version 60)
[23:47:23] [main/DEBUG] (FabricLoader/Mixin) fabric-item-api-v1.mixins.json:BrewingStandBlockEntityMixin from mod fabric-item-api-v1->@Inject::captureItemStack(Lnet/minecraft/world/World;Lnet/minecraft/util/math/BlockPos;Lnet/minecraft/util/collection/DefaultedList;Lorg/spongepowered/asm/mixin/injection/callback/CallbackInfo;Lnet/minecraft/item/ItemStack;)V doesn't use it's CallbackInfo
[23:47:23] [main/DEBUG] (FabricLoader/Mixin) Mixing two_handed_sword.TwoHandedSwordTooltipMixin from weaponsexpanded.mixins.json into net.minecraft.item.ItemStack
[23:47:23] [main/DEBUG] (FabricLoader/Mixin) Mixing ItemStackMixin from fabric-item-api-v1.mixins.json into net.minecraft.item.ItemStack
[23:47:23] [main/DEBUG] (FabricLoader/Mixin) fabric-item-api-v1.mixins.json:ItemStackMixin from mod fabric-item-api-v1: Class version 61 required is higher than the class version supported by the current version of Mixin (JAVA_16 supports class version 60)
[23:47:23] [main/DEBUG] (FabricLoader/Mixin) Mixing ItemStackMixin from fabric-item-api-v1.client.mixins.json into net.minecraft.item.ItemStack
[23:47:23] [main/DEBUG] (FabricLoader/Mixin) fabric-item-api-v1.client.mixins.json:ItemStackMixin from mod fabric-item-api-v1: Class version 61 required is higher than the class version supported by the current version of Mixin (JAVA_16 supports class version 60)
[23:47:23] [main/DEBUG] (FabricLoader/Mixin) weaponsexpanded.mixins.json:two_handed_sword.TwoHandedSwordTooltipMixin from mod weaponsexpanded->@Inject::weaponsexpanded$correctWeaponAttributeTooltip(Lnet/minecraft/entity/player/PlayerEntity;Lnet/minecraft/client/item/TooltipContext;Lorg/spongepowered/asm/mixin/injection/callback/CallbackInfoReturnable;)V does use it's CallbackInfoReturnable
[23:47:23] [main/DEBUG] (FabricLoader/Mixin) fabric-item-api-v1.mixins.json:ItemStackMixin from mod fabric-item-api-v1->@Inject::saveDamager(ILnet/minecraft/entity/LivingEntity;Ljava/util/function/Consumer;Lorg/spongepowered/asm/mixin/injection/callback/CallbackInfo;)V doesn't use it's CallbackInfo
[23:47:23] [main/DEBUG] (FabricLoader/Mixin) fabric-item-api-v1.mixins.json:ItemStackMixin from mod fabric-item-api-v1->@Inject::clearDamage(ILnet/minecraft/entity/LivingEntity;Ljava/util/function/Consumer;Lorg/spongepowered/asm/mixin/injection/callback/CallbackInfo;)V doesn't use it's CallbackInfo
[23:47:23] [main/DEBUG] (FabricLoader/Mixin) fabric-item-api-v1.mixins.json:ItemStackMixin from mod fabric-item-api-v1->@Inject::clearDamage(ILnet/minecraft/entity/LivingEntity;Ljava/util/function/Consumer;Lorg/spongepowered/asm/mixin/injection/callback/CallbackInfo;)V doesn't use it's CallbackInfo
[23:47:23] [main/DEBUG] (FabricLoader/Mixin) fabric-item-api-v1.mixins.json:ItemStackMixin from mod fabric-item-api-v1->@Inject::clearDamage(ILnet/minecraft/entity/LivingEntity;Ljava/util/function/Consumer;Lorg/spongepowered/asm/mixin/injection/callback/CallbackInfo;)V doesn't use it's CallbackInfo
[23:47:23] [main/DEBUG] (FabricLoader/Mixin) fabric-item-api-v1.client.mixins.json:ItemStackMixin from mod fabric-item-api-v1->@Inject::getTooltip(Lnet/minecraft/entity/player/PlayerEntity;Lnet/minecraft/client/item/TooltipContext;Lorg/spongepowered/asm/mixin/injection/callback/CallbackInfoReturnable;)V does use it's CallbackInfoReturnable
[23:47:24] [main/DEBUG] (FabricLoader/Mixin) Mixing HopperBlockEntityMixin from fabric-transfer-api-v1.mixins.json into net.minecraft.block.entity.HopperBlockEntity
[23:47:24] [main/DEBUG] (FabricLoader/Mixin) fabric-transfer-api-v1.mixins.json:HopperBlockEntityMixin from mod fabric-transfer-api-v1: Class version 61 required is higher than the class version supported by the current version of Mixin (JAVA_16 supports class version 60)
[23:47:24] [main/DEBUG] (FabricLoader/Mixin) Renaming synthetic method lambda$hookExtract$1(Lnet/fabricmc/fabric/api/transfer/v1/item/ItemVariant;)Z to md6ed454$fabric-transfer-api-v1$lambda$hookExtract$1$0 in fabric-transfer-api-v1.mixins.json:HopperBlockEntityMixin from mod fabric-transfer-api-v1
[23:47:24] [main/DEBUG] (FabricLoader/Mixin) Renaming synthetic method lambda$hookInsert$0(Lnet/fabricmc/fabric/api/transfer/v1/item/ItemVariant;)Z to md6ed454$fabric-transfer-api-v1$lambda$hookInsert$0$1 in fabric-transfer-api-v1.mixins.json:HopperBlockEntityMixin from mod fabric-transfer-api-v1
[23:47:24] [main/DEBUG] (FabricLoader/Mixin) fabric-transfer-api-v1.mixins.json:HopperBlockEntityMixin from mod fabric-transfer-api-v1->@Inject::hookInsert(Lnet/minecraft/world/World;Lnet/minecraft/util/math/BlockPos;Lnet/minecraft/block/BlockState;Lnet/minecraft/inventory/Inventory;Lorg/spongepowered/asm/mixin/injection/callback/CallbackInfoReturnable;Lnet/minecraft/inventory/Inventory;)V does use it's CallbackInfoReturnable
[23:47:24] [main/DEBUG] (FabricLoader/Mixin) fabric-transfer-api-v1.mixins.json:HopperBlockEntityMixin from mod fabric-transfer-api-v1->@Inject::hookExtract(Lnet/minecraft/world/World;Lnet/minecraft/block/entity/Hopper;Lorg/spongepowered/asm/mixin/injection/callback/CallbackInfoReturnable;Lnet/minecraft/inventory/Inventory;)V does use it's CallbackInfoReturnable
[23:47:24] [main/DEBUG] (FabricLoader/Mixin) Mixing TadpoleEntityMixin from fabric-entity-events-v1.mixins.json into net.minecraft.entity.passive.TadpoleEntity
[23:47:24] [main/DEBUG] (FabricLoader/Mixin) fabric-entity-events-v1.mixins.json:TadpoleEntityMixin from mod fabric-entity-events-v1: Class version 61 required is higher than the class version supported by the current version of Mixin (JAVA_16 supports class version 60)
[23:47:24] [main/DEBUG] (FabricLoader/Mixin) Mixing ArmorItemMixin from fabric-item-api-v1.mixins.json into net.minecraft.item.ArmorItem
[23:47:24] [main/DEBUG] (FabricLoader/Mixin) fabric-item-api-v1.mixins.json:ArmorItemMixin from mod fabric-item-api-v1: Class version 61 required is higher than the class version supported by the current version of Mixin (JAVA_16 supports class version 60)
[23:47:24] [main/DEBUG] (FabricLoader/Mixin) Mixing explosive_arrow.BowExplosiveArrowBlockMixin from weaponsexpanded.mixins.json into net.minecraft.item.BowItem
[23:47:24] [main/DEBUG] (FabricLoader/Mixin) Renaming synthetic method lambda$weaponsexpanded$blockExplosiveArrowsOnBow$0(Ljava/util/function/Predicate;Lnet/minecraft/item/ItemStack;)Z to md6ed454$weaponsexpanded$lambda$weaponsexpanded$blockExplosiveArrowsOnBow$0$0 in weaponsexpanded.mixins.json:explosive_arrow.BowExplosiveArrowBlockMixin from mod weaponsexpanded
[23:47:24] [main/DEBUG] (FabricLoader/Mixin) weaponsexpanded.mixins.json:explosive_arrow.BowExplosiveArrowBlockMixin from mod weaponsexpanded->@Inject::weaponsexpanded$blockExplosiveArrowsOnBow(Lorg/spongepowered/asm/mixin/injection/callback/CallbackInfoReturnable;)V does use it's CallbackInfoReturnable
[23:47:24] [main/DEBUG] (FabricLoader/Mixin) Mixing SwordItemMixin from fabric-mining-level-api-v1.mixins.json into net.minecraft.item.SwordItem
[23:47:24] [main/DEBUG] (FabricLoader/Mixin) fabric-mining-level-api-v1.mixins.json:SwordItemMixin from mod fabric-mining-level-api-v1: Class version 61 required is higher than the class version supported by the current version of Mixin (JAVA_16 supports class version 60)
[23:47:24] [main/DEBUG] (FabricLoader/Mixin) fabric-mining-level-api-v1.mixins.json:SwordItemMixin from mod fabric-mining-level-api-v1->@Inject::fabric$onIsSuitableFor(Lnet/minecraft/block/BlockState;Lorg/spongepowered/asm/mixin/injection/callback/CallbackInfoReturnable;)V does use it's CallbackInfoReturnable
[23:47:24] [main/DEBUG] (FabricLoader/Mixin) fabric-mining-level-api-v1.mixins.json:SwordItemMixin from mod fabric-mining-level-api-v1->@Inject::fabric$onGetMiningSpeedMultiplier(Lnet/minecraft/item/ItemStack;Lnet/minecraft/block/BlockState;Lorg/spongepowered/asm/mixin/injection/callback/CallbackInfoReturnable;)V does use it's CallbackInfoReturnable
[23:47:24] [main/DEBUG] (FabricLoader/Mixin) fabric-mining-level-api-v1.mixins.json:SwordItemMixin from mod fabric-mining-level-api-v1->@Inject::fabric$onGetMiningSpeedMultiplier(Lnet/minecraft/item/ItemStack;Lnet/minecraft/block/BlockState;Lorg/spongepowered/asm/mixin/injection/callback/CallbackInfoReturnable;)V does use it's CallbackInfoReturnable
[23:47:24] [main/DEBUG] (FabricLoader/Mixin) Mixing ShovelItemAccessor from fabric-content-registries-v0.mixins.json into net.minecraft.item.ShovelItem
[23:47:24] [main/DEBUG] (FabricLoader/Mixin) fabric-content-registries-v0.mixins.json:ShovelItemAccessor from mod fabric-content-registries-v0: Class version 61 required is higher than the class version supported by the current version of Mixin (JAVA_16 supports class version 60)
[23:47:24] [main/DEBUG] (FabricLoader/Mixin) Renaming @Accessor method getPathStates()Ljava/util/Map; to getPathStates$fabric-content-registries-v0_$md$6ed454$0 in fabric-content-registries-v0.mixins.json:ShovelItemAccessor from mod fabric-content-registries-v0
[23:47:24] [main/DEBUG] (FabricLoader/Mixin) Mixing AxeDurabilityMixin from weaponsexpanded.mixins.json into net.minecraft.item.MiningToolItem
[23:47:24] [main/DEBUG] (FabricLoader/Mixin) Mixing MiningToolItemMixin from fabric-mining-level-api-v1.mixins.json into net.minecraft.item.MiningToolItem
[23:47:24] [main/DEBUG] (FabricLoader/Mixin) fabric-mining-level-api-v1.mixins.json:MiningToolItemMixin from mod fabric-mining-level-api-v1: Class version 61 required is higher than the class version supported by the current version of Mixin (JAVA_16 supports class version 60)
[23:47:24] [main/DEBUG] (FabricLoader/Mixin) fabric-mining-level-api-v1.mixins.json:MiningToolItemMixin from mod fabric-mining-level-api-v1->@Inject::fabric$onIsSuitableFor(Lnet/minecraft/block/BlockState;Lorg/spongepowered/asm/mixin/injection/callback/CallbackInfoReturnable;I)V does use it's CallbackInfoReturnable
[23:47:24] [main/DEBUG] (FabricLoader/Mixin) Mixing AxeItemAccessor from fabric-content-registries-v0.mixins.json into net.minecraft.item.AxeItem
[23:47:24] [main/DEBUG] (FabricLoader/Mixin) fabric-content-registries-v0.mixins.json:AxeItemAccessor from mod fabric-content-registries-v0: Class version 61 required is higher than the class version supported by the current version of Mixin (JAVA_16 supports class version 60)
[23:47:24] [main/DEBUG] (FabricLoader/Mixin) Renaming @Accessor method getStrippedBlocks()Ljava/util/Map; to getStrippedBlocks$fabric-content-registries-v0_$md$6ed454$0 in fabric-content-registries-v0.mixins.json:AxeItemAccessor from mod fabric-content-registries-v0
[23:47:24] [main/DEBUG] (FabricLoader/Mixin) Renaming @Accessor method setStrippedBlocks(Ljava/util/Map;)V to setStrippedBlocks$fabric-content-registries-v0_$md$6ed454$1 in fabric-content-registries-v0.mixins.json:AxeItemAccessor from mod fabric-content-registries-v0
[23:47:24] [main/DEBUG] (FabricLoader/Mixin) Mixing HoeItemAccessor from fabric-content-registries-v0.mixins.json into net.minecraft.item.HoeItem
[23:47:24] [main/DEBUG] (FabricLoader/Mixin) fabric-content-registries-v0.mixins.json:HoeItemAccessor from mod fabric-content-registries-v0: Class version 61 required is higher than the class version supported by the current version of Mixin (JAVA_16 supports class version 60)
[23:47:24] [main/DEBUG] (FabricLoader/Mixin) Renaming @Accessor method getTillingActions()Ljava/util/Map; to getTillingActions$fabric-content-registries-v0_$md$6ed454$0 in fabric-content-registries-v0.mixins.json:HoeItemAccessor from mod fabric-content-registries-v0
[23:47:24] [main/DEBUG] (FabricLoader/Mixin) Mixing BucketItemAccessor from fabric-transfer-api-v1.mixins.json into net.minecraft.item.BucketItem
[23:47:24] [main/DEBUG] (FabricLoader/Mixin) fabric-transfer-api-v1.mixins.json:BucketItemAccessor from mod fabric-transfer-api-v1: Class version 61 required is higher than the class version supported by the current version of Mixin (JAVA_16 supports class version 60)
[23:47:24] [main/DEBUG] (FabricLoader/Mixin) Mixing BucketItemMixin from fabric-transfer-api-v1.mixins.json into net.minecraft.item.BucketItem
[23:47:24] [main/DEBUG] (FabricLoader/Mixin) fabric-transfer-api-v1.mixins.json:BucketItemMixin from mod fabric-transfer-api-v1: Class version 61 required is higher than the class version supported by the current version of Mixin (JAVA_16 supports class version 60)
[23:47:24] [main/DEBUG] (FabricLoader/Mixin) Mixing ShearsItemMixin from fabric-mining-level-api-v1.mixins.json into net.minecraft.item.ShearsItem
[23:47:24] [main/DEBUG] (FabricLoader/Mixin) fabric-mining-level-api-v1.mixins.json:ShearsItemMixin from mod fabric-mining-level-api-v1: Class version 61 required is higher than the class version supported by the current version of Mixin (JAVA_16 supports class version 60)
[23:47:24] [main/DEBUG] (FabricLoader/Mixin) fabric-mining-level-api-v1.mixins.json:ShearsItemMixin from mod fabric-mining-level-api-v1->@Inject::fabric$onIsSuitableFor(Lnet/minecraft/block/BlockState;Lorg/spongepowered/asm/mixin/injection/callback/CallbackInfoReturnable;)V does use it's CallbackInfoReturnable
[23:47:24] [main/DEBUG] (FabricLoader/Mixin) fabric-mining-level-api-v1.mixins.json:ShearsItemMixin from mod fabric-mining-level-api-v1->@Inject::fabric$onGetMiningSpeedMultiplier(Lnet/minecraft/item/ItemStack;Lnet/minecraft/block/BlockState;Lorg/spongepowered/asm/mixin/injection/callback/CallbackInfoReturnable;)V does use it's CallbackInfoReturnable
[23:47:24] [main/DEBUG] (FabricLoader/Mixin) fabric-mining-level-api-v1.mixins.json:ShearsItemMixin from mod fabric-mining-level-api-v1->@Inject::fabric$onGetMiningSpeedMultiplier(Lnet/minecraft/item/ItemStack;Lnet/minecraft/block/BlockState;Lorg/spongepowered/asm/mixin/injection/callback/CallbackInfoReturnable;)V does use it's CallbackInfoReturnable
[23:47:24] [main/DEBUG] (FabricLoader/Mixin) fabric-mining-level-api-v1.mixins.json:ShearsItemMixin from mod fabric-mining-level-api-v1->@Inject::fabric$onGetMiningSpeedMultiplier(Lnet/minecraft/item/ItemStack;Lnet/minecraft/block/BlockState;Lorg/spongepowered/asm/mixin/injection/callback/CallbackInfoReturnable;)V does use it's CallbackInfoReturnable
[23:47:24] [main/DEBUG] (FabricLoader/Mixin) fabric-mining-level-api-v1.mixins.json:ShearsItemMixin from mod fabric-mining-level-api-v1->@Inject::fabric$onGetMiningSpeedMultiplier(Lnet/minecraft/item/ItemStack;Lnet/minecraft/block/BlockState;Lorg/spongepowered/asm/mixin/injection/callback/CallbackInfoReturnable;)V does use it's CallbackInfoReturnable
[23:47:24] [main/DEBUG] (FabricLoader/Mixin) Mixing accessor.CrossbowItemAccessor from weaponsexpanded.mixins.json into net.minecraft.item.CrossbowItem
[23:47:24] [main/DEBUG] (FabricLoader/Mixin) Renaming @Invoker method weaponsexpanded$loadProjectiles(Lnet/minecraft/entity/LivingEntity;Lnet/minecraft/item/ItemStack;)Z to loadProjectiles$weaponsexpanded_$md$6ed454$0 in weaponsexpanded.mixins.json:accessor.CrossbowItemAccessor from mod weaponsexpanded
[23:47:24] [main/DEBUG] (FabricLoader/Mixin) Mixing chain_crossbow.ChainCrossbowFireMixin from weaponsexpanded.mixins.json into net.minecraft.item.CrossbowItem
[23:47:24] [main/DEBUG] (FabricLoader/Mixin) Mixing chain_crossbow.ChainCrossbowPullTimeMixin from weaponsexpanded.mixins.json into net.minecraft.item.CrossbowItem
[23:47:24] [main/DEBUG] (FabricLoader/Mixin) Mixing explosive_arrow.CrossbowExplosiveArrowDurabilityMixin from weaponsexpanded.mixins.json into net.minecraft.item.CrossbowItem
[23:47:24] [main/DEBUG] (FabricLoader/Mixin) Mixing explosive_arrow.CrossbowItemExplosiveVisualMixin from weaponsexpanded.mixins.json into net.minecraft.item.CrossbowItem
[23:47:24] [main/DEBUG] (FabricLoader/Mixin) Mixing heavy_arrow.CrossbowHeavyArrowMultishotMixin from weaponsexpanded.mixins.json into net.minecraft.item.CrossbowItem
[23:47:24] [main/DEBUG] (FabricLoader/Mixin) weaponsexpanded.mixins.json:chain_crossbow.ChainCrossbowFireMixin from mod weaponsexpanded->@Inject::weaponsexpanded$blockShootAllWhileOnCooldown(Lnet/minecraft/world/World;Lnet/minecraft/entity/LivingEntity;Lnet/minecraft/util/Hand;Lnet/minecraft/item/ItemStack;FFLorg/spongepowered/asm/mixin/injection/callback/CallbackInfo;)V does use it's CallbackInfo
[23:47:24] [main/DEBUG] (FabricLoader/Mixin) weaponsexpanded.mixins.json:chain_crossbow.ChainCrossbowFireMixin from mod weaponsexpanded->@Inject::weaponsexpanded$autoReloadFromStoredQueue(Lnet/minecraft/world/World;Lnet/minecraft/entity/LivingEntity;Lnet/minecraft/util/Hand;Lnet/minecraft/item/ItemStack;FFLorg/spongepowered/asm/mixin/injection/callback/CallbackInfo;)V doesn't use it's CallbackInfo
[23:47:24] [main/DEBUG] (FabricLoader/Mixin) weaponsexpanded.mixins.json:chain_crossbow.ChainCrossbowPullTimeMixin from mod weaponsexpanded->@Inject::weaponsexpanded$fixedPullTimeWithQuickCharge(Lnet/minecraft/item/ItemStack;Lorg/spongepowered/asm/mixin/injection/callback/CallbackInfoReturnable;)V does use it's CallbackInfoReturnable
[23:47:24] [main/DEBUG] (FabricLoader/Mixin) weaponsexpanded.mixins.json:explosive_arrow.CrossbowItemExplosiveVisualMixin from mod weaponsexpanded->@Inject::weaponsexpanded$markExplosiveLoaded(Lnet/minecraft/entity/LivingEntity;Lnet/minecraft/item/ItemStack;Lorg/spongepowered/asm/mixin/injection/callback/CallbackInfoReturnable;)V does use it's CallbackInfoReturnable
[23:47:24] [main/DEBUG] (FabricLoader/Mixin) weaponsexpanded.mixins.json:explosive_arrow.CrossbowItemExplosiveVisualMixin from mod weaponsexpanded->@Inject::weaponsexpanded$markExplosiveLoaded(Lnet/minecraft/entity/LivingEntity;Lnet/minecraft/item/ItemStack;Lorg/spongepowered/asm/mixin/injection/callback/CallbackInfoReturnable;)V does use it's CallbackInfoReturnable
[23:47:24] [main/DEBUG] (FabricLoader/Mixin) weaponsexpanded.mixins.json:explosive_arrow.CrossbowItemExplosiveVisualMixin from mod weaponsexpanded->@Inject::weaponsexpanded$clearExplosiveFlagOnFire(Lnet/minecraft/world/World;Lnet/minecraft/entity/LivingEntity;Lnet/minecraft/util/Hand;Lnet/minecraft/item/ItemStack;FFLorg/spongepowered/asm/mixin/injection/callback/CallbackInfo;)V doesn't use it's CallbackInfo
[23:47:24] [main/DEBUG] (FabricLoader/Mixin) Mixing HoneycombItemMixin from fabric-content-registries-v0.mixins.json into net.minecraft.item.HoneycombItem
[23:47:24] [main/DEBUG] (FabricLoader/Mixin) fabric-content-registries-v0.mixins.json:HoneycombItemMixin from mod fabric-content-registries-v0: Class version 61 required is higher than the class version supported by the current version of Mixin (JAVA_16 supports class version 60)
[23:47:24] [main/DEBUG] (FabricLoader/Mixin) fabric-content-registries-v0.mixins.json:HoneycombItemMixin from mod fabric-content-registries-v0->@Inject::createUnwaxedToWaxedMap(Lorg/spongepowered/asm/mixin/injection/callback/CallbackInfoReturnable;)V does use it's CallbackInfoReturnable
[23:47:24] [main/DEBUG] (FabricLoader/Mixin) Mixing StructuresToConfiguredStructuresFixMixin from fabric-registry-sync-v0.mixins.json into net.minecraft.datafixer.fix.StructuresToConfiguredStructuresFix
[23:47:24] [main/DEBUG] (FabricLoader/Mixin) fabric-registry-sync-v0.mixins.json:StructuresToConfiguredStructuresFixMixin from mod fabric-registry-sync-v0: Class version 61 required is higher than the class version supported by the current version of Mixin (JAVA_16 supports class version 60)
[23:47:24] [main/DEBUG] (FabricLoader/Mixin) fabric-registry-sync-v0.mixins.json:StructuresToConfiguredStructuresFixMixin from mod fabric-registry-sync-v0->@Inject::method_41022(Lcom/mojang/datafixers/util/Pair;Lcom/mojang/serialization/Dynamic;Lorg/spongepowered/asm/mixin/injection/callback/CallbackInfoReturnable;)V does use it's CallbackInfoReturnable
[23:47:24] [main/DEBUG] (FabricLoader/Mixin) Mixing TaggedChoiceTypeMixin from fabric-dimensions-v1.mixins.json into com.mojang.datafixers.types.templates.TaggedChoice$TaggedChoiceType
[23:47:24] [main/DEBUG] (FabricLoader/Mixin) fabric-dimensions-v1.mixins.json:TaggedChoiceTypeMixin from mod fabric-dimensions-v1: Class version 61 required is higher than the class version supported by the current version of Mixin (JAVA_16 supports class version 60)
[23:47:24] [main/DEBUG] (FabricLoader/Mixin) fabric-dimensions-v1.mixins.json:TaggedChoiceTypeMixin from mod fabric-dimensions-v1->@Inject::onGetCodec(Ljava/lang/Object;Lorg/spongepowered/asm/mixin/injection/callback/CallbackInfoReturnable;)V does use it's CallbackInfoReturnable
[23:47:24] [main/DEBUG] (FabricLoader/Mixin) Mixing TaggedChoiceMixin from fabric-dimensions-v1.mixins.json into com.mojang.datafixers.types.templates.TaggedChoice
[23:47:24] [main/DEBUG] (FabricLoader/Mixin) fabric-dimensions-v1.mixins.json:TaggedChoiceMixin from mod fabric-dimensions-v1: Class version 61 required is higher than the class version supported by the current version of Mixin (JAVA_16 supports class version 60)
[23:47:24] [main/DEBUG] (FabricLoader/Mixin) fabric-dimensions-v1.mixins.json:TaggedChoiceMixin from mod fabric-dimensions-v1->@Inject::onApply(Lcom/mojang/datafixers/util/Pair;Lorg/spongepowered/asm/mixin/injection/callback/CallbackInfoReturnable;)V does use it's CallbackInfoReturnable
[23:47:24] [main/DEBUG] (FabricLoader/Mixin) Mixing Schema2832Mixin from fabric-dimensions-v1.mixins.json into net.minecraft.datafixer.schema.Schema2832
[23:47:24] [main/DEBUG] (FabricLoader/Mixin) fabric-dimensions-v1.mixins.json:Schema2832Mixin from mod fabric-dimensions-v1: Class version 61 required is higher than the class version supported by the current version of Mixin (JAVA_16 supports class version 60)
[23:47:24] [main/DEBUG] (FabricLoader/Mixin) Mixing entity_equipment.ZombieEquipmentMixin from weaponsexpanded.mixins.json into net.minecraft.entity.mob.ZombieEntity
[23:47:24] [main/DEBUG] (FabricLoader/Mixin) weaponsexpanded.mixins.json:entity_equipment.ZombieEquipmentMixin from mod weaponsexpanded->@Inject::weaponsexpanded$swapSwordToSickleOrScythe(Lnet/minecraft/util/math/random/Random;Lnet/minecraft/world/LocalDifficulty;Lorg/spongepowered/asm/mixin/injection/callback/CallbackInfo;)V doesn't use it's CallbackInfo
[23:47:24] [main/DEBUG] (FabricLoader/Mixin) weaponsexpanded.mixins.json:entity_equipment.ZombieEquipmentMixin from mod weaponsexpanded->@Inject::weaponsexpanded$swapSwordToSickleOrScythe(Lnet/minecraft/util/math/random/Random;Lnet/minecraft/world/LocalDifficulty;Lorg/spongepowered/asm/mixin/injection/callback/CallbackInfo;)V has 0 override(s) in child classes
[23:47:24] [main/DEBUG] (FabricLoader/Mixin) weaponsexpanded.mixins.json:entity_equipment.ZombieEquipmentMixin from mod weaponsexpanded->@Inject::weaponsexpanded$swapSwordToSickleOrScythe(Lnet/minecraft/util/math/random/Random;Lnet/minecraft/world/LocalDifficulty;Lorg/spongepowered/asm/mixin/injection/callback/CallbackInfo;)V won't be passed a CallbackInfo as a result
[23:47:24] [main/DEBUG] (FabricLoader/Mixin) weaponsexpanded.mixins.json:entity_equipment.ZombieEquipmentMixin from mod weaponsexpanded->@Inject::weaponsexpanded$swapSwordAfterInitialize(Lnet/minecraft/world/ServerWorldAccess;Lnet/minecraft/world/LocalDifficulty;Lnet/minecraft/entity/SpawnReason;Lnet/minecraft/entity/EntityData;Lnet/minecraft/nbt/NbtCompound;Lorg/spongepowered/asm/mixin/injection/callback/CallbackInfoReturnable;)V doesn't use it's CallbackInfoReturnable
[23:47:24] [main/DEBUG] (FabricLoader/Mixin) weaponsexpanded.mixins.json:entity_equipment.ZombieEquipmentMixin from mod weaponsexpanded->@Inject::weaponsexpanded$swapSwordAfterInitialize(Lnet/minecraft/world/ServerWorldAccess;Lnet/minecraft/world/LocalDifficulty;Lnet/minecraft/entity/SpawnReason;Lnet/minecraft/entity/EntityData;Lnet/minecraft/nbt/NbtCompound;Lorg/spongepowered/asm/mixin/injection/callback/CallbackInfoReturnable;)V has 0 override(s) in child classes
[23:47:24] [main/DEBUG] (FabricLoader/Mixin) weaponsexpanded.mixins.json:entity_equipment.ZombieEquipmentMixin from mod weaponsexpanded->@Inject::weaponsexpanded$swapSwordAfterInitialize(Lnet/minecraft/world/ServerWorldAccess;Lnet/minecraft/world/LocalDifficulty;Lnet/minecraft/entity/SpawnReason;Lnet/minecraft/entity/EntityData;Lnet/minecraft/nbt/NbtCompound;Lorg/spongepowered/asm/mixin/injection/callback/CallbackInfoReturnable;)V won't be passed a CallbackInfoReturnable as a result
[23:47:24] [Datafixer Bootstrap/INFO] (com.mojang.datafixers.DataFixerBuilder) 188 Datafixer optimizations took 62 milliseconds
[23:47:24] [main/DEBUG] (FabricLoader/Mixin) Mixing PigEntityMixin from fabric-entity-events-v1.mixins.json into net.minecraft.entity.passive.PigEntity
[23:47:24] [main/DEBUG] (FabricLoader/Mixin) fabric-entity-events-v1.mixins.json:PigEntityMixin from mod fabric-entity-events-v1: Class version 61 required is higher than the class version supported by the current version of Mixin (JAVA_16 supports class version 60)
[23:47:24] [main/DEBUG] (FabricLoader/Mixin) Mixing entity_equipment.ZombifiedPiglinEquipmentMixin from weaponsexpanded.mixins.json into net.minecraft.entity.mob.ZombifiedPiglinEntity
[23:47:24] [main/DEBUG] (FabricLoader/Mixin) weaponsexpanded.mixins.json:entity_equipment.ZombifiedPiglinEquipmentMixin from mod weaponsexpanded->@Inject::weaponsexpanded$maybeSwapSwordToLongsword(Lnet/minecraft/util/math/random/Random;Lnet/minecraft/world/LocalDifficulty;Lorg/spongepowered/asm/mixin/injection/callback/CallbackInfo;)V doesn't use it's CallbackInfo
[23:47:24] [main/DEBUG] (FabricLoader/Mixin) weaponsexpanded.mixins.json:entity_equipment.ZombifiedPiglinEquipmentMixin from mod weaponsexpanded->@Inject::weaponsexpanded$maybeSwapSwordToLongsword(Lnet/minecraft/util/math/random/Random;Lnet/minecraft/world/LocalDifficulty;Lorg/spongepowered/asm/mixin/injection/callback/CallbackInfo;)V has 0 override(s) in child classes
[23:47:24] [main/DEBUG] (FabricLoader/Mixin) weaponsexpanded.mixins.json:entity_equipment.ZombifiedPiglinEquipmentMixin from mod weaponsexpanded->@Inject::weaponsexpanded$maybeSwapSwordToLongsword(Lnet/minecraft/util/math/random/Random;Lnet/minecraft/world/LocalDifficulty;Lorg/spongepowered/asm/mixin/injection/callback/CallbackInfo;)V won't be passed a CallbackInfo as a result
[23:47:24] [main/DEBUG] (FabricLoader/Mixin) Mixing entity_equipment.PiglinEquipmentMixin from weaponsexpanded.mixins.json into net.minecraft.entity.mob.PiglinEntity
[23:47:24] [main/DEBUG] (FabricLoader/Mixin) weaponsexpanded.mixins.json:entity_equipment.PiglinEquipmentMixin from mod weaponsexpanded->@Inject::weaponsexpanded$maybeSwapSwordToLongsword(Lnet/minecraft/util/math/random/Random;Lnet/minecraft/world/LocalDifficulty;Lorg/spongepowered/asm/mixin/injection/callback/CallbackInfo;)V doesn't use it's CallbackInfo
[23:47:24] [main/DEBUG] (FabricLoader/Mixin) weaponsexpanded.mixins.json:entity_equipment.PiglinEquipmentMixin from mod weaponsexpanded->@Inject::weaponsexpanded$maybeSwapSwordToLongsword(Lnet/minecraft/util/math/random/Random;Lnet/minecraft/world/LocalDifficulty;Lorg/spongepowered/asm/mixin/injection/callback/CallbackInfo;)V has 0 override(s) in child classes
[23:47:24] [main/DEBUG] (FabricLoader/Mixin) weaponsexpanded.mixins.json:entity_equipment.PiglinEquipmentMixin from mod weaponsexpanded->@Inject::weaponsexpanded$maybeSwapSwordToLongsword(Lnet/minecraft/util/math/random/Random;Lnet/minecraft/world/LocalDifficulty;Lorg/spongepowered/asm/mixin/injection/callback/CallbackInfo;)V won't be passed a CallbackInfo as a result
[23:47:24] [main/DEBUG] (FabricLoader/Mixin) Mixing entity_equipment.PiglinBruteEquipmentMixin from weaponsexpanded.mixins.json into net.minecraft.entity.mob.PiglinBruteEntity
[23:47:24] [main/DEBUG] (FabricLoader/Mixin) weaponsexpanded.mixins.json:entity_equipment.PiglinBruteEquipmentMixin from mod weaponsexpanded->@Inject::weaponsexpanded$maybeSwapAxeToBattleaxe(Lnet/minecraft/util/math/random/Random;Lnet/minecraft/world/LocalDifficulty;Lorg/spongepowered/asm/mixin/injection/callback/CallbackInfo;)V doesn't use it's CallbackInfo
[23:47:24] [main/DEBUG] (FabricLoader/Mixin) weaponsexpanded.mixins.json:entity_equipment.PiglinBruteEquipmentMixin from mod weaponsexpanded->@Inject::weaponsexpanded$maybeSwapAxeToBattleaxe(Lnet/minecraft/util/math/random/Random;Lnet/minecraft/world/LocalDifficulty;Lorg/spongepowered/asm/mixin/injection/callback/CallbackInfo;)V has 0 override(s) in child classes
[23:47:24] [main/DEBUG] (FabricLoader/Mixin) weaponsexpanded.mixins.json:entity_equipment.PiglinBruteEquipmentMixin from mod weaponsexpanded->@Inject::weaponsexpanded$maybeSwapAxeToBattleaxe(Lnet/minecraft/util/math/random/Random;Lnet/minecraft/world/LocalDifficulty;Lorg/spongepowered/asm/mixin/injection/callback/CallbackInfo;)V won't be passed a CallbackInfo as a result
[23:47:24] [main/DEBUG] (FabricLoader/Mixin) Mixing ServerPlayerEntityMixin from fabric-screen-handler-api-v1.mixins.json into net.minecraft.server.network.ServerPlayerEntity
[23:47:24] [main/DEBUG] (FabricLoader/Mixin) fabric-screen-handler-api-v1.mixins.json:ServerPlayerEntityMixin from mod fabric-screen-handler-api-v1: Class version 61 required is higher than the class version supported by the current version of Mixin (JAVA_16 supports class version 60)
[23:47:24] [main/DEBUG] (FabricLoader/Mixin) Mixing EntityMixin from fabric-dimensions-v1.mixins.json into net.minecraft.server.network.ServerPlayerEntity
[23:47:24] [main/DEBUG] (FabricLoader/Mixin) fabric-dimensions-v1.mixins.json:EntityMixin from mod fabric-dimensions-v1: Class version 61 required is higher than the class version supported by the current version of Mixin (JAVA_16 supports class version 60)
[23:47:24] [main/DEBUG] (FabricLoader/Mixin) Mixing ServerPlayerEntityMixin from fabric-events-interaction-v0.mixins.json into net.minecraft.server.network.ServerPlayerEntity
[23:47:24] [main/DEBUG] (FabricLoader/Mixin) fabric-events-interaction-v0.mixins.json:ServerPlayerEntityMixin from mod fabric-events-interaction-v0: Class version 61 required is higher than the class version supported by the current version of Mixin (JAVA_16 supports class version 60)
[23:47:24] [main/DEBUG] (FabricLoader/Mixin) Mixing ServerPlayerEntityAccessor from fabric-containers-v0.mixins.json into net.minecraft.server.network.ServerPlayerEntity
[23:47:24] [main/DEBUG] (FabricLoader/Mixin) fabric-containers-v0.mixins.json:ServerPlayerEntityAccessor from mod fabric-containers-v0: Class version 61 required is higher than the class version supported by the current version of Mixin (JAVA_16 supports class version 60)
[23:47:24] [main/DEBUG] (FabricLoader/Mixin) Mixing ServerPlayerEntityMixin from fabric-containers-v0.accurate.mixins.json into net.minecraft.server.network.ServerPlayerEntity
[23:47:24] [main/DEBUG] (FabricLoader/Mixin) fabric-containers-v0.accurate.mixins.json:ServerPlayerEntityMixin from mod fabric-containers-v0: Class version 61 required is higher than the class version supported by the current version of Mixin (JAVA_16 supports class version 60)
[23:47:24] [main/DEBUG] (FabricLoader/Mixin) Mixing ServerPlayerEntityMixin from fabric-entity-events-v1.mixins.json into net.minecraft.server.network.ServerPlayerEntity
[23:47:24] [main/DEBUG] (FabricLoader/Mixin) fabric-entity-events-v1.mixins.json:ServerPlayerEntityMixin from mod fabric-entity-events-v1: Class version 61 required is higher than the class version supported by the current version of Mixin (JAVA_16 supports class version 60)
[23:47:24] [main/DEBUG] (FabricLoader/Mixin) fabric-screen-handler-api-v1.mixins.json:ServerPlayerEntityMixin from mod fabric-screen-handler-api-v1->@Inject::fabric_storeOpenedScreenHandler(Lnet/minecraft/screen/NamedScreenHandlerFactory;Lorg/spongepowered/asm/mixin/injection/callback/CallbackInfoReturnable;Lnet/minecraft/screen/ScreenHandler;)V doesn't use it's CallbackInfoReturnable
[23:47:24] [main/DEBUG] (FabricLoader/Mixin) fabric-screen-handler-api-v1.mixins.json:ServerPlayerEntityMixin from mod fabric-screen-handler-api-v1->@Inject::fabric_storeOpenedScreenHandler(Lnet/minecraft/screen/NamedScreenHandlerFactory;Lorg/spongepowered/asm/mixin/injection/callback/CallbackInfoReturnable;Lnet/minecraft/screen/ScreenHandler;)V has 0 override(s) in child classes
[23:47:24] [main/DEBUG] (FabricLoader/Mixin) fabric-screen-handler-api-v1.mixins.json:ServerPlayerEntityMixin from mod fabric-screen-handler-api-v1->@Inject::fabric_storeOpenedScreenHandler(Lnet/minecraft/screen/NamedScreenHandlerFactory;Lorg/spongepowered/asm/mixin/injection/callback/CallbackInfoReturnable;Lnet/minecraft/screen/ScreenHandler;)V won't be passed a CallbackInfoReturnable as a result
[23:47:24] [main/DEBUG] (FabricLoader/Mixin) fabric-dimensions-v1.mixins.json:EntityMixin from mod fabric-dimensions-v1->@Inject::getTeleportTarget(Lnet/minecraft/server/world/ServerWorld;Lorg/spongepowered/asm/mixin/injection/callback/CallbackInfoReturnable;)V does use it's CallbackInfoReturnable
[23:47:24] [main/DEBUG] (FabricLoader/Mixin) fabric-events-interaction-v0.mixins.json:ServerPlayerEntityMixin from mod fabric-events-interaction-v0->@Inject::onPlayerInteractEntity(Lnet/minecraft/entity/Entity;Lorg/spongepowered/asm/mixin/injection/callback/CallbackInfo;)V does use it's CallbackInfo
[23:47:24] [main/DEBUG] (FabricLoader/Mixin) fabric-entity-events-v1.mixins.json:ServerPlayerEntityMixin from mod fabric-entity-events-v1->@Inject::callOnKillForPlayer(Lnet/minecraft/entity/damage/DamageSource;Lorg/spongepowered/asm/mixin/injection/callback/CallbackInfo;)V doesn't use it's CallbackInfo
[23:47:24] [main/DEBUG] (FabricLoader/Mixin) fabric-entity-events-v1.mixins.json:ServerPlayerEntityMixin from mod fabric-entity-events-v1->@Inject::callOnKillForPlayer(Lnet/minecraft/entity/damage/DamageSource;Lorg/spongepowered/asm/mixin/injection/callback/CallbackInfo;)V has 0 override(s) in child classes
[23:47:24] [main/DEBUG] (FabricLoader/Mixin) fabric-entity-events-v1.mixins.json:ServerPlayerEntityMixin from mod fabric-entity-events-v1->@Inject::callOnKillForPlayer(Lnet/minecraft/entity/damage/DamageSource;Lorg/spongepowered/asm/mixin/injection/callback/CallbackInfo;)V won't be passed a CallbackInfo as a result
[23:47:24] [main/DEBUG] (FabricLoader/Mixin) fabric-entity-events-v1.mixins.json:ServerPlayerEntityMixin from mod fabric-entity-events-v1->@Inject::notifyDeath(Lnet/minecraft/entity/damage/DamageSource;Lorg/spongepowered/asm/mixin/injection/callback/CallbackInfo;)V doesn't use it's CallbackInfo
[23:47:24] [main/DEBUG] (FabricLoader/Mixin) fabric-entity-events-v1.mixins.json:ServerPlayerEntityMixin from mod fabric-entity-events-v1->@Inject::notifyDeath(Lnet/minecraft/entity/damage/DamageSource;Lorg/spongepowered/asm/mixin/injection/callback/CallbackInfo;)V has 0 override(s) in child classes
[23:47:24] [main/DEBUG] (FabricLoader/Mixin) fabric-entity-events-v1.mixins.json:ServerPlayerEntityMixin from mod fabric-entity-events-v1->@Inject::notifyDeath(Lnet/minecraft/entity/damage/DamageSource;Lorg/spongepowered/asm/mixin/injection/callback/CallbackInfo;)V won't be passed a CallbackInfo as a result
[23:47:24] [main/DEBUG] (FabricLoader/Mixin) fabric-entity-events-v1.mixins.json:ServerPlayerEntityMixin from mod fabric-entity-events-v1->@Inject::afterWorldChanged(Lnet/minecraft/server/world/ServerWorld;Lorg/spongepowered/asm/mixin/injection/callback/CallbackInfo;)V doesn't use it's CallbackInfo
[23:47:24] [main/DEBUG] (FabricLoader/Mixin) fabric-entity-events-v1.mixins.json:ServerPlayerEntityMixin from mod fabric-entity-events-v1->@Inject::afterWorldChanged(Lnet/minecraft/server/world/ServerWorld;Lorg/spongepowered/asm/mixin/injection/callback/CallbackInfo;)V has 0 override(s) in child classes
[23:47:24] [main/DEBUG] (FabricLoader/Mixin) fabric-entity-events-v1.mixins.json:ServerPlayerEntityMixin from mod fabric-entity-events-v1->@Inject::afterWorldChanged(Lnet/minecraft/server/world/ServerWorld;Lorg/spongepowered/asm/mixin/injection/callback/CallbackInfo;)V won't be passed a CallbackInfo as a result
[23:47:24] [main/DEBUG] (FabricLoader/Mixin) fabric-entity-events-v1.mixins.json:ServerPlayerEntityMixin from mod fabric-entity-events-v1->@Inject::onCopyFrom(Lnet/minecraft/server/network/ServerPlayerEntity;ZLorg/spongepowered/asm/mixin/injection/callback/CallbackInfo;)V doesn't use it's CallbackInfo
[23:47:24] [main/DEBUG] (FabricLoader/Mixin) fabric-entity-events-v1.mixins.json:ServerPlayerEntityMixin from mod fabric-entity-events-v1->@Inject::onCopyFrom(Lnet/minecraft/server/network/ServerPlayerEntity;ZLorg/spongepowered/asm/mixin/injection/callback/CallbackInfo;)V has 0 override(s) in child classes
[23:47:24] [main/DEBUG] (FabricLoader/Mixin) fabric-entity-events-v1.mixins.json:ServerPlayerEntityMixin from mod fabric-entity-events-v1->@Inject::onCopyFrom(Lnet/minecraft/server/network/ServerPlayerEntity;ZLorg/spongepowered/asm/mixin/injection/callback/CallbackInfo;)V won't be passed a CallbackInfo as a result
[23:47:24] [main/DEBUG] (FabricLoader/Mixin) fabric-entity-events-v1.mixins.json:ServerPlayerEntityMixin from mod fabric-entity-events-v1->@Inject::onTrySleepDirectionCheck(Lnet/minecraft/util/math/BlockPos;Lorg/spongepowered/asm/mixin/injection/callback/CallbackInfoReturnable;Lnet/minecraft/util/math/Direction;)V does use it's CallbackInfoReturnable
[23:47:24] [main/DEBUG] (FabricLoader/Mixin) Mixing AttachmentTargetsMixin from fabric-data-attachment-api-v1.mixins.json into net.minecraft.world.chunk.Chunk
[23:47:24] [main/DEBUG] (FabricLoader/Mixin) Mixing WorldChunkMixin from fabric-lifecycle-events-v1.client.mixins.json into net.minecraft.world.chunk.WorldChunk
[23:47:24] [main/DEBUG] (FabricLoader/Mixin) fabric-lifecycle-events-v1.client.mixins.json:WorldChunkMixin from mod fabric-lifecycle-events-v1: Class version 61 required is higher than the class version supported by the current version of Mixin (JAVA_16 supports class version 60)
[23:47:24] [main/DEBUG] (FabricLoader/Mixin) Mixing WorldChunkMixin from fabric-data-attachment-api-v1.mixins.json into net.minecraft.world.chunk.WorldChunk
[23:47:24] [main/DEBUG] (FabricLoader/Mixin) fabric-lifecycle-events-v1.client.mixins.json:WorldChunkMixin from mod fabric-lifecycle-events-v1->@Inject::onLoadBlockEntity(Lnet/minecraft/block/entity/BlockEntity;Lorg/spongepowered/asm/mixin/injection/callback/CallbackInfo;Lnet/minecraft/util/math/BlockPos;Lnet/minecraft/block/entity/BlockEntity;)V doesn't use it's CallbackInfo
[23:47:24] [main/DEBUG] (FabricLoader/Mixin) fabric-lifecycle-events-v1.client.mixins.json:WorldChunkMixin from mod fabric-lifecycle-events-v1->@Inject::onLoadBlockEntity(Lnet/minecraft/block/entity/BlockEntity;Lorg/spongepowered/asm/mixin/injection/callback/CallbackInfo;Lnet/minecraft/util/math/BlockPos;Lnet/minecraft/block/entity/BlockEntity;)V has 0 override(s) in child classes
[23:47:24] [main/DEBUG] (FabricLoader/Mixin) fabric-lifecycle-events-v1.client.mixins.json:WorldChunkMixin from mod fabric-lifecycle-events-v1->@Inject::onLoadBlockEntity(Lnet/minecraft/block/entity/BlockEntity;Lorg/spongepowered/asm/mixin/injection/callback/CallbackInfo;Lnet/minecraft/util/math/BlockPos;Lnet/minecraft/block/entity/BlockEntity;)V won't be passed a CallbackInfo as a result
[23:47:24] [main/DEBUG] (FabricLoader/Mixin) fabric-lifecycle-events-v1.client.mixins.json:WorldChunkMixin from mod fabric-lifecycle-events-v1->@Inject::onRemoveBlockEntity(Lnet/minecraft/block/entity/BlockEntity;Lorg/spongepowered/asm/mixin/injection/callback/CallbackInfo;Lnet/minecraft/util/math/BlockPos;Lnet/minecraft/block/entity/BlockEntity;)V doesn't use it's CallbackInfo
[23:47:24] [main/DEBUG] (FabricLoader/Mixin) fabric-lifecycle-events-v1.client.mixins.json:WorldChunkMixin from mod fabric-lifecycle-events-v1->@Inject::onRemoveBlockEntity(Lnet/minecraft/block/entity/BlockEntity;Lorg/spongepowered/asm/mixin/injection/callback/CallbackInfo;Lnet/minecraft/util/math/BlockPos;Lnet/minecraft/block/entity/BlockEntity;)V has 0 override(s) in child classes
[23:47:24] [main/DEBUG] (FabricLoader/Mixin) fabric-lifecycle-events-v1.client.mixins.json:WorldChunkMixin from mod fabric-lifecycle-events-v1->@Inject::onRemoveBlockEntity(Lnet/minecraft/block/entity/BlockEntity;Lorg/spongepowered/asm/mixin/injection/callback/CallbackInfo;Lnet/minecraft/util/math/BlockPos;Lnet/minecraft/block/entity/BlockEntity;)V won't be passed a CallbackInfo as a result
[23:47:24] [main/DEBUG] (FabricLoader/Mixin) fabric-lifecycle-events-v1.client.mixins.json:WorldChunkMixin from mod fabric-lifecycle-events-v1->@Inject::onRemoveBlockEntity(Lnet/minecraft/util/math/BlockPos;Lorg/spongepowered/asm/mixin/injection/callback/CallbackInfo;Lnet/minecraft/block/entity/BlockEntity;)V doesn't use it's CallbackInfo
[23:47:24] [main/DEBUG] (FabricLoader/Mixin) fabric-lifecycle-events-v1.client.mixins.json:WorldChunkMixin from mod fabric-lifecycle-events-v1->@Inject::onRemoveBlockEntity(Lnet/minecraft/util/math/BlockPos;Lorg/spongepowered/asm/mixin/injection/callback/CallbackInfo;Lnet/minecraft/block/entity/BlockEntity;)V has 0 override(s) in child classes
[23:47:24] [main/DEBUG] (FabricLoader/Mixin) fabric-lifecycle-events-v1.client.mixins.json:WorldChunkMixin from mod fabric-lifecycle-events-v1->@Inject::onRemoveBlockEntity(Lnet/minecraft/util/math/BlockPos;Lorg/spongepowered/asm/mixin/injection/callback/CallbackInfo;Lnet/minecraft/block/entity/BlockEntity;)V won't be passed a CallbackInfo as a result
[23:47:24] [main/DEBUG] (FabricLoader/Mixin) fabric-data-attachment-api-v1.mixins.json:WorldChunkMixin from mod fabric-data-attachment-api-v1->@Inject::transferProtoChunkAttachement(Lnet/minecraft/server/world/ServerWorld;Lnet/minecraft/world/chunk/ProtoChunk;Lnet/minecraft/world/chunk/WorldChunk$EntityLoader;Lorg/spongepowered/asm/mixin/injection/callback/CallbackInfo;)V doesn't use it's CallbackInfo
[23:47:24] [main/DEBUG] (FabricLoader/Mixin) fabric-data-attachment-api-v1.mixins.json:WorldChunkMixin from mod fabric-data-attachment-api-v1->@Inject::transferProtoChunkAttachement(Lnet/minecraft/server/world/ServerWorld;Lnet/minecraft/world/chunk/ProtoChunk;Lnet/minecraft/world/chunk/WorldChunk$EntityLoader;Lorg/spongepowered/asm/mixin/injection/callback/CallbackInfo;)V has 0 override(s) in child classes
[23:47:24] [main/DEBUG] (FabricLoader/Mixin) fabric-data-attachment-api-v1.mixins.json:WorldChunkMixin from mod fabric-data-attachment-api-v1->@Inject::transferProtoChunkAttachement(Lnet/minecraft/server/world/ServerWorld;Lnet/minecraft/world/chunk/ProtoChunk;Lnet/minecraft/world/chunk/WorldChunk$EntityLoader;Lorg/spongepowered/asm/mixin/injection/callback/CallbackInfo;)V won't be passed a CallbackInfo as a result
[23:47:24] [main/DEBUG] (FabricLoader/Mixin) Mixing VillagerEntityAccessor from fabric-content-registries-v0.mixins.json into net.minecraft.entity.passive.VillagerEntity
[23:47:24] [main/DEBUG] (FabricLoader/Mixin) fabric-content-registries-v0.mixins.json:VillagerEntityAccessor from mod fabric-content-registries-v0: Class version 61 required is higher than the class version supported by the current version of Mixin (JAVA_16 supports class version 60)
[23:47:24] [main/DEBUG] (FabricLoader/Mixin) Renaming @Accessor method fabric_setItemFoodValues(Ljava/util/Map;)V to fabric_setItemFoodValues$fabric-content-registries-v0_$md$6ed454$0 in fabric-content-registries-v0.mixins.json:VillagerEntityAccessor from mod fabric-content-registries-v0
[23:47:24] [main/DEBUG] (FabricLoader/Mixin) Renaming @Accessor method fabric_setGatherableItems(Ljava/util/Set;)V to fabric_setGatherableItems$fabric-content-registries-v0_$md$6ed454$1 in fabric-content-registries-v0.mixins.json:VillagerEntityAccessor from mod fabric-content-registries-v0
[23:47:24] [main/DEBUG] (FabricLoader/Mixin) Renaming @Accessor method fabric_getGatherableItems()Ljava/util/Set; to fabric_getGatherableItems$fabric-content-registries-v0_$md$6ed454$2 in fabric-content-registries-v0.mixins.json:VillagerEntityAccessor from mod fabric-content-registries-v0
[23:47:24] [main/DEBUG] (FabricLoader/Mixin) Mixing VillagerEntityMixin from fabric-entity-events-v1.mixins.json into net.minecraft.entity.passive.VillagerEntity
[23:47:24] [main/DEBUG] (FabricLoader/Mixin) fabric-entity-events-v1.mixins.json:VillagerEntityMixin from mod fabric-entity-events-v1: Class version 61 required is higher than the class version supported by the current version of Mixin (JAVA_16 supports class version 60)
[23:47:24] [main/DEBUG] (FabricLoader/Mixin) Mixing ingredient.IngredientMixin from fabric-recipe-api-v1.mixins.json into net.minecraft.recipe.Ingredient
[23:47:24] [main/DEBUG] (FabricLoader/Mixin) fabric-recipe-api-v1.mixins.json:ingredient.IngredientMixin from mod fabric-recipe-api-v1->@Inject::injectFromJson(Lcom/google/gson/JsonElement;ZLorg/spongepowered/asm/mixin/injection/callback/CallbackInfoReturnable;)V does use it's CallbackInfoReturnable
[23:47:24] [main/DEBUG] (FabricLoader/Mixin) fabric-recipe-api-v1.mixins.json:ingredient.IngredientMixin from mod fabric-recipe-api-v1->@Inject::injectEntryFromJson(Lcom/google/gson/JsonObject;Lorg/spongepowered/asm/mixin/injection/callback/CallbackInfoReturnable;)V doesn't use it's CallbackInfoReturnable
[23:47:24] [main/DEBUG] (FabricLoader/Mixin) fabric-recipe-api-v1.mixins.json:ingredient.IngredientMixin from mod fabric-recipe-api-v1->@Inject::injectFromPacket(Lnet/minecraft/network/PacketByteBuf;Lorg/spongepowered/asm/mixin/injection/callback/CallbackInfoReturnable;)V does use it's CallbackInfoReturnable
[23:47:24] [main/DEBUG] (FabricLoader/Mixin) Mixing ServerPlayNetworkHandlerMixin from fabric-networking-api-v1.mixins.json into net.minecraft.server.network.ServerPlayNetworkHandler
[23:47:24] [main/DEBUG] (FabricLoader/Mixin) fabric-networking-api-v1.mixins.json:ServerPlayNetworkHandlerMixin from mod fabric-networking-api-v1: Class version 61 required is higher than the class version supported by the current version of Mixin (JAVA_16 supports class version 60)
[23:47:24] [main/DEBUG] (FabricLoader/Mixin) Mixing accessor.ServerPlayNetworkHandlerAccessor from fabric-networking-api-v1.mixins.json into net.minecraft.server.network.ServerPlayNetworkHandler
[23:47:24] [main/DEBUG] (FabricLoader/Mixin) fabric-networking-api-v1.mixins.json:accessor.ServerPlayNetworkHandlerAccessor from mod fabric-networking-api-v1: Class version 61 required is higher than the class version supported by the current version of Mixin (JAVA_16 supports class version 60)
[23:47:24] [main/DEBUG] (FabricLoader/Mixin) fabric-networking-api-v1.mixins.json:ServerPlayNetworkHandlerMixin from mod fabric-networking-api-v1->@Inject::initAddon(Lorg/spongepowered/asm/mixin/injection/callback/CallbackInfo;)V doesn't use it's CallbackInfo
[23:47:24] [main/DEBUG] (FabricLoader/Mixin) fabric-networking-api-v1.mixins.json:ServerPlayNetworkHandlerMixin from mod fabric-networking-api-v1->@Inject::initAddon(Lorg/spongepowered/asm/mixin/injection/callback/CallbackInfo;)V has 0 override(s) in child classes
[23:47:24] [main/DEBUG] (FabricLoader/Mixin) fabric-networking-api-v1.mixins.json:ServerPlayNetworkHandlerMixin from mod fabric-networking-api-v1->@Inject::initAddon(Lorg/spongepowered/asm/mixin/injection/callback/CallbackInfo;)V won't be passed a CallbackInfo as a result
[23:47:24] [main/DEBUG] (FabricLoader/Mixin) fabric-networking-api-v1.mixins.json:ServerPlayNetworkHandlerMixin from mod fabric-networking-api-v1->@Inject::handleCustomPayloadReceivedAsync(Lnet/minecraft/network/packet/c2s/play/CustomPayloadC2SPacket;Lorg/spongepowered/asm/mixin/injection/callback/CallbackInfo;)V does use it's CallbackInfo
[23:47:24] [main/DEBUG] (FabricLoader/Mixin) fabric-networking-api-v1.mixins.json:ServerPlayNetworkHandlerMixin from mod fabric-networking-api-v1->@Inject::handleDisconnection(Lnet/minecraft/text/Text;Lorg/spongepowered/asm/mixin/injection/callback/CallbackInfo;)V doesn't use it's CallbackInfo
[23:47:24] [main/DEBUG] (FabricLoader/Mixin) fabric-networking-api-v1.mixins.json:ServerPlayNetworkHandlerMixin from mod fabric-networking-api-v1->@Inject::handleDisconnection(Lnet/minecraft/text/Text;Lorg/spongepowered/asm/mixin/injection/callback/CallbackInfo;)V has 0 override(s) in child classes
[23:47:24] [main/DEBUG] (FabricLoader/Mixin) fabric-networking-api-v1.mixins.json:ServerPlayNetworkHandlerMixin from mod fabric-networking-api-v1->@Inject::handleDisconnection(Lnet/minecraft/text/Text;Lorg/spongepowered/asm/mixin/injection/callback/CallbackInfo;)V won't be passed a CallbackInfo as a result
[23:47:25] [main/DEBUG] (FabricLoader/Mixin) Mixing EntitySelectorOptionsAccessor from fabric-command-api-v2.mixins.json into net.minecraft.command.EntitySelectorOptions
[23:47:25] [main/DEBUG] (FabricLoader/Mixin) fabric-command-api-v2.mixins.json:EntitySelectorOptionsAccessor from mod fabric-command-api-v2: Class version 61 required is higher than the class version supported by the current version of Mixin (JAVA_16 supports class version 60)
[23:47:25] [main/DEBUG] (FabricLoader/Mixin) Renaming @Invoker method callPutOption(Ljava/lang/String;Lnet/minecraft/command/EntitySelectorOptions$SelectorHandler;Ljava/util/function/Predicate;Lnet/minecraft/text/Text;)V to callPutOption$fabric-command-api-v2_$md$6ed454$0 in fabric-command-api-v2.mixins.json:EntitySelectorOptionsAccessor from mod fabric-command-api-v2
[23:47:25] [main/DEBUG] (FabricLoader/Mixin) Mixing EntitySelectorReaderMixin from fabric-command-api-v2.mixins.json into net.minecraft.command.EntitySelectorReader
[23:47:25] [main/DEBUG] (FabricLoader/Mixin) fabric-command-api-v2.mixins.json:EntitySelectorReaderMixin from mod fabric-command-api-v2: Class version 61 required is higher than the class version supported by the current version of Mixin (JAVA_16 supports class version 60)
[23:47:25] [main/DEBUG] (FabricLoader/Mixin) Generating mapped inner class net/minecraft/block/entity/ChiseledBookshelfBlockEntity$Anonymous$a08ab8b2fc87350bbf669dbd469efcde (originally net/fabricmc/fabric/mixin/transfer/ChiseledBookshelfBlockEntityMixin$1)
[23:47:25] [main/DEBUG] (FabricLoader/Mixin) Mixing StructureTemplateManagerMixin from fabric-gametest-api-v1.mixins.json into net.minecraft.structure.StructureTemplateManager
[23:47:25] [main/DEBUG] (FabricLoader/Mixin) fabric-gametest-api-v1.mixins.json:StructureTemplateManagerMixin from mod fabric-gametest-api-v1: Class version 61 required is higher than the class version supported by the current version of Mixin (JAVA_16 supports class version 60)
[23:47:25] [main/DEBUG] (FabricLoader/Mixin) fabric-gametest-api-v1.mixins.json:StructureTemplateManagerMixin from mod fabric-gametest-api-v1->@Inject::addFabricTemplateProvider(Lnet/minecraft/resource/ResourceManager;Lnet/minecraft/world/level/storage/LevelStorage$Session;Lcom/mojang/datafixers/DataFixer;Lnet/minecraft/registry/RegistryEntryLookup;Lorg/spongepowered/asm/mixin/injection/callback/CallbackInfo;Lcom/google/common/collect/ImmutableList$Builder;)V doesn't use it's CallbackInfo
[23:47:25] [main/DEBUG] (FabricLoader/Mixin) fabric-gametest-api-v1.mixins.json:StructureTemplateManagerMixin from mod fabric-gametest-api-v1->@Inject::addFabricTemplateProvider(Lnet/minecraft/resource/ResourceManager;Lnet/minecraft/world/level/storage/LevelStorage$Session;Lcom/mojang/datafixers/DataFixer;Lnet/minecraft/registry/RegistryEntryLookup;Lorg/spongepowered/asm/mixin/injection/callback/CallbackInfo;Lcom/google/common/collect/ImmutableList$Builder;)V has 0 override(s) in child classes
[23:47:25] [main/DEBUG] (FabricLoader/Mixin) fabric-gametest-api-v1.mixins.json:StructureTemplateManagerMixin from mod fabric-gametest-api-v1->@Inject::addFabricTemplateProvider(Lnet/minecraft/resource/ResourceManager;Lnet/minecraft/world/level/storage/LevelStorage$Session;Lcom/mojang/datafixers/DataFixer;Lnet/minecraft/registry/RegistryEntryLookup;Lorg/spongepowered/asm/mixin/injection/callback/CallbackInfo;Lcom/google/common/collect/ImmutableList$Builder;)V won't be passed a CallbackInfo as a result
[23:47:25] [main/DEBUG] (FabricLoader/Mixin) Mixing SimpleInventoryMixin from fabric-transfer-api-v1.mixins.json into net.minecraft.inventory.SimpleInventory
[23:47:25] [main/DEBUG] (FabricLoader/Mixin) fabric-transfer-api-v1.mixins.json:SimpleInventoryMixin from mod fabric-transfer-api-v1: Class version 61 required is higher than the class version supported by the current version of Mixin (JAVA_16 supports class version 60)
[23:47:25] [main/DEBUG] (FabricLoader/Mixin) Mixing RecipeMixin from fabric-item-api-v1.mixins.json into net.minecraft.recipe.Recipe
[23:47:25] [main/DEBUG] (FabricLoader/Mixin) fabric-item-api-v1.mixins.json:RecipeMixin from mod fabric-item-api-v1: Class version 61 required is higher than the class version supported by the current version of Mixin (JAVA_16 supports class version 60)
[23:47:25] [main/DEBUG] (FabricLoader/Mixin) fabric-item-api-v1.mixins.json:RecipeMixin from mod fabric-item-api-v1->@Inject::captureStack(Lnet/minecraft/inventory/Inventory;Lorg/spongepowered/asm/mixin/injection/callback/CallbackInfoReturnable;Lnet/minecraft/util/collection/DefaultedList;I)V doesn't use it's CallbackInfoReturnable
[23:47:25] [main/DEBUG] (FabricLoader/Mixin) fabric-item-api-v1.mixins.json:RecipeMixin from mod fabric-item-api-v1->@Inject::captureStack(Lnet/minecraft/inventory/Inventory;Lorg/spongepowered/asm/mixin/injection/callback/CallbackInfoReturnable;Lnet/minecraft/util/collection/DefaultedList;I)V has 0 override(s) in child classes
[23:47:25] [main/DEBUG] (FabricLoader/Mixin) fabric-item-api-v1.mixins.json:RecipeMixin from mod fabric-item-api-v1->@Inject::captureStack(Lnet/minecraft/inventory/Inventory;Lorg/spongepowered/asm/mixin/injection/callback/CallbackInfoReturnable;Lnet/minecraft/util/collection/DefaultedList;I)V won't be passed a CallbackInfoReturnable as a result
[23:47:25] [main/DEBUG] (FabricLoader/Mixin) Mixing RegistryCodecsMixin from fabric-dimensions-v1.mixins.json into net.minecraft.registry.RegistryCodecs
[23:47:25] [main/DEBUG] (FabricLoader/Mixin) fabric-dimensions-v1.mixins.json:RegistryCodecsMixin from mod fabric-dimensions-v1: Class version 61 required is higher than the class version supported by the current version of Mixin (JAVA_16 supports class version 60)
[23:47:25] [main/DEBUG] (FabricLoader/Mixin) Mixing BiomeSourceMixin from fabric-biome-api-v1.mixins.json into net.minecraft.world.biome.source.BiomeSource
[23:47:25] [main/DEBUG] (FabricLoader/Mixin) fabric-biome-api-v1.mixins.json:BiomeSourceMixin from mod fabric-biome-api-v1: Class version 61 required is higher than the class version supported by the current version of Mixin (JAVA_16 supports class version 60)
[23:47:25] [main/DEBUG] (FabricLoader/Mixin) Mixing MultiNoiseBiomeSourceMixin from fabric-biome-api-v1.mixins.json into net.minecraft.world.biome.source.MultiNoiseBiomeSource
[23:47:25] [main/DEBUG] (FabricLoader/Mixin) fabric-biome-api-v1.mixins.json:MultiNoiseBiomeSourceMixin from mod fabric-biome-api-v1: Class version 61 required is higher than the class version supported by the current version of Mixin (JAVA_16 supports class version 60)
[23:47:25] [main/DEBUG] (FabricLoader/Mixin) Mixing NetherBiomePresetMixin from fabric-biome-api-v1.mixins.json into net.minecraft.world.biome.source.MultiNoiseBiomeSourceParameterList$Preset$1
[23:47:25] [main/DEBUG] (FabricLoader/Mixin) fabric-biome-api-v1.mixins.json:NetherBiomePresetMixin from mod fabric-biome-api-v1: Class version 61 required is higher than the class version supported by the current version of Mixin (JAVA_16 supports class version 60)
[23:47:25] [main/DEBUG] (FabricLoader/Mixin) fabric-biome-api-v1.mixins.json:NetherBiomePresetMixin from mod fabric-biome-api-v1->@Inject::apply(Ljava/util/function/Function;Lorg/spongepowered/asm/mixin/injection/callback/CallbackInfoReturnable;)V does use it's CallbackInfoReturnable
[23:47:25] [main/DEBUG] (FabricLoader/Mixin) Mixing TheEndBiomeSourceMixin from fabric-biome-api-v1.mixins.json into net.minecraft.world.biome.source.TheEndBiomeSource
[23:47:25] [main/DEBUG] (FabricLoader/Mixin) fabric-biome-api-v1.mixins.json:TheEndBiomeSourceMixin from mod fabric-biome-api-v1: Class version 61 required is higher than the class version supported by the current version of Mixin (JAVA_16 supports class version 60)
[23:47:25] [main/DEBUG] (FabricLoader/Mixin) Renaming synthetic method lambda$init$1(Lnet/minecraft/registry/RegistryEntryLookup;)Lnet/fabricmc/fabric/impl/biome/TheEndBiomeData$Overrides; to md6ed454$fabric-biome-api-v1$lambda$init$1$0 in fabric-biome-api-v1.mixins.json:TheEndBiomeSourceMixin from mod fabric-biome-api-v1
[23:47:25] [main/DEBUG] (FabricLoader/Mixin) Renaming synthetic method lambda$modifyCodec$0(Lcom/mojang/serialization/codecs/RecordCodecBuilder$Instance;)Lcom/mojang/datafixers/kinds/App; to md6ed454$fabric-biome-api-v1$lambda$modifyCodec$0$1 in fabric-biome-api-v1.mixins.json:TheEndBiomeSourceMixin from mod fabric-biome-api-v1
[23:47:25] [main/DEBUG] (FabricLoader/Mixin) fabric-biome-api-v1.mixins.json:TheEndBiomeSourceMixin from mod fabric-biome-api-v1->@Inject::modifyCodec(Lorg/spongepowered/asm/mixin/injection/callback/CallbackInfo;)V doesn't use it's CallbackInfo
[23:47:25] [main/DEBUG] (FabricLoader/Mixin) fabric-biome-api-v1.mixins.json:TheEndBiomeSourceMixin from mod fabric-biome-api-v1->@Inject::rememberLookup(Lnet/minecraft/registry/RegistryEntryLookup;Lorg/spongepowered/asm/mixin/injection/callback/CallbackInfoReturnable;)V doesn't use it's CallbackInfoReturnable
[23:47:25] [main/DEBUG] (FabricLoader/Mixin) fabric-biome-api-v1.mixins.json:TheEndBiomeSourceMixin from mod fabric-biome-api-v1->@Inject::clearLookup(Lnet/minecraft/registry/RegistryEntryLookup;Lorg/spongepowered/asm/mixin/injection/callback/CallbackInfoReturnable;)V doesn't use it's CallbackInfoReturnable
[23:47:25] [main/DEBUG] (FabricLoader/Mixin) fabric-biome-api-v1.mixins.json:TheEndBiomeSourceMixin from mod fabric-biome-api-v1->@Inject::init(Lnet/minecraft/registry/entry/RegistryEntry;Lnet/minecraft/registry/entry/RegistryEntry;Lnet/minecraft/registry/entry/RegistryEntry;Lnet/minecraft/registry/entry/RegistryEntry;Lnet/minecraft/registry/entry/RegistryEntry;Lorg/spongepowered/asm/mixin/injection/callback/CallbackInfo;)V doesn't use it's CallbackInfo
[23:47:25] [main/DEBUG] (FabricLoader/Mixin) fabric-biome-api-v1.mixins.json:TheEndBiomeSourceMixin from mod fabric-biome-api-v1->@Inject::init(Lnet/minecraft/registry/entry/RegistryEntry;Lnet/minecraft/registry/entry/RegistryEntry;Lnet/minecraft/registry/entry/RegistryEntry;Lnet/minecraft/registry/entry/RegistryEntry;Lnet/minecraft/registry/entry/RegistryEntry;Lorg/spongepowered/asm/mixin/injection/callback/CallbackInfo;)V has 0 override(s) in child classes
[23:47:25] [main/DEBUG] (FabricLoader/Mixin) fabric-biome-api-v1.mixins.json:TheEndBiomeSourceMixin from mod fabric-biome-api-v1->@Inject::init(Lnet/minecraft/registry/entry/RegistryEntry;Lnet/minecraft/registry/entry/RegistryEntry;Lnet/minecraft/registry/entry/RegistryEntry;Lnet/minecraft/registry/entry/RegistryEntry;Lnet/minecraft/registry/entry/RegistryEntry;Lorg/spongepowered/asm/mixin/injection/callback/CallbackInfo;)V won't be passed a CallbackInfo as a result
[23:47:25] [main/DEBUG] (FabricLoader/Mixin) fabric-biome-api-v1.mixins.json:TheEndBiomeSourceMixin from mod fabric-biome-api-v1->@Inject::getWeightedEndBiome(IIILnet/minecraft/world/biome/source/util/MultiNoiseUtil$MultiNoiseSampler;Lorg/spongepowered/asm/mixin/injection/callback/CallbackInfoReturnable;)V does use it's CallbackInfoReturnable
[23:47:25] [main/DEBUG] (FabricLoader/Mixin) fabric-biome-api-v1.mixins.json:TheEndBiomeSourceMixin from mod fabric-biome-api-v1->@Inject::getWeightedEndBiome(IIILnet/minecraft/world/biome/source/util/MultiNoiseUtil$MultiNoiseSampler;Lorg/spongepowered/asm/mixin/injection/callback/CallbackInfoReturnable;)V does use it's CallbackInfoReturnable
[23:47:25] [main/DEBUG] (FabricLoader/Mixin) fabric-biome-api-v1.mixins.json:TheEndBiomeSourceMixin from mod fabric-biome-api-v1->@Inject::getWeightedEndBiome(IIILnet/minecraft/world/biome/source/util/MultiNoiseUtil$MultiNoiseSampler;Lorg/spongepowered/asm/mixin/injection/callback/CallbackInfoReturnable;)V does use it's CallbackInfoReturnable
[23:47:25] [main/DEBUG] (FabricLoader/Mixin) fabric-biome-api-v1.mixins.json:TheEndBiomeSourceMixin from mod fabric-biome-api-v1->@Inject::getWeightedEndBiome(IIILnet/minecraft/world/biome/source/util/MultiNoiseUtil$MultiNoiseSampler;Lorg/spongepowered/asm/mixin/injection/callback/CallbackInfoReturnable;)V does use it's CallbackInfoReturnable
[23:47:25] [main/DEBUG] (FabricLoader/Mixin) fabric-biome-api-v1.mixins.json:TheEndBiomeSourceMixin from mod fabric-biome-api-v1->@Inject::getWeightedEndBiome(IIILnet/minecraft/world/biome/source/util/MultiNoiseUtil$MultiNoiseSampler;Lorg/spongepowered/asm/mixin/injection/callback/CallbackInfoReturnable;)V does use it's CallbackInfoReturnable
[23:47:25] [main/DEBUG] (FabricLoader/Mixin) Mixing DebugChunkGeneratorAccessor from fabric-registry-sync-v0.mixins.json into net.minecraft.world.gen.chunk.DebugChunkGenerator
[23:47:25] [main/DEBUG] (FabricLoader/Mixin) fabric-registry-sync-v0.mixins.json:DebugChunkGeneratorAccessor from mod fabric-registry-sync-v0: Class version 61 required is higher than the class version supported by the current version of Mixin (JAVA_16 supports class version 60)
[23:47:25] [main/DEBUG] (FabricLoader/Mixin) Renaming @Accessor method setBLOCK_STATES(Ljava/util/List;)V to setBLOCK_STATES$fabric-registry-sync-v0_$md$6ed454$0 in fabric-registry-sync-v0.mixins.json:DebugChunkGeneratorAccessor from mod fabric-registry-sync-v0
[23:47:25] [main/DEBUG] (FabricLoader/Mixin) Renaming @Accessor method setX_SIDE_LENGTH(I)V to setX_SIDE_LENGTH$fabric-registry-sync-v0_$md$6ed454$1 in fabric-registry-sync-v0.mixins.json:DebugChunkGeneratorAccessor from mod fabric-registry-sync-v0
[23:47:25] [main/DEBUG] (FabricLoader/Mixin) Renaming @Accessor method setZ_SIDE_LENGTH(I)V to setZ_SIDE_LENGTH$fabric-registry-sync-v0_$md$6ed454$2 in fabric-registry-sync-v0.mixins.json:DebugChunkGeneratorAccessor from mod fabric-registry-sync-v0
[23:47:25] [main/DEBUG] (FabricLoader/Mixin) Generating mapped inner class net/minecraft/item/ItemGroups$1ItemGroupPosition$226c57ef75f733cf86d0df2b43c33e70 (originally net/fabricmc/fabric/mixin/itemgroup/ItemGroupsMixin$1ItemGroupPosition)
[23:47:25] [main/DEBUG] (FabricLoader/Mixin) Mixing DefaultAttributeRegistryAccessor from fabric-object-builder-v1.mixins.json into net.minecraft.entity.attribute.DefaultAttributeRegistry
[23:47:25] [main/DEBUG] (FabricLoader/Mixin) fabric-object-builder-v1.mixins.json:DefaultAttributeRegistryAccessor from mod fabric-object-builder-api-v1: Class version 61 required is higher than the class version supported by the current version of Mixin (JAVA_16 supports class version 60)
[23:47:25] [main/DEBUG] (FabricLoader/Mixin) Renaming @Accessor method getRegistry()Ljava/util/Map; to getRegistry$fabric-object-builder-api-v1_$md$6ed454$0 in fabric-object-builder-v1.mixins.json:DefaultAttributeRegistryAccessor from mod fabric-object-builder-api-v1
[23:47:25] [main/DEBUG] (FabricLoader/Mixin) Mixing DefaultAttributeRegistryMixin from fabric-object-builder-v1.mixins.json into net.minecraft.entity.attribute.DefaultAttributeRegistry
[23:47:25] [main/DEBUG] (FabricLoader/Mixin) fabric-object-builder-v1.mixins.json:DefaultAttributeRegistryMixin from mod fabric-object-builder-api-v1: Class version 61 required is higher than the class version supported by the current version of Mixin (JAVA_16 supports class version 60)
[23:47:25] [main/DEBUG] (FabricLoader/Mixin) fabric-object-builder-v1.mixins.json:DefaultAttributeRegistryMixin from mod fabric-object-builder-api-v1->@Inject::injectAttributes(Lorg/spongepowered/asm/mixin/injection/callback/CallbackInfo;)V doesn't use it's CallbackInfo
[23:47:25] [Render thread/DEBUG] (FabricLoader/Mixin) Mixing chain_crossbow.MinecraftClientChainCrossbowAttackMixin from weaponsexpanded.mixins.json into net.minecraft.client.MinecraftClient
[23:47:25] [Render thread/DEBUG] (FabricLoader/Mixin) Mixing MinecraftClientMixin from fabric-registry-sync-v0.client.mixins.json into net.minecraft.client.MinecraftClient
[23:47:25] [Render thread/DEBUG] (FabricLoader/Mixin) fabric-registry-sync-v0.client.mixins.json:MinecraftClientMixin from mod fabric-registry-sync-v0: Class version 61 required is higher than the class version supported by the current version of Mixin (JAVA_16 supports class version 60)
[23:47:25] [Render thread/DEBUG] (FabricLoader/Mixin) Mixing MinecraftClientMixin from fabric-screen-api-v1.mixins.json into net.minecraft.client.MinecraftClient
[23:47:25] [Render thread/DEBUG] (FabricLoader/Mixin) fabric-screen-api-v1.mixins.json:MinecraftClientMixin from mod fabric-screen-api-v1: Class version 61 required is higher than the class version supported by the current version of Mixin (JAVA_16 supports class version 60)
[23:47:25] [Render thread/DEBUG] (FabricLoader/Mixin) Renaming @Unique field LOGGERLorg/slf4j/Logger; to fd6ed454$fabric-screen-api-v1$LOGGER$0 in fabric-screen-api-v1.mixins.json:MinecraftClientMixin from mod fabric-screen-api-v1
[23:47:25] [Render thread/DEBUG] (FabricLoader/Mixin) Mixing MinecraftClientMixin from fabric-events-interaction-v0.client.mixins.json into net.minecraft.client.MinecraftClient
[23:47:25] [Render thread/DEBUG] (FabricLoader/Mixin) fabric-events-interaction-v0.client.mixins.json:MinecraftClientMixin from mod fabric-events-interaction-v0: Class version 61 required is higher than the class version supported by the current version of Mixin (JAVA_16 supports class version 60)
[23:47:25] [Render thread/DEBUG] (FabricLoader/Mixin) Mixing accessor.MinecraftClientAccessor from fabric-networking-api-v1.client.mixins.json into net.minecraft.client.MinecraftClient
[23:47:25] [Render thread/DEBUG] (FabricLoader/Mixin) fabric-networking-api-v1.client.mixins.json:accessor.MinecraftClientAccessor from mod fabric-networking-api-v1: Class version 61 required is higher than the class version supported by the current version of Mixin (JAVA_16 supports class version 60)
[23:47:25] [Render thread/DEBUG] (FabricLoader/Mixin) Mixing MinecraftClientMixin from fabric-data-generation-api-v1.client.mixins.json into net.minecraft.client.MinecraftClient
[23:47:25] [Render thread/DEBUG] (FabricLoader/Mixin) fabric-data-generation-api-v1.client.mixins.json:MinecraftClientMixin from mod fabric-data-generation-api-v1: Class version 61 required is higher than the class version supported by the current version of Mixin (JAVA_16 supports class version 60)
[23:47:25] [Render thread/DEBUG] (FabricLoader/Mixin) Mixing MinecraftClientMixin from fabric-lifecycle-events-v1.client.mixins.json into net.minecraft.client.MinecraftClient
[23:47:25] [Render thread/DEBUG] (FabricLoader/Mixin) fabric-lifecycle-events-v1.client.mixins.json:MinecraftClientMixin from mod fabric-lifecycle-events-v1: Class version 61 required is higher than the class version supported by the current version of Mixin (JAVA_16 supports class version 60)
[23:47:25] [Render thread/DEBUG] (FabricLoader/Mixin) weaponsexpanded.mixins.json:chain_crossbow.MinecraftClientChainCrossbowAttackMixin from mod weaponsexpanded->@Inject::weaponsexpanded$fireChainCrossbowInsteadOfPunch(Lorg/spongepowered/asm/mixin/injection/callback/CallbackInfoReturnable;)V does use it's CallbackInfoReturnable
[23:47:25] [Render thread/DEBUG] (FabricLoader/Mixin) fabric-registry-sync-v0.client.mixins.json:MinecraftClientMixin from mod fabric-registry-sync-v0->@Inject::disconnectAfter(Lnet/minecraft/client/gui/screen/Screen;Lorg/spongepowered/asm/mixin/injection/callback/CallbackInfo;)V doesn't use it's CallbackInfo
[23:47:25] [Render thread/DEBUG] (FabricLoader/Mixin) fabric-registry-sync-v0.client.mixins.json:MinecraftClientMixin from mod fabric-registry-sync-v0->@Inject::disconnectAfter(Lnet/minecraft/client/gui/screen/Screen;Lorg/spongepowered/asm/mixin/injection/callback/CallbackInfo;)V has 0 override(s) in child classes
[23:47:25] [Render thread/DEBUG] (FabricLoader/Mixin) fabric-registry-sync-v0.client.mixins.json:MinecraftClientMixin from mod fabric-registry-sync-v0->@Inject::disconnectAfter(Lnet/minecraft/client/gui/screen/Screen;Lorg/spongepowered/asm/mixin/injection/callback/CallbackInfo;)V won't be passed a CallbackInfo as a result
[23:47:25] [Render thread/DEBUG] (FabricLoader/Mixin) fabric-registry-sync-v0.client.mixins.json:MinecraftClientMixin from mod fabric-registry-sync-v0->@Inject::onStart(Lorg/spongepowered/asm/mixin/injection/callback/CallbackInfo;)V doesn't use it's CallbackInfo
[23:47:25] [Render thread/DEBUG] (FabricLoader/Mixin) fabric-registry-sync-v0.client.mixins.json:MinecraftClientMixin from mod fabric-registry-sync-v0->@Inject::onStart(Lorg/spongepowered/asm/mixin/injection/callback/CallbackInfo;)V has 0 override(s) in child classes
[23:47:25] [Render thread/DEBUG] (FabricLoader/Mixin) fabric-registry-sync-v0.client.mixins.json:MinecraftClientMixin from mod fabric-registry-sync-v0->@Inject::onStart(Lorg/spongepowered/asm/mixin/injection/callback/CallbackInfo;)V won't be passed a CallbackInfo as a result
[23:47:25] [Render thread/DEBUG] (FabricLoader/Mixin) fabric-screen-api-v1.mixins.json:MinecraftClientMixin from mod fabric-screen-api-v1->@Inject::checkThreadOnDev(Lnet/minecraft/client/gui/screen/Screen;Lorg/spongepowered/asm/mixin/injection/callback/CallbackInfo;)V doesn't use it's CallbackInfo
[23:47:25] [Render thread/DEBUG] (FabricLoader/Mixin) fabric-screen-api-v1.mixins.json:MinecraftClientMixin from mod fabric-screen-api-v1->@Inject::checkThreadOnDev(Lnet/minecraft/client/gui/screen/Screen;Lorg/spongepowered/asm/mixin/injection/callback/CallbackInfo;)V has 0 override(s) in child classes
[23:47:25] [Render thread/DEBUG] (FabricLoader/Mixin) fabric-screen-api-v1.mixins.json:MinecraftClientMixin from mod fabric-screen-api-v1->@Inject::checkThreadOnDev(Lnet/minecraft/client/gui/screen/Screen;Lorg/spongepowered/asm/mixin/injection/callback/CallbackInfo;)V won't be passed a CallbackInfo as a result
[23:47:25] [Render thread/DEBUG] (FabricLoader/Mixin) fabric-screen-api-v1.mixins.json:MinecraftClientMixin from mod fabric-screen-api-v1->@Inject::onScreenRemove(Lnet/minecraft/client/gui/screen/Screen;Lorg/spongepowered/asm/mixin/injection/callback/CallbackInfo;)V doesn't use it's CallbackInfo
[23:47:25] [Render thread/DEBUG] (FabricLoader/Mixin) fabric-screen-api-v1.mixins.json:MinecraftClientMixin from mod fabric-screen-api-v1->@Inject::onScreenRemove(Lnet/minecraft/client/gui/screen/Screen;Lorg/spongepowered/asm/mixin/injection/callback/CallbackInfo;)V has 0 override(s) in child classes
[23:47:25] [Render thread/DEBUG] (FabricLoader/Mixin) fabric-screen-api-v1.mixins.json:MinecraftClientMixin from mod fabric-screen-api-v1->@Inject::onScreenRemove(Lnet/minecraft/client/gui/screen/Screen;Lorg/spongepowered/asm/mixin/injection/callback/CallbackInfo;)V won't be passed a CallbackInfo as a result
[23:47:25] [Render thread/DEBUG] (FabricLoader/Mixin) fabric-screen-api-v1.mixins.json:MinecraftClientMixin from mod fabric-screen-api-v1->@Inject::onScreenRemoveBecauseStopping(Lorg/spongepowered/asm/mixin/injection/callback/CallbackInfo;)V doesn't use it's CallbackInfo
[23:47:25] [Render thread/DEBUG] (FabricLoader/Mixin) fabric-screen-api-v1.mixins.json:MinecraftClientMixin from mod fabric-screen-api-v1->@Inject::onScreenRemoveBecauseStopping(Lorg/spongepowered/asm/mixin/injection/callback/CallbackInfo;)V has 0 override(s) in child classes
[23:47:25] [Render thread/DEBUG] (FabricLoader/Mixin) fabric-screen-api-v1.mixins.json:MinecraftClientMixin from mod fabric-screen-api-v1->@Inject::onScreenRemoveBecauseStopping(Lorg/spongepowered/asm/mixin/injection/callback/CallbackInfo;)V won't be passed a CallbackInfo as a result
[23:47:25] [Render thread/DEBUG] (FabricLoader/Mixin) fabric-screen-api-v1.mixins.json:MinecraftClientMixin from mod fabric-screen-api-v1->@Inject::beforeScreenTick(Lorg/spongepowered/asm/mixin/injection/callback/CallbackInfo;)V doesn't use it's CallbackInfo
[23:47:25] [Render thread/DEBUG] (FabricLoader/Mixin) fabric-screen-api-v1.mixins.json:MinecraftClientMixin from mod fabric-screen-api-v1->@Inject::beforeScreenTick(Lorg/spongepowered/asm/mixin/injection/callback/CallbackInfo;)V has 0 override(s) in child classes
[23:47:25] [Render thread/DEBUG] (FabricLoader/Mixin) fabric-screen-api-v1.mixins.json:MinecraftClientMixin from mod fabric-screen-api-v1->@Inject::beforeScreenTick(Lorg/spongepowered/asm/mixin/injection/callback/CallbackInfo;)V won't be passed a CallbackInfo as a result
[23:47:25] [Render thread/DEBUG] (FabricLoader/Mixin) fabric-screen-api-v1.mixins.json:MinecraftClientMixin from mod fabric-screen-api-v1->@Inject::afterScreenTick(Lorg/spongepowered/asm/mixin/injection/callback/CallbackInfo;)V doesn't use it's CallbackInfo
[23:47:25] [Render thread/DEBUG] (FabricLoader/Mixin) fabric-screen-api-v1.mixins.json:MinecraftClientMixin from mod fabric-screen-api-v1->@Inject::afterScreenTick(Lorg/spongepowered/asm/mixin/injection/callback/CallbackInfo;)V has 0 override(s) in child classes
[23:47:25] [Render thread/DEBUG] (FabricLoader/Mixin) fabric-screen-api-v1.mixins.json:MinecraftClientMixin from mod fabric-screen-api-v1->@Inject::afterScreenTick(Lorg/spongepowered/asm/mixin/injection/callback/CallbackInfo;)V won't be passed a CallbackInfo as a result
[23:47:25] [Render thread/DEBUG] (FabricLoader/Mixin) fabric-screen-api-v1.mixins.json:MinecraftClientMixin from mod fabric-screen-api-v1->@Inject::beforeLoadingScreenTick(Lorg/spongepowered/asm/mixin/injection/callback/CallbackInfo;)V doesn't use it's CallbackInfo
[23:47:25] [Render thread/DEBUG] (FabricLoader/Mixin) fabric-screen-api-v1.mixins.json:MinecraftClientMixin from mod fabric-screen-api-v1->@Inject::beforeLoadingScreenTick(Lorg/spongepowered/asm/mixin/injection/callback/CallbackInfo;)V has 0 override(s) in child classes
[23:47:25] [Render thread/DEBUG] (FabricLoader/Mixin) fabric-screen-api-v1.mixins.json:MinecraftClientMixin from mod fabric-screen-api-v1->@Inject::beforeLoadingScreenTick(Lorg/spongepowered/asm/mixin/injection/callback/CallbackInfo;)V won't be passed a CallbackInfo as a result
[23:47:25] [Render thread/DEBUG] (FabricLoader/Mixin) fabric-screen-api-v1.mixins.json:MinecraftClientMixin from mod fabric-screen-api-v1->@Inject::afterLoadingScreenTick(Lorg/spongepowered/asm/mixin/injection/callback/CallbackInfo;)V doesn't use it's CallbackInfo
[23:47:25] [Render thread/DEBUG] (FabricLoader/Mixin) fabric-screen-api-v1.mixins.json:MinecraftClientMixin from mod fabric-screen-api-v1->@Inject::afterLoadingScreenTick(Lorg/spongepowered/asm/mixin/injection/callback/CallbackInfo;)V has 0 override(s) in child classes
[23:47:25] [Render thread/DEBUG] (FabricLoader/Mixin) fabric-screen-api-v1.mixins.json:MinecraftClientMixin from mod fabric-screen-api-v1->@Inject::afterLoadingScreenTick(Lorg/spongepowered/asm/mixin/injection/callback/CallbackInfo;)V won't be passed a CallbackInfo as a result
[23:47:25] [Render thread/DEBUG] (FabricLoader/Mixin) fabric-events-interaction-v0.client.mixins.json:MinecraftClientMixin from mod fabric-events-interaction-v0->@Inject::fabric_doItemPickWrapper(Lorg/spongepowered/asm/mixin/injection/callback/CallbackInfo;)V does use it's CallbackInfo
[23:47:25] [Render thread/DEBUG] (FabricLoader/Mixin) fabric-events-interaction-v0.client.mixins.json:MinecraftClientMixin from mod fabric-events-interaction-v0->@Inject::cancelItemPick(Lorg/spongepowered/asm/mixin/injection/callback/CallbackInfo;)V does use it's CallbackInfo
[23:47:25] [Render thread/DEBUG] (FabricLoader/Mixin) fabric-events-interaction-v0.client.mixins.json:MinecraftClientMixin from mod fabric-events-interaction-v0->@Inject::injectUseEntityCallback(Lorg/spongepowered/asm/mixin/injection/callback/CallbackInfo;[Lnet/minecraft/util/Hand;IILnet/minecraft/util/Hand;Lnet/minecraft/item/ItemStack;Lnet/minecraft/util/hit/EntityHitResult;Lnet/minecraft/entity/Entity;)V does use it's CallbackInfo
[23:47:25] [Render thread/DEBUG] (FabricLoader/Mixin) fabric-events-interaction-v0.client.mixins.json:MinecraftClientMixin from mod fabric-events-interaction-v0->@Inject::injectHandleInputEventsForPreAttackCallback(Lorg/spongepowered/asm/mixin/injection/callback/CallbackInfo;)V doesn't use it's CallbackInfo
[23:47:25] [Render thread/DEBUG] (FabricLoader/Mixin) fabric-events-interaction-v0.client.mixins.json:MinecraftClientMixin from mod fabric-events-interaction-v0->@Inject::injectHandleInputEventsForPreAttackCallback(Lorg/spongepowered/asm/mixin/injection/callback/CallbackInfo;)V has 0 override(s) in child classes
[23:47:25] [Render thread/DEBUG] (FabricLoader/Mixin) fabric-events-interaction-v0.client.mixins.json:MinecraftClientMixin from mod fabric-events-interaction-v0->@Inject::injectHandleInputEventsForPreAttackCallback(Lorg/spongepowered/asm/mixin/injection/callback/CallbackInfo;)V won't be passed a CallbackInfo as a result
[23:47:25] [Render thread/DEBUG] (FabricLoader/Mixin) fabric-events-interaction-v0.client.mixins.json:MinecraftClientMixin from mod fabric-events-interaction-v0->@Inject::injectDoAttackForCancelling(Lorg/spongepowered/asm/mixin/injection/callback/CallbackInfoReturnable;)V does use it's CallbackInfoReturnable
[23:47:25] [Render thread/DEBUG] (FabricLoader/Mixin) fabric-events-interaction-v0.client.mixins.json:MinecraftClientMixin from mod fabric-events-interaction-v0->@Inject::injectHandleBlockBreakingForCancelling(ZLorg/spongepowered/asm/mixin/injection/callback/CallbackInfo;)V does use it's CallbackInfo
[23:47:25] [Render thread/DEBUG] (FabricLoader/Mixin) fabric-data-generation-api-v1.client.mixins.json:MinecraftClientMixin from mod fabric-data-generation-api-v1->@Inject::main(Lorg/spongepowered/asm/mixin/injection/callback/CallbackInfo;)V doesn't use it's CallbackInfo
[23:47:25] [Render thread/DEBUG] (FabricLoader/Mixin) fabric-data-generation-api-v1.client.mixins.json:MinecraftClientMixin from mod fabric-data-generation-api-v1->@Inject::main(Lorg/spongepowered/asm/mixin/injection/callback/CallbackInfo;)V has 0 override(s) in child classes
[23:47:25] [Render thread/DEBUG] (FabricLoader/Mixin) fabric-data-generation-api-v1.client.mixins.json:MinecraftClientMixin from mod fabric-data-generation-api-v1->@Inject::main(Lorg/spongepowered/asm/mixin/injection/callback/CallbackInfo;)V won't be passed a CallbackInfo as a result
[23:47:25] [Render thread/DEBUG] (FabricLoader/Mixin) fabric-lifecycle-events-v1.client.mixins.json:MinecraftClientMixin from mod fabric-lifecycle-events-v1->@Inject::onStartTick(Lorg/spongepowered/asm/mixin/injection/callback/CallbackInfo;)V doesn't use it's CallbackInfo
[23:47:25] [Render thread/DEBUG] (FabricLoader/Mixin) fabric-lifecycle-events-v1.client.mixins.json:MinecraftClientMixin from mod fabric-lifecycle-events-v1->@Inject::onStartTick(Lorg/spongepowered/asm/mixin/injection/callback/CallbackInfo;)V has 0 override(s) in child classes
[23:47:25] [Render thread/DEBUG] (FabricLoader/Mixin) fabric-lifecycle-events-v1.client.mixins.json:MinecraftClientMixin from mod fabric-lifecycle-events-v1->@Inject::onStartTick(Lorg/spongepowered/asm/mixin/injection/callback/CallbackInfo;)V won't be passed a CallbackInfo as a result
[23:47:25] [Render thread/DEBUG] (FabricLoader/Mixin) fabric-lifecycle-events-v1.client.mixins.json:MinecraftClientMixin from mod fabric-lifecycle-events-v1->@Inject::onEndTick(Lorg/spongepowered/asm/mixin/injection/callback/CallbackInfo;)V doesn't use it's CallbackInfo
[23:47:25] [Render thread/DEBUG] (FabricLoader/Mixin) fabric-lifecycle-events-v1.client.mixins.json:MinecraftClientMixin from mod fabric-lifecycle-events-v1->@Inject::onEndTick(Lorg/spongepowered/asm/mixin/injection/callback/CallbackInfo;)V has 0 override(s) in child classes
[23:47:25] [Render thread/DEBUG] (FabricLoader/Mixin) fabric-lifecycle-events-v1.client.mixins.json:MinecraftClientMixin from mod fabric-lifecycle-events-v1->@Inject::onEndTick(Lorg/spongepowered/asm/mixin/injection/callback/CallbackInfo;)V won't be passed a CallbackInfo as a result
[23:47:25] [Render thread/DEBUG] (FabricLoader/Mixin) fabric-lifecycle-events-v1.client.mixins.json:MinecraftClientMixin from mod fabric-lifecycle-events-v1->@Inject::onStopping(Lorg/spongepowered/asm/mixin/injection/callback/CallbackInfo;)V doesn't use it's CallbackInfo
[23:47:25] [Render thread/DEBUG] (FabricLoader/Mixin) fabric-lifecycle-events-v1.client.mixins.json:MinecraftClientMixin from mod fabric-lifecycle-events-v1->@Inject::onStopping(Lorg/spongepowered/asm/mixin/injection/callback/CallbackInfo;)V has 0 override(s) in child classes
[23:47:25] [Render thread/DEBUG] (FabricLoader/Mixin) fabric-lifecycle-events-v1.client.mixins.json:MinecraftClientMixin from mod fabric-lifecycle-events-v1->@Inject::onStopping(Lorg/spongepowered/asm/mixin/injection/callback/CallbackInfo;)V won't be passed a CallbackInfo as a result
[23:47:25] [Render thread/DEBUG] (FabricLoader/Mixin) fabric-lifecycle-events-v1.client.mixins.json:MinecraftClientMixin from mod fabric-lifecycle-events-v1->@Inject::onStart(Lorg/spongepowered/asm/mixin/injection/callback/CallbackInfo;)V doesn't use it's CallbackInfo
[23:47:25] [Render thread/DEBUG] (FabricLoader/Mixin) fabric-lifecycle-events-v1.client.mixins.json:MinecraftClientMixin from mod fabric-lifecycle-events-v1->@Inject::onStart(Lorg/spongepowered/asm/mixin/injection/callback/CallbackInfo;)V has 0 override(s) in child classes
[23:47:25] [Render thread/DEBUG] (FabricLoader/Mixin) fabric-lifecycle-events-v1.client.mixins.json:MinecraftClientMixin from mod fabric-lifecycle-events-v1->@Inject::onStart(Lorg/spongepowered/asm/mixin/injection/callback/CallbackInfo;)V won't be passed a CallbackInfo as a result
[23:47:25] [Render thread/DEBUG] (FabricLoader/Mixin) Mixing ScreenAccessor from fabric-screen-api-v1.mixins.json into net.minecraft.client.gui.screen.Screen
[23:47:25] [Render thread/DEBUG] (FabricLoader/Mixin) fabric-screen-api-v1.mixins.json:ScreenAccessor from mod fabric-screen-api-v1: Class version 61 required is higher than the class version supported by the current version of Mixin (JAVA_16 supports class version 60)
[23:47:25] [Render thread/DEBUG] (FabricLoader/Mixin) Mixing ScreenMixin from fabric-screen-api-v1.mixins.json into net.minecraft.client.gui.screen.Screen
[23:47:25] [Render thread/DEBUG] (FabricLoader/Mixin) fabric-screen-api-v1.mixins.json:ScreenMixin from mod fabric-screen-api-v1: Class version 61 required is higher than the class version supported by the current version of Mixin (JAVA_16 supports class version 60)
[23:47:25] [Render thread/DEBUG] (FabricLoader/Mixin) fabric-screen-api-v1.mixins.json:ScreenMixin from mod fabric-screen-api-v1->@Inject::beforeInitScreen(Lnet/minecraft/client/MinecraftClient;IILorg/spongepowered/asm/mixin/injection/callback/CallbackInfo;)V doesn't use it's CallbackInfo
[23:47:25] [Render thread/DEBUG] (FabricLoader/Mixin) fabric-screen-api-v1.mixins.json:ScreenMixin from mod fabric-screen-api-v1->@Inject::beforeInitScreen(Lnet/minecraft/client/MinecraftClient;IILorg/spongepowered/asm/mixin/injection/callback/CallbackInfo;)V has 0 override(s) in child classes
[23:47:25] [Render thread/DEBUG] (FabricLoader/Mixin) fabric-screen-api-v1.mixins.json:ScreenMixin from mod fabric-screen-api-v1->@Inject::beforeInitScreen(Lnet/minecraft/client/MinecraftClient;IILorg/spongepowered/asm/mixin/injection/callback/CallbackInfo;)V won't be passed a CallbackInfo as a result
[23:47:25] [Render thread/DEBUG] (FabricLoader/Mixin) fabric-screen-api-v1.mixins.json:ScreenMixin from mod fabric-screen-api-v1->@Inject::afterInitScreen(Lnet/minecraft/client/MinecraftClient;IILorg/spongepowered/asm/mixin/injection/callback/CallbackInfo;)V doesn't use it's CallbackInfo
[23:47:25] [Render thread/DEBUG] (FabricLoader/Mixin) fabric-screen-api-v1.mixins.json:ScreenMixin from mod fabric-screen-api-v1->@Inject::afterInitScreen(Lnet/minecraft/client/MinecraftClient;IILorg/spongepowered/asm/mixin/injection/callback/CallbackInfo;)V has 0 override(s) in child classes
[23:47:25] [Render thread/DEBUG] (FabricLoader/Mixin) fabric-screen-api-v1.mixins.json:ScreenMixin from mod fabric-screen-api-v1->@Inject::afterInitScreen(Lnet/minecraft/client/MinecraftClient;IILorg/spongepowered/asm/mixin/injection/callback/CallbackInfo;)V won't be passed a CallbackInfo as a result
[23:47:25] [Render thread/DEBUG] (FabricLoader/Mixin) fabric-screen-api-v1.mixins.json:ScreenMixin from mod fabric-screen-api-v1->@Inject::beforeResizeScreen(Lnet/minecraft/client/MinecraftClient;IILorg/spongepowered/asm/mixin/injection/callback/CallbackInfo;)V doesn't use it's CallbackInfo
[23:47:25] [Render thread/DEBUG] (FabricLoader/Mixin) fabric-screen-api-v1.mixins.json:ScreenMixin from mod fabric-screen-api-v1->@Inject::beforeResizeScreen(Lnet/minecraft/client/MinecraftClient;IILorg/spongepowered/asm/mixin/injection/callback/CallbackInfo;)V has 0 override(s) in child classes
[23:47:25] [Render thread/DEBUG] (FabricLoader/Mixin) fabric-screen-api-v1.mixins.json:ScreenMixin from mod fabric-screen-api-v1->@Inject::beforeResizeScreen(Lnet/minecraft/client/MinecraftClient;IILorg/spongepowered/asm/mixin/injection/callback/CallbackInfo;)V won't be passed a CallbackInfo as a result
[23:47:25] [Render thread/DEBUG] (FabricLoader/Mixin) fabric-screen-api-v1.mixins.json:ScreenMixin from mod fabric-screen-api-v1->@Inject::afterResizeScreen(Lnet/minecraft/client/MinecraftClient;IILorg/spongepowered/asm/mixin/injection/callback/CallbackInfo;)V doesn't use it's CallbackInfo
[23:47:25] [Render thread/DEBUG] (FabricLoader/Mixin) fabric-screen-api-v1.mixins.json:ScreenMixin from mod fabric-screen-api-v1->@Inject::afterResizeScreen(Lnet/minecraft/client/MinecraftClient;IILorg/spongepowered/asm/mixin/injection/callback/CallbackInfo;)V has 0 override(s) in child classes
[23:47:25] [Render thread/DEBUG] (FabricLoader/Mixin) fabric-screen-api-v1.mixins.json:ScreenMixin from mod fabric-screen-api-v1->@Inject::afterResizeScreen(Lnet/minecraft/client/MinecraftClient;IILorg/spongepowered/asm/mixin/injection/callback/CallbackInfo;)V won't be passed a CallbackInfo as a result
[23:47:25] [Render thread/DEBUG] (FabricLoader/Mixin) Mixing ClientWorldMixin from fabric-lifecycle-events-v1.client.mixins.json into net.minecraft.client.world.ClientWorld
[23:47:25] [Render thread/DEBUG] (FabricLoader/Mixin) fabric-lifecycle-events-v1.client.mixins.json:ClientWorldMixin from mod fabric-lifecycle-events-v1: Class version 61 required is higher than the class version supported by the current version of Mixin (JAVA_16 supports class version 60)
[23:47:25] [Render thread/DEBUG] (FabricLoader/Mixin) fabric-lifecycle-events-v1.client.mixins.json:ClientWorldMixin from mod fabric-lifecycle-events-v1->@Inject::tickWorldAfterBlockEntities(Lorg/spongepowered/asm/mixin/injection/callback/CallbackInfo;)V doesn't use it's CallbackInfo
[23:47:25] [Render thread/DEBUG] (FabricLoader/Mixin) fabric-lifecycle-events-v1.client.mixins.json:ClientWorldMixin from mod fabric-lifecycle-events-v1->@Inject::tickWorldAfterBlockEntities(Lorg/spongepowered/asm/mixin/injection/callback/CallbackInfo;)V has 0 override(s) in child classes
[23:47:25] [Render thread/DEBUG] (FabricLoader/Mixin) fabric-lifecycle-events-v1.client.mixins.json:ClientWorldMixin from mod fabric-lifecycle-events-v1->@Inject::tickWorldAfterBlockEntities(Lorg/spongepowered/asm/mixin/injection/callback/CallbackInfo;)V won't be passed a CallbackInfo as a result
[23:47:25] [Render thread/DEBUG] (FabricLoader/Mixin) fabric-lifecycle-events-v1.client.mixins.json:ClientWorldMixin from mod fabric-lifecycle-events-v1->@Inject::startWorldTick(Lorg/spongepowered/asm/mixin/injection/callback/CallbackInfo;)V doesn't use it's CallbackInfo
[23:47:25] [Render thread/DEBUG] (FabricLoader/Mixin) fabric-lifecycle-events-v1.client.mixins.json:ClientWorldMixin from mod fabric-lifecycle-events-v1->@Inject::startWorldTick(Lorg/spongepowered/asm/mixin/injection/callback/CallbackInfo;)V has 0 override(s) in child classes
[23:47:25] [Render thread/DEBUG] (FabricLoader/Mixin) fabric-lifecycle-events-v1.client.mixins.json:ClientWorldMixin from mod fabric-lifecycle-events-v1->@Inject::startWorldTick(Lorg/spongepowered/asm/mixin/injection/callback/CallbackInfo;)V won't be passed a CallbackInfo as a result
[23:47:25] [Render thread/DEBUG] (FabricLoader/Mixin) Mixing MixinTitleScreen from mixins.modmenu.json into net.minecraft.client.gui.screen.TitleScreen
[23:47:25] [Render thread/DEBUG] (FabricLoader/Mixin) mixins.modmenu.json:MixinTitleScreen from mod modmenu: Class version 61 required is higher than the class version supported by the current version of Mixin (JAVA_16 supports class version 60)
[23:47:25] [Render thread/DEBUG] (FabricLoader/Mixin) Mixing MixinGameMenu from mixins.modmenu.json into net.minecraft.client.gui.screen.GameMenuScreen
[23:47:25] [Render thread/DEBUG] (FabricLoader/Mixin) mixins.modmenu.json:MixinGameMenu from mod modmenu: Class version 61 required is higher than the class version supported by the current version of Mixin (JAVA_16 supports class version 60)
[23:47:25] [Render thread/DEBUG] (FabricLoader/Mixin) Renaming synthetic method lambda$onInitWidgets$0(Lnet/minecraft/client/gui/widget/ButtonWidget;)V to md6ed454$modmenu$lambda$onInitWidgets$0$0 in mixins.modmenu.json:MixinGameMenu from mod modmenu
[23:47:25] [Render thread/DEBUG] (FabricLoader/Mixin) mixins.modmenu.json:MixinGameMenu from mod modmenu->@Inject::onInitWidgets(Lorg/spongepowered/asm/mixin/injection/callback/CallbackInfo;Lnet/minecraft/client/gui/widget/GridWidget;Lnet/minecraft/client/gui/widget/GridWidget$Adder;Lnet/minecraft/text/Text;)V doesn't use it's CallbackInfo
[23:47:25] [Render thread/DEBUG] (FabricLoader/Mixin) mixins.modmenu.json:MixinGameMenu from mod modmenu->@Inject::onInitWidgets(Lorg/spongepowered/asm/mixin/injection/callback/CallbackInfo;Lnet/minecraft/client/gui/widget/GridWidget;Lnet/minecraft/client/gui/widget/GridWidget$Adder;Lnet/minecraft/text/Text;)V has 0 override(s) in child classes
[23:47:25] [Render thread/DEBUG] (FabricLoader/Mixin) mixins.modmenu.json:MixinGameMenu from mod modmenu->@Inject::onInitWidgets(Lorg/spongepowered/asm/mixin/injection/callback/CallbackInfo;Lnet/minecraft/client/gui/widget/GridWidget;Lnet/minecraft/client/gui/widget/GridWidget$Adder;Lnet/minecraft/text/Text;)V won't be passed a CallbackInfo as a result
[23:47:25] [Render thread/DEBUG] (FabricLoader/Mixin) Mixing elytra.ClientPlayerEntityMixin from fabric-entity-events-v1.client.mixins.json into net.minecraft.client.network.ClientPlayerEntity
[23:47:25] [Render thread/DEBUG] (FabricLoader/Mixin) fabric-entity-events-v1.client.mixins.json:elytra.ClientPlayerEntityMixin from mod fabric-entity-events-v1: Class version 61 required is higher than the class version supported by the current version of Mixin (JAVA_16 supports class version 60)
[23:47:25] [Render thread/DEBUG] (FabricLoader/Mixin) fabric-entity-events-v1.client.mixins.json:elytra.ClientPlayerEntityMixin from mod fabric-entity-events-v1->@Inject::injectElytraStart(Lorg/spongepowered/asm/mixin/injection/callback/CallbackInfo;)V doesn't use it's CallbackInfo
[23:47:25] [Render thread/DEBUG] (FabricLoader/Mixin) fabric-entity-events-v1.client.mixins.json:elytra.ClientPlayerEntityMixin from mod fabric-entity-events-v1->@Inject::injectElytraStart(Lorg/spongepowered/asm/mixin/injection/callback/CallbackInfo;)V has 0 override(s) in child classes
[23:47:25] [Render thread/DEBUG] (FabricLoader/Mixin) fabric-entity-events-v1.client.mixins.json:elytra.ClientPlayerEntityMixin from mod fabric-entity-events-v1->@Inject::injectElytraStart(Lorg/spongepowered/asm/mixin/injection/callback/CallbackInfo;)V won't be passed a CallbackInfo as a result
[23:47:25] [Render thread/DEBUG] (FabricLoader/Mixin) Mixing LongbowFovMixin from weaponsexpanded.mixins.json into net.minecraft.client.network.AbstractClientPlayerEntity
[23:47:25] [Render thread/DEBUG] (FabricLoader/Mixin) weaponsexpanded.mixins.json:LongbowFovMixin from mod weaponsexpanded->@Inject::weaponsexpanded$longbowZoom(Lorg/spongepowered/asm/mixin/injection/callback/CallbackInfoReturnable;)V does use it's CallbackInfoReturnable
[23:47:25] [Render thread/DEBUG] (FabricLoader/Mixin) weaponsexpanded.mixins.json:LongbowFovMixin from mod weaponsexpanded->@Inject::weaponsexpanded$longbowZoom(Lorg/spongepowered/asm/mixin/injection/callback/CallbackInfoReturnable;)V does use it's CallbackInfoReturnable
[23:47:25] [Render thread/DEBUG] (FabricLoader/Mixin) Mixing SinglePreparationResourceReloaderMixin from fabric-resource-conditions-api-v1.mixins.json into net.minecraft.resource.SinglePreparationResourceReloader
[23:47:25] [Render thread/DEBUG] (FabricLoader/Mixin) fabric-resource-conditions-api-v1.mixins.json:SinglePreparationResourceReloaderMixin from mod fabric-resource-conditions-api-v1: Class version 61 required is higher than the class version supported by the current version of Mixin (JAVA_16 supports class version 60)
[23:47:25] [Render thread/DEBUG] (FabricLoader/Mixin) fabric-resource-conditions-api-v1.mixins.json:SinglePreparationResourceReloaderMixin from mod fabric-resource-conditions-api-v1->@Inject::applyResourceConditions(Lnet/minecraft/resource/ResourceManager;Lnet/minecraft/util/profiler/Profiler;Ljava/lang/Object;Lorg/spongepowered/asm/mixin/injection/callback/CallbackInfo;)V doesn't use it's CallbackInfo
[23:47:25] [Render thread/DEBUG] (FabricLoader/Mixin) fabric-resource-conditions-api-v1.mixins.json:SinglePreparationResourceReloaderMixin from mod fabric-resource-conditions-api-v1->@Inject::applyResourceConditions(Lnet/minecraft/resource/ResourceManager;Lnet/minecraft/util/profiler/Profiler;Ljava/lang/Object;Lorg/spongepowered/asm/mixin/injection/callback/CallbackInfo;)V has 0 override(s) in child classes
[23:47:25] [Render thread/DEBUG] (FabricLoader/Mixin) fabric-resource-conditions-api-v1.mixins.json:SinglePreparationResourceReloaderMixin from mod fabric-resource-conditions-api-v1->@Inject::applyResourceConditions(Lnet/minecraft/resource/ResourceManager;Lnet/minecraft/util/profiler/Profiler;Ljava/lang/Object;Lorg/spongepowered/asm/mixin/injection/callback/CallbackInfo;)V won't be passed a CallbackInfo as a result
[23:47:25] [Render thread/DEBUG] (FabricLoader/Mixin) Mixing DefaultClientResourcePackProviderMixin from fabric-resource-loader-v0.client.mixins.json into net.minecraft.client.resource.DefaultClientResourcePackProvider
[23:47:25] [Render thread/DEBUG] (FabricLoader/Mixin) fabric-resource-loader-v0.client.mixins.json:DefaultClientResourcePackProviderMixin from mod fabric-resource-loader-v0: Class version 61 required is higher than the class version supported by the current version of Mixin (JAVA_16 supports class version 60)
[23:47:25] [Render thread/DEBUG] (FabricLoader/Mixin) Renaming synthetic method lambda$onCreateVanillaBuiltinResourcePack$0(Lnet/minecraft/resource/ResourcePackProfile$PackFactory;Ljava/lang/String;Ljava/lang/String;)Lnet/minecraft/resource/ResourcePack; to md6ed454$fabric-resource-loader-v0$lambda$onCreateVanillaBuiltinResourcePack$0$0 in fabric-resource-loader-v0.client.mixins.json:DefaultClientResourcePackProviderMixin from mod fabric-resource-loader-v0
[23:47:25] [Render thread/DEBUG] (FabricLoader/Mixin) Mixing VanillaResourcePackProviderMixin from fabric-resource-loader-v0.client.mixins.json into net.minecraft.resource.VanillaResourcePackProvider
[23:47:25] [Render thread/DEBUG] (FabricLoader/Mixin) fabric-resource-loader-v0.client.mixins.json:VanillaResourcePackProviderMixin from mod fabric-resource-loader-v0: Class version 61 required is higher than the class version supported by the current version of Mixin (JAVA_16 supports class version 60)
[23:47:25] [Render thread/DEBUG] (FabricLoader/Mixin) fabric-resource-loader-v0.client.mixins.json:VanillaResourcePackProviderMixin from mod fabric-resource-loader-v0->@Inject::addBuiltinResourcePacks(Ljava/util/function/Consumer;Lorg/spongepowered/asm/mixin/injection/callback/CallbackInfo;)V doesn't use it's CallbackInfo
[23:47:25] [Render thread/DEBUG] (FabricLoader/Mixin) fabric-resource-loader-v0.client.mixins.json:VanillaResourcePackProviderMixin from mod fabric-resource-loader-v0->@Inject::addBuiltinResourcePacks(Ljava/util/function/Consumer;Lorg/spongepowered/asm/mixin/injection/callback/CallbackInfo;)V has 0 override(s) in child classes
[23:47:25] [Render thread/DEBUG] (FabricLoader/Mixin) fabric-resource-loader-v0.client.mixins.json:VanillaResourcePackProviderMixin from mod fabric-resource-loader-v0->@Inject::addBuiltinResourcePacks(Ljava/util/function/Consumer;Lorg/spongepowered/asm/mixin/injection/callback/CallbackInfo;)V won't be passed a CallbackInfo as a result
[23:47:25] [Render thread/DEBUG] (FabricLoader/Mixin) Mixing ResourcePackManagerMixin from fabric-resource-loader-v0.mixins.json into net.minecraft.resource.ResourcePackManager
[23:47:25] [Render thread/DEBUG] (FabricLoader/Mixin) fabric-resource-loader-v0.mixins.json:ResourcePackManagerMixin from mod fabric-resource-loader-v0: Class version 61 required is higher than the class version supported by the current version of Mixin (JAVA_16 supports class version 60)
[23:47:25] [Render thread/DEBUG] (FabricLoader/Mixin) fabric-resource-loader-v0.mixins.json:ResourcePackManagerMixin from mod fabric-resource-loader-v0->@Inject::construct([Lnet/minecraft/resource/ResourcePackProvider;Lorg/spongepowered/asm/mixin/injection/callback/CallbackInfo;)V doesn't use it's CallbackInfo
[23:47:25] [Render thread/DEBUG] (FabricLoader/Mixin) fabric-resource-loader-v0.mixins.json:ResourcePackManagerMixin from mod fabric-resource-loader-v0->@Inject::construct([Lnet/minecraft/resource/ResourcePackProvider;Lorg/spongepowered/asm/mixin/injection/callback/CallbackInfo;)V has 0 override(s) in child classes
[23:47:25] [Render thread/DEBUG] (FabricLoader/Mixin) fabric-resource-loader-v0.mixins.json:ResourcePackManagerMixin from mod fabric-resource-loader-v0->@Inject::construct([Lnet/minecraft/resource/ResourcePackProvider;Lorg/spongepowered/asm/mixin/injection/callback/CallbackInfo;)V won't be passed a CallbackInfo as a result
[23:47:25] [Render thread/INFO] (com.mojang.authlib.yggdrasil.YggdrasilAuthenticationService) Environment: authHost='https://authserver.mojang.com', accountsHost='https://api.mojang.com', sessionHost='https://sessionserver.mojang.com', servicesHost='https://api.minecraftservices.com', name='PROD'
[23:47:25] [Yggdrasil Key Fetcher/DEBUG] (com.mojang.authlib.HttpAuthenticationService) Opening connection to https://api.minecraftservices.com/publickeys
[23:47:25] [Render thread/DEBUG] (com.mojang.authlib.minecraft.client.MinecraftClient) Connecting to https://api.minecraftservices.com/player/attributes
[23:47:25] [Yggdrasil Key Fetcher/DEBUG] (com.mojang.authlib.HttpAuthenticationService) Reading data from https://api.minecraftservices.com/publickeys
[23:47:25] [Yggdrasil Key Fetcher/DEBUG] (com.mojang.authlib.HttpAuthenticationService) Successful read, server response was 200
[23:47:25] [Yggdrasil Key Fetcher/DEBUG] (com.mojang.authlib.HttpAuthenticationService) Response: {
  "profilePropertyKeys" : [ {
    "publicKey" : "MIICIjANBgkqhkiG9w0BAQEFAAOCAg8AMIICCgKCAgEAylB4B6m5lz7jwrcFz6Fd/fnfUhcvlxsTSn5kIK/2aGG1C3kMy4VjhwlxF6BFUSnfxhNswPjh3ZitkBxEAFY25uzkJFRwHwVA9mdwjashXILtR6OqdLXXFVyUPIURLOSWqGNBtb08EN5fMnG8iFLgEJIBMxs9BvF3s3/FhuHyPKiVTZmXY0WY4ZyYqvoKR+XjaTRPPvBsDa4WI2u1zxXMeHlodT3lnCzVvyOYBLXL6CJgByuOxccJ8hnXfF9yY4F0aeL080Jz/3+EBNG8RO4ByhtBf4Ny8NQ6stWsjfeUIvH7bU/4zCYcYOq4WrInXHqS8qruDmIl7P5XXGcabuzQstPf/h2CRAUpP/PlHXcMlvewjmGU6MfDK+lifScNYwjPxRo4nKTGFZf/0aqHCh/EAsQyLKrOIYRE0lDG3bzBh8ogIMLAugsAfBb6M3mqCqKaTMAf/VAjh5FFJnjS+7bE+bZEV0qwax1CEoPPJL1fIQjOS8zj086gjpGRCtSy9+bTPTfTR/SJ+VUB5G2IeCItkNHpJX2ygojFZ9n5Fnj7R9ZnOM+L8nyIjPu3aePvtcrXlyLhH/hvOfIOjPxOlqW+O5QwSFP4OEcyLAUgDdUgyW36Z5mB285uKW/ighzZsOTevVUG2QwDItObIV6i8RCxFbN2oDHyPaO5j1tTaBNyVt8CAwEAAQ=="
  }, {
    "publicKey" : "MIICIjANBgkqhkiG9w0BAQEFAAOCAg8AMIICCgKCAgEAra4Y2wu3rWEW7cDTDRRd4IvUD140Y12SaG3k4V3UwT/pDnnX5itOcYiZA0qf4VCpJDp2PifOL+Pr/ph/G9/6ZoIxkBeGENo+S7i9BqizJy9cmZocpyx+RkZaw9+frCGNLuYLrxziNWiXFACJSg2mHACR7+6NkGN8d/16/3PxMnvGSyLT7JKGUgqj1Q3oW7k+NLXR9sw6oRELOcnUvZVa2bcglv8vlcyPqqnBhydLfHI85Z5WnIYZviZ3Bb4dv5Fme726BGOtEY7kz40RfiwjT3xYKYKPJUS3/crPX6eugmWyrWdddKaePrW88bp17Z5NIStlJ5KJJk4coha8O+P7onDqmbHwLqPTeR51njkgZ+DJWT6fz8ku9OWQn6I/FxqN14iYIghDJijmKvEwsI7FJ5X2ttPXEvBYLmpj2j0lQQcUIqH7hkiZ+mCW0GYawJgbAeNAraM9sP+76MyAGITtAsXv1IQmah+7OeDJOToG2Kb1Dl0Va+HiP9MPpcnO7kbn6dqAyhNvRNmHnsUOiEcLhW9Rk7xz87IBV/cGKbUDgxu8cYY0P512DWt5+Jmr8W10FDFdLmkJt1taWxNxApM2CiFPCimk02koyLZDW9nqpWNw6qS/TOYPdz438qEuamtYUJ+u6WhBjK8xAJEAt5k3gDKX+nlTiG3N6se09D62fS8CAwEAAQ=="
  } ],
  "playerCertificateKeys" : [ {
    "publicKey" : "MIICIjANBgkqhkiG9w0BAQEFAAOCAg8AMIICCgKCAgEAylB4B6m5lz7jwrcFz6Fd/fnfUhcvlxsTSn5kIK/2aGG1C3kMy4VjhwlxF6BFUSnfxhNswPjh3ZitkBxEAFY25uzkJFRwHwVA9mdwjashXILtR6OqdLXXFVyUPIURLOSWqGNBtb08EN5fMnG8iFLgEJIBMxs9BvF3s3/FhuHyPKiVTZmXY0WY4ZyYqvoKR+XjaTRPPvBsDa4WI2u1zxXMeHlodT3lnCzVvyOYBLXL6CJgByuOxccJ8hnXfF9yY4F0aeL080Jz/3+EBNG8RO4ByhtBf4Ny8NQ6stWsjfeUIvH7bU/4zCYcYOq4WrInXHqS8qruDmIl7P5XXGcabuzQstPf/h2CRAUpP/PlHXcMlvewjmGU6MfDK+lifScNYwjPxRo4nKTGFZf/0aqHCh/EAsQyLKrOIYRE0lDG3bzBh8ogIMLAugsAfBb6M3mqCqKaTMAf/VAjh5FFJnjS+7bE+bZEV0qwax1CEoPPJL1fIQjOS8zj086gjpGRCtSy9+bTPTfTR/SJ+VUB5G2IeCItkNHpJX2ygojFZ9n5Fnj7R9ZnOM+L8nyIjPu3aePvtcrXlyLhH/hvOfIOjPxOlqW+O5QwSFP4OEcyLAUgDdUgyW36Z5mB285uKW/ighzZsOTevVUG2QwDItObIV6i8RCxFbN2oDHyPaO5j1tTaBNyVt8CAwEAAQ=="
  }, {
    "publicKey" : "MIICIjANBgkqhkiG9w0BAQEFAAOCAg8AMIICCgKCAgEAt4t9NPuu7cktclnaH7eZj0omkLcJHeLz5MKsyJEntHZ0INtuBjSSul3Pp3pBeJN8k3ADdcdBLUN90bcAi7WsQqTx3Ft363q3W7TbM8j2iTEdp/0uVspoRt/DP1tkaWFs/w2WwUv9jbVoBUzfUc4pSTIxRwdjmqjZQfvjwKNDbOx3IhP2H0WXodbISejPi1wBZqNW4m1rnZAXp/EpUguxA8mobCa4vUCBkyFDyXdl69/wUSJHyCPmgcMJ364OlAhIqtwVPShBZObvrK/f0BYk6ShJD3N7TFDatSYsIIdcTKRknaIm91s+EsMrdB9U4Yw+ZJ/pyCB4S3vk8zfDCnb0DWIxYH3/EMzaxl77djmTmMzi/JDITup5z3jfWtRZmrAhU2/+W5IO5hEpo3/bCS9PXIY5xb41Lmp2ZO8dXKtyD66Chchy0W129n8vPl2GIruOdrxsjZAHnneyAb9jm0uaGaphwnEnuecX/qgHY6ZMtayvLLsPst8PO6R1vufMy8WqjK+j7LnC1krL7CPDg0NEhyQTmw5l+NCNjSlvB1juM9V4PARg0bYCOkGXm7ydRCjSSH8CJXZpwnd5cBB5WKAX3KPzutRgMi/LFwNSMZzFuUyXaYOZPpD259yqph1LmGqegEdDriACVU+dVEONFMm8eIuBofe7ljmsAFKW9BINwK0CAwEAAQ=="
  } ],
  "authenticationKeys" : [ {
    "publicKey" : "MIIBIjANBgkqhkiG9w0BAQEFAAOCAQ8AMIIBCgKCAQEA4S4G8fJJw4hLRME8zM2aBqaQRqYs0TlU8N+sZl0MUgtyFw0KAXnzbOPH7yu6qbqsGYVKF/D+fUg+49PhFmxEsylvmj/yeRwdp3yFGME/BVfL06zFmAw+rGaxqubcswzIO8ByUtjQOmlnrzj4zvhNSYJmwNbTIKrKNlSHYvYZbUDRquH9yMDOKnvGAMMDGttFrM300mVznRgaTEzU9aPqMvj0YxtxUcGIQTar0TBQa7NzEAr59u5VVx5s6naS6QVBrMc6e32f38enVkNFZQT87KlCb2B6ziPmbaRzWWs4qcHsHz8BUCKplo5iu/ePtwaa5AaVT27Lnv+KzS46eyf1CwIDAQAB"
  }, {
    "publicKey" : "MIIBIjANBgkqhkiG9w0BAQEFAAOCAQ8AMIIBCgKCAQEAys5/Z+MBAOBcdnk3wKDDvsw6UUdTjSRQ+e5Ug2HJnshWunZMQDPGZvctUWpHxDZHAjaFfhpjw1pWtN/ejTpv37jZCp0yF533LfAfxiiQBWfJdKk5Wzyw7kmU8xmO984csukYFH4aTTLwZuhmMLFk3l00mMNPixgnRMuyr7aKIu/+l3wH1kCf1k74MTH4wX5fgNqFvTS3127DNVnTH9sOw+dhEViiQpTz3BFEpIUvl9T7B2rjF0CDmW9xtyNINw2EfENa7PwE0uIyNoZl/+m7yzMKef4lrE6Ch/IMzfT03Q2QvbwFlm+kzQKhSlB18Ohotrkega62fMxdn/s6Rv6oQQIDAQAB"
  } ]
}
[23:47:25] [Render thread/ERROR] (net.minecraft.client.MinecraftClient) Failed to verify authentication
com.mojang.authlib.exceptions.InvalidCredentialsException: Status: 401
	at com.mojang.authlib.exceptions.MinecraftClientHttpException.toAuthenticationException(MinecraftClientHttpException.java:56) ~[authlib-4.0.43.jar:?]
	at com.mojang.authlib.yggdrasil.YggdrasilUserApiService.fetchProperties(YggdrasilUserApiService.java:156) ~[authlib-4.0.43.jar:?]
	at com.mojang.authlib.yggdrasil.YggdrasilUserApiService.<init>(YggdrasilUserApiService.java:55) ~[authlib-4.0.43.jar:?]
	at com.mojang.authlib.yggdrasil.YggdrasilAuthenticationService.createUserApiService(YggdrasilAuthenticationService.java:124) ~[authlib-4.0.43.jar:?]
	at net.minecraft.client.MinecraftClient.createUserApiService(MinecraftClient.java:733) ~[minecraft-merged-361f8987af-1.20.1-net.fabricmc.yarn.1_20_1.1.20.1+build.10-v2.jar:?]
	at net.minecraft.client.MinecraftClient.<init>(MinecraftClient.java:442) ~[minecraft-merged-361f8987af-1.20.1-net.fabricmc.yarn.1_20_1.1.20.1+build.10-v2.jar:?]
	at net.minecraft.client.main.Main.main(Main.java:211) ~[minecraft-merged-361f8987af-1.20.1-net.fabricmc.yarn.1_20_1.1.20.1+build.10-v2.jar:?]
	at net.fabricmc.loader.impl.game.minecraft.MinecraftGameProvider.launch(MinecraftGameProvider.java:514) ~[fabric-loader-0.19.3.jar:?]
	at net.fabricmc.loader.impl.launch.knot.Knot.launch(Knot.java:72) ~[fabric-loader-0.19.3.jar:?]
	at net.fabricmc.loader.impl.launch.knot.KnotClient.main(KnotClient.java:23) ~[fabric-loader-0.19.3.jar:?]
	at net.fabricmc.devlaunchinjector.Main.main(Main.java:86) ~[dev-launch-injector-0.2.1+build.8.jar:?]
Caused by: com.mojang.authlib.exceptions.MinecraftClientHttpException: Status: 401
	at com.mojang.authlib.minecraft.client.MinecraftClient.readInputStream(MinecraftClient.java:85) ~[authlib-4.0.43.jar:?]
	at com.mojang.authlib.minecraft.client.MinecraftClient.get(MinecraftClient.java:48) ~[authlib-4.0.43.jar:?]
	at com.mojang.authlib.yggdrasil.YggdrasilUserApiService.fetchProperties(YggdrasilUserApiService.java:129) ~[authlib-4.0.43.jar:?]
	... 9 more
[23:47:25] [Render thread/INFO] (net.minecraft.client.MinecraftClient) Setting user: Player529
[23:47:25] [Render thread/DEBUG] (FabricLoader/Mixin) Mixing KeyBindingAccessor from fabric-events-interaction-v0.client.mixins.json into net.minecraft.client.option.KeyBinding
[23:47:25] [Render thread/DEBUG] (FabricLoader/Mixin) fabric-events-interaction-v0.client.mixins.json:KeyBindingAccessor from mod fabric-events-interaction-v0: Class version 61 required is higher than the class version supported by the current version of Mixin (JAVA_16 supports class version 60)
[23:47:25] [Render thread/DEBUG] (FabricLoader/Mixin) Mixing KeyBindingAccessor from fabric-key-binding-api-v1.mixins.json into net.minecraft.client.option.KeyBinding
[23:47:25] [Render thread/DEBUG] (FabricLoader/Mixin) fabric-key-binding-api-v1.mixins.json:KeyBindingAccessor from mod fabric-key-binding-api-v1: Class version 61 required is higher than the class version supported by the current version of Mixin (JAVA_16 supports class version 60)
[23:47:25] [Render thread/DEBUG] (FabricLoader/Mixin) Renaming @Accessor method fabric_getCategoryMap()Ljava/util/Map; to fabric_getCategoryMap$fabric-key-binding-api-v1_$md$6ed454$0 in fabric-key-binding-api-v1.mixins.json:KeyBindingAccessor from mod fabric-key-binding-api-v1
[23:47:25] [Render thread/DEBUG] (FabricLoader/Entrypoint) Iterating over entrypoint 'main'
[23:47:25] [Render thread/INFO] (weaponsexpanded) Initializing weaponsexpanded version 1.9.3
[23:47:25] [Render thread/INFO] (weaponsexpanded) Registering enchantments for weaponsexpanded
[23:47:25] [Render thread/INFO] (weaponsexpanded) Registering entities for weaponsexpanded
[23:47:25] [Render thread/DEBUG] (FabricLoader/Mixin) Mixing MinecraftServerMixin from fabric-registry-sync-v0.mixins.json into net.minecraft.server.MinecraftServer
[23:47:25] [Render thread/DEBUG] (FabricLoader/Mixin) fabric-registry-sync-v0.mixins.json:MinecraftServerMixin from mod fabric-registry-sync-v0: Class version 61 required is higher than the class version supported by the current version of Mixin (JAVA_16 supports class version 60)
[23:47:25] [Render thread/DEBUG] (FabricLoader/Mixin) Mixing MinecraftServerMixin from fabric-resource-loader-v0.mixins.json into net.minecraft.server.MinecraftServer
[23:47:25] [Render thread/DEBUG] (FabricLoader/Mixin) fabric-resource-loader-v0.mixins.json:MinecraftServerMixin from mod fabric-resource-loader-v0: Class version 61 required is higher than the class version supported by the current version of Mixin (JAVA_16 supports class version 60)
[23:47:25] [Render thread/DEBUG] (FabricLoader/Mixin) Mixing MinecraftServerMixin from fabric-message-api-v1.mixins.json into net.minecraft.server.MinecraftServer
[23:47:25] [Render thread/DEBUG] (FabricLoader/Mixin) fabric-message-api-v1.mixins.json:MinecraftServerMixin from mod fabric-message-api-v1: Class version 61 required is higher than the class version supported by the current version of Mixin (JAVA_16 supports class version 60)
[23:47:25] [Render thread/DEBUG] (FabricLoader/Mixin) Renaming synthetic method lambda$onGetChatDecorator$1(Lnet/minecraft/network/message/MessageDecorator;Lnet/minecraft/server/network/ServerPlayerEntity;Lnet/minecraft/text/Text;)Ljava/util/concurrent/CompletableFuture; to md6ed454$fabric-message-api-v1$lambda$onGetChatDecorator$1$0 in fabric-message-api-v1.mixins.json:MinecraftServerMixin from mod fabric-message-api-v1
[23:47:25] [Render thread/DEBUG] (FabricLoader/Mixin) Renaming synthetic method lambda$onGetChatDecorator$0(Lnet/minecraft/server/network/ServerPlayerEntity;Lnet/minecraft/text/Text;)Ljava/util/concurrent/CompletionStage; to md6ed454$fabric-message-api-v1$lambda$onGetChatDecorator$0$1 in fabric-message-api-v1.mixins.json:MinecraftServerMixin from mod fabric-message-api-v1
[23:47:25] [Render thread/DEBUG] (FabricLoader/Mixin) Mixing modification.MinecraftServerMixin from fabric-biome-api-v1.mixins.json into net.minecraft.server.MinecraftServer
[23:47:25] [Render thread/DEBUG] (FabricLoader/Mixin) fabric-biome-api-v1.mixins.json:modification.MinecraftServerMixin from mod fabric-biome-api-v1: Class version 61 required is higher than the class version supported by the current version of Mixin (JAVA_16 supports class version 60)
[23:47:25] [Render thread/DEBUG] (FabricLoader/Mixin) Mixing MinecraftServerMixin from fabric-lifecycle-events-v1.mixins.json into net.minecraft.server.MinecraftServer
[23:47:25] [Render thread/DEBUG] (FabricLoader/Mixin) fabric-lifecycle-events-v1.mixins.json:MinecraftServerMixin from mod fabric-lifecycle-events-v1: Class version 61 required is higher than the class version supported by the current version of Mixin (JAVA_16 supports class version 60)
[23:47:25] [Render thread/DEBUG] (FabricLoader/Mixin) Renaming synthetic method lambda$endResourceReload$0(Ljava/lang/Void;Ljava/lang/Throwable;)Ljava/lang/Void; to md6ed454$fabric-lifecycle-events-v1$lambda$endResourceReload$0$2 in fabric-lifecycle-events-v1.mixins.json:MinecraftServerMixin from mod fabric-lifecycle-events-v1
[23:47:25] [Render thread/DEBUG] (FabricLoader/Mixin) Mixing MinecraftServerMixin from fabric-gametest-api-v1.mixins.json into net.minecraft.server.MinecraftServer
[23:47:25] [Render thread/DEBUG] (FabricLoader/Mixin) fabric-gametest-api-v1.mixins.json:MinecraftServerMixin from mod fabric-gametest-api-v1: Class version 61 required is higher than the class version supported by the current version of Mixin (JAVA_16 supports class version 60)
[23:47:25] [Render thread/DEBUG] (FabricLoader/Mixin) fabric-registry-sync-v0.mixins.json:MinecraftServerMixin from mod fabric-registry-sync-v0->@Inject::beforeSetupServer(Lorg/spongepowered/asm/mixin/injection/callback/CallbackInfo;)V doesn't use it's CallbackInfo
[23:47:25] [Render thread/DEBUG] (FabricLoader/Mixin) fabric-registry-sync-v0.mixins.json:MinecraftServerMixin from mod fabric-registry-sync-v0->@Inject::beforeSetupServer(Lorg/spongepowered/asm/mixin/injection/callback/CallbackInfo;)V has 0 override(s) in child classes
[23:47:25] [Render thread/DEBUG] (FabricLoader/Mixin) fabric-registry-sync-v0.mixins.json:MinecraftServerMixin from mod fabric-registry-sync-v0->@Inject::beforeSetupServer(Lorg/spongepowered/asm/mixin/injection/callback/CallbackInfo;)V won't be passed a CallbackInfo as a result
[23:47:25] [Render thread/DEBUG] (FabricLoader/Mixin) fabric-message-api-v1.mixins.json:MinecraftServerMixin from mod fabric-message-api-v1->@Inject::onGetChatDecorator(Lorg/spongepowered/asm/mixin/injection/callback/CallbackInfoReturnable;)V does use it's CallbackInfoReturnable
[23:47:25] [Render thread/DEBUG] (FabricLoader/Mixin) fabric-biome-api-v1.mixins.json:modification.MinecraftServerMixin from mod fabric-biome-api-v1->@Inject::finalizeWorldGen(Lorg/spongepowered/asm/mixin/injection/callback/CallbackInfo;)V doesn't use it's CallbackInfo
[23:47:25] [Render thread/DEBUG] (FabricLoader/Mixin) fabric-biome-api-v1.mixins.json:modification.MinecraftServerMixin from mod fabric-biome-api-v1->@Inject::finalizeWorldGen(Lorg/spongepowered/asm/mixin/injection/callback/CallbackInfo;)V has 0 override(s) in child classes
[23:47:25] [Render thread/DEBUG] (FabricLoader/Mixin) fabric-biome-api-v1.mixins.json:modification.MinecraftServerMixin from mod fabric-biome-api-v1->@Inject::finalizeWorldGen(Lorg/spongepowered/asm/mixin/injection/callback/CallbackInfo;)V won't be passed a CallbackInfo as a result
[23:47:25] [Render thread/DEBUG] (FabricLoader/Mixin) fabric-lifecycle-events-v1.mixins.json:MinecraftServerMixin from mod fabric-lifecycle-events-v1->@Inject::beforeSetupServer(Lorg/spongepowered/asm/mixin/injection/callback/CallbackInfo;)V doesn't use it's CallbackInfo
[23:47:25] [Render thread/DEBUG] (FabricLoader/Mixin) fabric-lifecycle-events-v1.mixins.json:MinecraftServerMixin from mod fabric-lifecycle-events-v1->@Inject::beforeSetupServer(Lorg/spongepowered/asm/mixin/injection/callback/CallbackInfo;)V has 0 override(s) in child classes
[23:47:25] [Render thread/DEBUG] (FabricLoader/Mixin) fabric-lifecycle-events-v1.mixins.json:MinecraftServerMixin from mod fabric-lifecycle-events-v1->@Inject::beforeSetupServer(Lorg/spongepowered/asm/mixin/injection/callback/CallbackInfo;)V won't be passed a CallbackInfo as a result
[23:47:25] [Render thread/DEBUG] (FabricLoader/Mixin) fabric-lifecycle-events-v1.mixins.json:MinecraftServerMixin from mod fabric-lifecycle-events-v1->@Inject::afterSetupServer(Lorg/spongepowered/asm/mixin/injection/callback/CallbackInfo;)V doesn't use it's CallbackInfo
[23:47:25] [Render thread/DEBUG] (FabricLoader/Mixin) fabric-lifecycle-events-v1.mixins.json:MinecraftServerMixin from mod fabric-lifecycle-events-v1->@Inject::afterSetupServer(Lorg/spongepowered/asm/mixin/injection/callback/CallbackInfo;)V has 0 override(s) in child classes
[23:47:25] [Render thread/DEBUG] (FabricLoader/Mixin) fabric-lifecycle-events-v1.mixins.json:MinecraftServerMixin from mod fabric-lifecycle-events-v1->@Inject::afterSetupServer(Lorg/spongepowered/asm/mixin/injection/callback/CallbackInfo;)V won't be passed a CallbackInfo as a result
[23:47:25] [Render thread/DEBUG] (FabricLoader/Mixin) fabric-lifecycle-events-v1.mixins.json:MinecraftServerMixin from mod fabric-lifecycle-events-v1->@Inject::beforeShutdownServer(Lorg/spongepowered/asm/mixin/injection/callback/CallbackInfo;)V doesn't use it's CallbackInfo
[23:47:25] [Render thread/DEBUG] (FabricLoader/Mixin) fabric-lifecycle-events-v1.mixins.json:MinecraftServerMixin from mod fabric-lifecycle-events-v1->@Inject::beforeShutdownServer(Lorg/spongepowered/asm/mixin/injection/callback/CallbackInfo;)V has 0 override(s) in child classes
[23:47:25] [Render thread/DEBUG] (FabricLoader/Mixin) fabric-lifecycle-events-v1.mixins.json:MinecraftServerMixin from mod fabric-lifecycle-events-v1->@Inject::beforeShutdownServer(Lorg/spongepowered/asm/mixin/injection/callback/CallbackInfo;)V won't be passed a CallbackInfo as a result
[23:47:25] [Render thread/DEBUG] (FabricLoader/Mixin) fabric-lifecycle-events-v1.mixins.json:MinecraftServerMixin from mod fabric-lifecycle-events-v1->@Inject::afterShutdownServer(Lorg/spongepowered/asm/mixin/injection/callback/CallbackInfo;)V doesn't use it's CallbackInfo
[23:47:25] [Render thread/DEBUG] (FabricLoader/Mixin) fabric-lifecycle-events-v1.mixins.json:MinecraftServerMixin from mod fabric-lifecycle-events-v1->@Inject::afterShutdownServer(Lorg/spongepowered/asm/mixin/injection/callback/CallbackInfo;)V has 0 override(s) in child classes
[23:47:25] [Render thread/DEBUG] (FabricLoader/Mixin) fabric-lifecycle-events-v1.mixins.json:MinecraftServerMixin from mod fabric-lifecycle-events-v1->@Inject::afterShutdownServer(Lorg/spongepowered/asm/mixin/injection/callback/CallbackInfo;)V won't be passed a CallbackInfo as a result
[23:47:25] [Render thread/DEBUG] (FabricLoader/Mixin) fabric-lifecycle-events-v1.mixins.json:MinecraftServerMixin from mod fabric-lifecycle-events-v1->@Inject::onStartTick(Ljava/util/function/BooleanSupplier;Lorg/spongepowered/asm/mixin/injection/callback/CallbackInfo;)V doesn't use it's CallbackInfo
[23:47:25] [Render thread/DEBUG] (FabricLoader/Mixin) fabric-lifecycle-events-v1.mixins.json:MinecraftServerMixin from mod fabric-lifecycle-events-v1->@Inject::onStartTick(Ljava/util/function/BooleanSupplier;Lorg/spongepowered/asm/mixin/injection/callback/CallbackInfo;)V has 0 override(s) in child classes
[23:47:25] [Render thread/DEBUG] (FabricLoader/Mixin) fabric-lifecycle-events-v1.mixins.json:MinecraftServerMixin from mod fabric-lifecycle-events-v1->@Inject::onStartTick(Ljava/util/function/BooleanSupplier;Lorg/spongepowered/asm/mixin/injection/callback/CallbackInfo;)V won't be passed a CallbackInfo as a result
[23:47:25] [Render thread/DEBUG] (FabricLoader/Mixin) fabric-lifecycle-events-v1.mixins.json:MinecraftServerMixin from mod fabric-lifecycle-events-v1->@Inject::onEndTick(Ljava/util/function/BooleanSupplier;Lorg/spongepowered/asm/mixin/injection/callback/CallbackInfo;)V doesn't use it's CallbackInfo
[23:47:25] [Render thread/DEBUG] (FabricLoader/Mixin) fabric-lifecycle-events-v1.mixins.json:MinecraftServerMixin from mod fabric-lifecycle-events-v1->@Inject::onEndTick(Ljava/util/function/BooleanSupplier;Lorg/spongepowered/asm/mixin/injection/callback/CallbackInfo;)V has 0 override(s) in child classes
[23:47:25] [Render thread/DEBUG] (FabricLoader/Mixin) fabric-lifecycle-events-v1.mixins.json:MinecraftServerMixin from mod fabric-lifecycle-events-v1->@Inject::onEndTick(Ljava/util/function/BooleanSupplier;Lorg/spongepowered/asm/mixin/injection/callback/CallbackInfo;)V won't be passed a CallbackInfo as a result
[23:47:25] [Render thread/DEBUG] (FabricLoader/Mixin) fabric-lifecycle-events-v1.mixins.json:MinecraftServerMixin from mod fabric-lifecycle-events-v1->@Inject::onUnloadWorldAtShutdown(Lorg/spongepowered/asm/mixin/injection/callback/CallbackInfo;Ljava/util/Iterator;Lnet/minecraft/server/world/ServerWorld;)V doesn't use it's CallbackInfo
[23:47:25] [Render thread/DEBUG] (FabricLoader/Mixin) fabric-lifecycle-events-v1.mixins.json:MinecraftServerMixin from mod fabric-lifecycle-events-v1->@Inject::onUnloadWorldAtShutdown(Lorg/spongepowered/asm/mixin/injection/callback/CallbackInfo;Ljava/util/Iterator;Lnet/minecraft/server/world/ServerWorld;)V has 0 override(s) in child classes
[23:47:25] [Render thread/DEBUG] (FabricLoader/Mixin) fabric-lifecycle-events-v1.mixins.json:MinecraftServerMixin from mod fabric-lifecycle-events-v1->@Inject::onUnloadWorldAtShutdown(Lorg/spongepowered/asm/mixin/injection/callback/CallbackInfo;Ljava/util/Iterator;Lnet/minecraft/server/world/ServerWorld;)V won't be passed a CallbackInfo as a result
[23:47:25] [Render thread/DEBUG] (FabricLoader/Mixin) fabric-lifecycle-events-v1.mixins.json:MinecraftServerMixin from mod fabric-lifecycle-events-v1->@Inject::startResourceReload(Ljava/util/Collection;Lorg/spongepowered/asm/mixin/injection/callback/CallbackInfoReturnable;)V doesn't use it's CallbackInfoReturnable
[23:47:25] [Render thread/DEBUG] (FabricLoader/Mixin) fabric-lifecycle-events-v1.mixins.json:MinecraftServerMixin from mod fabric-lifecycle-events-v1->@Inject::startResourceReload(Ljava/util/Collection;Lorg/spongepowered/asm/mixin/injection/callback/CallbackInfoReturnable;)V has 0 override(s) in child classes
[23:47:25] [Render thread/DEBUG] (FabricLoader/Mixin) fabric-lifecycle-events-v1.mixins.json:MinecraftServerMixin from mod fabric-lifecycle-events-v1->@Inject::startResourceReload(Ljava/util/Collection;Lorg/spongepowered/asm/mixin/injection/callback/CallbackInfoReturnable;)V won't be passed a CallbackInfoReturnable as a result
[23:47:25] [Render thread/DEBUG] (FabricLoader/Mixin) fabric-lifecycle-events-v1.mixins.json:MinecraftServerMixin from mod fabric-lifecycle-events-v1->@Inject::endResourceReload(Ljava/util/Collection;Lorg/spongepowered/asm/mixin/injection/callback/CallbackInfoReturnable;)V does use it's CallbackInfoReturnable
[23:47:25] [Render thread/DEBUG] (FabricLoader/Mixin) fabric-gametest-api-v1.mixins.json:MinecraftServerMixin from mod fabric-gametest-api-v1->@Inject::tickWorlds(Ljava/util/function/BooleanSupplier;Lorg/spongepowered/asm/mixin/injection/callback/CallbackInfo;)V doesn't use it's CallbackInfo
[23:47:25] [Render thread/DEBUG] (FabricLoader/Mixin) fabric-gametest-api-v1.mixins.json:MinecraftServerMixin from mod fabric-gametest-api-v1->@Inject::tickWorlds(Ljava/util/function/BooleanSupplier;Lorg/spongepowered/asm/mixin/injection/callback/CallbackInfo;)V has 0 override(s) in child classes
[23:47:25] [Render thread/DEBUG] (FabricLoader/Mixin) fabric-gametest-api-v1.mixins.json:MinecraftServerMixin from mod fabric-gametest-api-v1->@Inject::tickWorlds(Ljava/util/function/BooleanSupplier;Lorg/spongepowered/asm/mixin/injection/callback/CallbackInfo;)V won't be passed a CallbackInfo as a result
[23:47:25] [Render thread/DEBUG] (FabricLoader/Mixin) Mixing KeyedResourceReloadListenerMixin from fabric-resource-loader-v0.mixins.json into net.minecraft.loot.LootManager
[23:47:25] [Render thread/DEBUG] (FabricLoader/Mixin) fabric-resource-loader-v0.mixins.json:KeyedResourceReloadListenerMixin from mod fabric-resource-loader-v0: Class version 61 required is higher than the class version supported by the current version of Mixin (JAVA_16 supports class version 60)
[23:47:25] [Render thread/DEBUG] (FabricLoader/Mixin) Mixing LootManagerMixin from fabric-loot-api-v2.mixins.json into net.minecraft.loot.LootManager
[23:47:25] [Render thread/DEBUG] (FabricLoader/Mixin) fabric-loot-api-v2.mixins.json:LootManagerMixin from mod fabric-loot-api-v2: Class version 61 required is higher than the class version supported by the current version of Mixin (JAVA_8 supports class version 52)
[23:47:25] [Render thread/DEBUG] (FabricLoader/Mixin) Renaming synthetic method lambda$applyLootTableEvents$1(Lcom/google/common/collect/ImmutableMap$Builder;Lnet/minecraft/resource/ResourceManager;Lnet/minecraft/loot/LootManager;Lnet/minecraft/loot/LootDataKey;Ljava/lang/Object;)V to md6ed454$fabric-loot-api-v2$lambda$applyLootTableEvents$1$0 in fabric-loot-api-v2.mixins.json:LootManagerMixin from mod fabric-loot-api-v2
[23:47:25] [Render thread/DEBUG] (FabricLoader/Mixin) Renaming synthetic method lambda$reload$0(Lnet/minecraft/resource/ResourceManager;Lnet/minecraft/loot/LootManager;)V to md6ed454$fabric-loot-api-v2$lambda$reload$0$1 in fabric-loot-api-v2.mixins.json:LootManagerMixin from mod fabric-loot-api-v2
[23:47:25] [Render thread/DEBUG] (FabricLoader/Mixin) Mixing LootManagerMixin from fabric-resource-conditions-api-v1.mixins.json into net.minecraft.loot.LootManager
[23:47:25] [Render thread/DEBUG] (FabricLoader/Mixin) fabric-resource-conditions-api-v1.mixins.json:LootManagerMixin from mod fabric-resource-conditions-api-v1: Class version 61 required is higher than the class version supported by the current version of Mixin (JAVA_16 supports class version 60)
[23:47:25] [Render thread/DEBUG] (FabricLoader/Mixin) fabric-loot-api-v2.mixins.json:LootManagerMixin from mod fabric-loot-api-v2->@Inject::reload(Lnet/minecraft/resource/ResourceReloader$Synchronizer;Lnet/minecraft/resource/ResourceManager;Lnet/minecraft/util/profiler/Profiler;Lnet/minecraft/util/profiler/Profiler;Ljava/util/concurrent/Executor;Ljava/util/concurrent/Executor;Lorg/spongepowered/asm/mixin/injection/callback/CallbackInfoReturnable;)V does use it's CallbackInfoReturnable
[23:47:25] [Render thread/DEBUG] (FabricLoader/Mixin) fabric-resource-conditions-api-v1.mixins.json:LootManagerMixin from mod fabric-resource-conditions-api-v1->@Inject::load(Lnet/minecraft/loot/LootDataType;Lnet/minecraft/resource/ResourceManager;Ljava/util/concurrent/Executor;Ljava/util/Map;Lorg/spongepowered/asm/mixin/injection/callback/CallbackInfoReturnable;Ljava/util/Map;)V doesn't use it's CallbackInfoReturnable
[23:47:25] [Render thread/DEBUG] (FabricLoader/Mixin) fabric-resource-conditions-api-v1.mixins.json:LootManagerMixin from mod fabric-resource-conditions-api-v1->@Inject::runAsync(Lnet/minecraft/resource/ResourceManager;Lnet/minecraft/loot/LootDataType;Ljava/util/Map;Lorg/spongepowered/asm/mixin/injection/callback/CallbackInfo;)V doesn't use it's CallbackInfo
[23:47:25] [Render thread/DEBUG] (FabricLoader/Mixin) fabric-resource-conditions-api-v1.mixins.json:LootManagerMixin from mod fabric-resource-conditions-api-v1->@Inject::applyResourceConditions(Lnet/minecraft/loot/LootDataType;Ljava/util/Map;Lnet/minecraft/util/Identifier;Lcom/google/gson/JsonElement;Lorg/spongepowered/asm/mixin/injection/callback/CallbackInfo;)V does use it's CallbackInfo
[23:47:25] [Render thread/DEBUG] (FabricLoader/Mixin) fabric-resource-conditions-api-v1.mixins.json:LootManagerMixin from mod fabric-resource-conditions-api-v1->@Inject::runAsyncEnd(Lnet/minecraft/resource/ResourceManager;Lnet/minecraft/loot/LootDataType;Ljava/util/Map;Lorg/spongepowered/asm/mixin/injection/callback/CallbackInfo;)V doesn't use it's CallbackInfo
[23:47:25] [Render thread/DEBUG] (FabricLoader/Mixin) Mixing LootTableMixin from fabric-loot-tables-v1.mixins.json into net.minecraft.loot.LootTable
[23:47:25] [Render thread/DEBUG] (FabricLoader/Mixin) fabric-loot-tables-v1.mixins.json:LootTableMixin from mod fabric-loot-tables-v1: Class version 61 required is higher than the class version supported by the current version of Mixin (JAVA_16 supports class version 60)
[23:47:25] [Render thread/DEBUG] (FabricLoader/Mixin) Mixing LootTableAccessor from fabric-loot-api-v2.mixins.json into net.minecraft.loot.LootTable
[23:47:25] [Render thread/DEBUG] (FabricLoader/Mixin) fabric-loot-api-v2.mixins.json:LootTableAccessor from mod fabric-loot-api-v2: Class version 61 required is higher than the class version supported by the current version of Mixin (JAVA_8 supports class version 52)
[23:47:25] [Render thread/DEBUG] (FabricLoader/Mixin) Mixing LootTableBuilderMixin from fabric-loot-api-v2.mixins.json into net.minecraft.loot.LootTable$Builder
[23:47:25] [Render thread/DEBUG] (FabricLoader/Mixin) fabric-loot-api-v2.mixins.json:LootTableBuilderMixin from mod fabric-loot-api-v2: Class version 61 required is higher than the class version supported by the current version of Mixin (JAVA_8 supports class version 52)
[23:47:25] [Render thread/DEBUG] (FabricLoader/Mixin) Mixing TradeOffersTypeAwareBuyForOneEmeraldFactoryMixin from fabric-object-builder-v1.mixins.json into net.minecraft.village.TradeOffers$TypeAwareBuyForOneEmeraldFactory
[23:47:25] [Render thread/DEBUG] (FabricLoader/Mixin) fabric-object-builder-v1.mixins.json:TradeOffersTypeAwareBuyForOneEmeraldFactoryMixin from mod fabric-object-builder-api-v1: Class version 61 required is higher than the class version supported by the current version of Mixin (JAVA_16 supports class version 60)
[23:47:25] [Render thread/DEBUG] (FabricLoader/Mixin) Mixing ServerLoginNetworkHandlerMixin from fabric-networking-api-v1.mixins.json into net.minecraft.server.network.ServerLoginNetworkHandler
[23:47:25] [Render thread/DEBUG] (FabricLoader/Mixin) fabric-networking-api-v1.mixins.json:ServerLoginNetworkHandlerMixin from mod fabric-networking-api-v1: Class version 61 required is higher than the class version supported by the current version of Mixin (JAVA_16 supports class version 60)
[23:47:25] [Render thread/DEBUG] (FabricLoader/Mixin) Mixing accessor.ServerLoginNetworkHandlerAccessor from fabric-networking-api-v1.mixins.json into net.minecraft.server.network.ServerLoginNetworkHandler
[23:47:25] [Render thread/DEBUG] (FabricLoader/Mixin) fabric-networking-api-v1.mixins.json:accessor.ServerLoginNetworkHandlerAccessor from mod fabric-networking-api-v1: Class version 61 required is higher than the class version supported by the current version of Mixin (JAVA_16 supports class version 60)
[23:47:25] [Render thread/DEBUG] (FabricLoader/Mixin) fabric-networking-api-v1.mixins.json:ServerLoginNetworkHandlerMixin from mod fabric-networking-api-v1->@Inject::initAddon(Lorg/spongepowered/asm/mixin/injection/callback/CallbackInfo;)V doesn't use it's CallbackInfo
[23:47:25] [Render thread/DEBUG] (FabricLoader/Mixin) fabric-networking-api-v1.mixins.json:ServerLoginNetworkHandlerMixin from mod fabric-networking-api-v1->@Inject::initAddon(Lorg/spongepowered/asm/mixin/injection/callback/CallbackInfo;)V has 0 override(s) in child classes
[23:47:25] [Render thread/DEBUG] (FabricLoader/Mixin) fabric-networking-api-v1.mixins.json:ServerLoginNetworkHandlerMixin from mod fabric-networking-api-v1->@Inject::initAddon(Lorg/spongepowered/asm/mixin/injection/callback/CallbackInfo;)V won't be passed a CallbackInfo as a result
[23:47:25] [Render thread/DEBUG] (FabricLoader/Mixin) fabric-networking-api-v1.mixins.json:ServerLoginNetworkHandlerMixin from mod fabric-networking-api-v1->@Inject::handleCustomPayloadReceivedAsync(Lnet/minecraft/network/packet/c2s/login/LoginQueryResponseC2SPacket;Lorg/spongepowered/asm/mixin/injection/callback/CallbackInfo;)V does use it's CallbackInfo
[23:47:25] [Render thread/DEBUG] (FabricLoader/Mixin) fabric-networking-api-v1.mixins.json:ServerLoginNetworkHandlerMixin from mod fabric-networking-api-v1->@Inject::handleDisconnection(Lnet/minecraft/text/Text;Lorg/spongepowered/asm/mixin/injection/callback/CallbackInfo;)V doesn't use it's CallbackInfo
[23:47:25] [Render thread/DEBUG] (FabricLoader/Mixin) fabric-networking-api-v1.mixins.json:ServerLoginNetworkHandlerMixin from mod fabric-networking-api-v1->@Inject::handleDisconnection(Lnet/minecraft/text/Text;Lorg/spongepowered/asm/mixin/injection/callback/CallbackInfo;)V has 0 override(s) in child classes
[23:47:25] [Render thread/DEBUG] (FabricLoader/Mixin) fabric-networking-api-v1.mixins.json:ServerLoginNetworkHandlerMixin from mod fabric-networking-api-v1->@Inject::handleDisconnection(Lnet/minecraft/text/Text;Lorg/spongepowered/asm/mixin/injection/callback/CallbackInfo;)V won't be passed a CallbackInfo as a result
[23:47:25] [Render thread/DEBUG] (FabricLoader/Mixin) fabric-networking-api-v1.mixins.json:ServerLoginNetworkHandlerMixin from mod fabric-networking-api-v1->@Inject::handlePlayTransitionNormal(Lnet/minecraft/server/network/ServerPlayerEntity;Lorg/spongepowered/asm/mixin/injection/callback/CallbackInfo;)V doesn't use it's CallbackInfo
[23:47:25] [Render thread/DEBUG] (FabricLoader/Mixin) fabric-networking-api-v1.mixins.json:ServerLoginNetworkHandlerMixin from mod fabric-networking-api-v1->@Inject::handlePlayTransitionNormal(Lnet/minecraft/server/network/ServerPlayerEntity;Lorg/spongepowered/asm/mixin/injection/callback/CallbackInfo;)V has 0 override(s) in child classes
[23:47:25] [Render thread/DEBUG] (FabricLoader/Mixin) fabric-networking-api-v1.mixins.json:ServerLoginNetworkHandlerMixin from mod fabric-networking-api-v1->@Inject::handlePlayTransitionNormal(Lnet/minecraft/server/network/ServerPlayerEntity;Lorg/spongepowered/asm/mixin/injection/callback/CallbackInfo;)V won't be passed a CallbackInfo as a result
[23:47:25] [Render thread/DEBUG] (FabricLoader/Entrypoint) Iterating over entrypoint 'client'
[23:47:25] [Render thread/INFO] (net.fabricmc.fabric.impl.client.indigo.Indigo) [Indigo] Registering Indigo renderer!
[23:47:25] [Render thread/DEBUG] (FabricLoader/Mixin) Mixing GameRendererMixin from fabric-screen-api-v1.mixins.json into net.minecraft.client.render.GameRenderer
[23:47:25] [Render thread/DEBUG] (FabricLoader/Mixin) fabric-screen-api-v1.mixins.json:GameRendererMixin from mod fabric-screen-api-v1: Class version 61 required is higher than the class version supported by the current version of Mixin (JAVA_16 supports class version 60)
[23:47:25] [Render thread/DEBUG] (FabricLoader/Mixin) Mixing shader.GameRendererMixin from fabric-rendering-v1.mixins.json into net.minecraft.client.render.GameRenderer
[23:47:25] [Render thread/DEBUG] (FabricLoader/Mixin) fabric-rendering-v1.mixins.json:shader.GameRendererMixin from mod fabric-rendering-v1: Class version 61 required is higher than the class version supported by the current version of Mixin (JAVA_16 supports class version 60)
[23:47:25] [Render thread/DEBUG] (FabricLoader/Mixin) Renaming synthetic method lambda$registerShaders$0(Lnet/minecraft/resource/ResourceFactory;Ljava/util/List;Lnet/minecraft/util/Identifier;Lnet/minecraft/client/render/VertexFormat;Ljava/util/function/Consumer;)V to md6ed454$fabric-rendering-v1$lambda$registerShaders$0$0 in fabric-rendering-v1.mixins.json:shader.GameRendererMixin from mod fabric-rendering-v1
[23:47:25] [Render thread/DEBUG] (FabricLoader/Mixin) fabric-screen-api-v1.mixins.json:GameRendererMixin from mod fabric-screen-api-v1->@Inject::onBeforeRenderScreen(FJZLorg/spongepowered/asm/mixin/injection/callback/CallbackInfo;IILnet/minecraft/client/util/math/MatrixStack;Lnet/minecraft/client/gui/DrawContext;)V doesn't use it's CallbackInfo
[23:47:25] [Render thread/DEBUG] (FabricLoader/Mixin) fabric-screen-api-v1.mixins.json:GameRendererMixin from mod fabric-screen-api-v1->@Inject::onBeforeRenderScreen(FJZLorg/spongepowered/asm/mixin/injection/callback/CallbackInfo;IILnet/minecraft/client/util/math/MatrixStack;Lnet/minecraft/client/gui/DrawContext;)V has 0 override(s) in child classes
[23:47:25] [Render thread/DEBUG] (FabricLoader/Mixin) fabric-screen-api-v1.mixins.json:GameRendererMixin from mod fabric-screen-api-v1->@Inject::onBeforeRenderScreen(FJZLorg/spongepowered/asm/mixin/injection/callback/CallbackInfo;IILnet/minecraft/client/util/math/MatrixStack;Lnet/minecraft/client/gui/DrawContext;)V won't be passed a CallbackInfo as a result
[23:47:25] [Render thread/DEBUG] (FabricLoader/Mixin) fabric-screen-api-v1.mixins.json:GameRendererMixin from mod fabric-screen-api-v1->@Inject::onAfterRenderScreen(FJZLorg/spongepowered/asm/mixin/injection/callback/CallbackInfo;IILnet/minecraft/client/util/math/MatrixStack;Lnet/minecraft/client/gui/DrawContext;)V doesn't use it's CallbackInfo
[23:47:25] [Render thread/DEBUG] (FabricLoader/Mixin) fabric-screen-api-v1.mixins.json:GameRendererMixin from mod fabric-screen-api-v1->@Inject::onAfterRenderScreen(FJZLorg/spongepowered/asm/mixin/injection/callback/CallbackInfo;IILnet/minecraft/client/util/math/MatrixStack;Lnet/minecraft/client/gui/DrawContext;)V has 0 override(s) in child classes
[23:47:25] [Render thread/DEBUG] (FabricLoader/Mixin) fabric-screen-api-v1.mixins.json:GameRendererMixin from mod fabric-screen-api-v1->@Inject::onAfterRenderScreen(FJZLorg/spongepowered/asm/mixin/injection/callback/CallbackInfo;IILnet/minecraft/client/util/math/MatrixStack;Lnet/minecraft/client/gui/DrawContext;)V won't be passed a CallbackInfo as a result
[23:47:25] [Render thread/DEBUG] (FabricLoader/Mixin) fabric-rendering-v1.mixins.json:shader.GameRendererMixin from mod fabric-rendering-v1->@Inject::registerShaders(Lnet/minecraft/resource/ResourceFactory;Lorg/spongepowered/asm/mixin/injection/callback/CallbackInfo;Ljava/util/List;Ljava/util/List;)V doesn't use it's CallbackInfo
[23:47:25] [Render thread/DEBUG] (FabricLoader/Mixin) fabric-rendering-v1.mixins.json:shader.GameRendererMixin from mod fabric-rendering-v1->@Inject::registerShaders(Lnet/minecraft/resource/ResourceFactory;Lorg/spongepowered/asm/mixin/injection/callback/CallbackInfo;Ljava/util/List;Ljava/util/List;)V has 0 override(s) in child classes
[23:47:25] [Render thread/DEBUG] (FabricLoader/Mixin) fabric-rendering-v1.mixins.json:shader.GameRendererMixin from mod fabric-rendering-v1->@Inject::registerShaders(Lnet/minecraft/resource/ResourceFactory;Lorg/spongepowered/asm/mixin/injection/callback/CallbackInfo;Ljava/util/List;Ljava/util/List;)V won't be passed a CallbackInfo as a result
[23:47:25] [Render thread/DEBUG] (FabricLoader/Mixin) fabric-rendering-v1.mixins.json:shader.GameRendererMixin from mod fabric-rendering-v1->@Inject::registerShaders(Lnet/minecraft/resource/ResourceFactory;Lorg/spongepowered/asm/mixin/injection/callback/CallbackInfo;Ljava/util/List;Ljava/util/List;)V doesn't use it's CallbackInfo
[23:47:25] [Render thread/DEBUG] (FabricLoader/Mixin) fabric-rendering-v1.mixins.json:shader.GameRendererMixin from mod fabric-rendering-v1->@Inject::registerShaders(Lnet/minecraft/resource/ResourceFactory;Lorg/spongepowered/asm/mixin/injection/callback/CallbackInfo;Ljava/util/List;Ljava/util/List;)V has 0 override(s) in child classes
[23:47:25] [Render thread/DEBUG] (FabricLoader/Mixin) fabric-rendering-v1.mixins.json:shader.GameRendererMixin from mod fabric-rendering-v1->@Inject::registerShaders(Lnet/minecraft/resource/ResourceFactory;Lorg/spongepowered/asm/mixin/injection/callback/CallbackInfo;Ljava/util/List;Ljava/util/List;)V won't be passed a CallbackInfo as a result
[23:47:25] [Render thread/DEBUG] (FabricLoader/Mixin) fabric-rendering-v1.mixins.json:shader.GameRendererMixin from mod fabric-rendering-v1->@Inject::registerShaders(Lnet/minecraft/resource/ResourceFactory;Lorg/spongepowered/asm/mixin/injection/callback/CallbackInfo;Ljava/util/List;Ljava/util/List;)V doesn't use it's CallbackInfo
[23:47:25] [Render thread/DEBUG] (FabricLoader/Mixin) fabric-rendering-v1.mixins.json:shader.GameRendererMixin from mod fabric-rendering-v1->@Inject::registerShaders(Lnet/minecraft/resource/ResourceFactory;Lorg/spongepowered/asm/mixin/injection/callback/CallbackInfo;Ljava/util/List;Ljava/util/List;)V has 0 override(s) in child classes
[23:47:25] [Render thread/DEBUG] (FabricLoader/Mixin) fabric-rendering-v1.mixins.json:shader.GameRendererMixin from mod fabric-rendering-v1->@Inject::registerShaders(Lnet/minecraft/resource/ResourceFactory;Lorg/spongepowered/asm/mixin/injection/callback/CallbackInfo;Ljava/util/List;Ljava/util/List;)V won't be passed a CallbackInfo as a result
[23:47:25] [Render thread/DEBUG] (FabricLoader/Mixin) fabric-rendering-v1.mixins.json:shader.GameRendererMixin from mod fabric-rendering-v1->@Inject::registerShaders(Lnet/minecraft/resource/ResourceFactory;Lorg/spongepowered/asm/mixin/injection/callback/CallbackInfo;Ljava/util/List;Ljava/util/List;)V doesn't use it's CallbackInfo
[23:47:25] [Render thread/DEBUG] (FabricLoader/Mixin) fabric-rendering-v1.mixins.json:shader.GameRendererMixin from mod fabric-rendering-v1->@Inject::registerShaders(Lnet/minecraft/resource/ResourceFactory;Lorg/spongepowered/asm/mixin/injection/callback/CallbackInfo;Ljava/util/List;Ljava/util/List;)V has 0 override(s) in child classes
[23:47:25] [Render thread/DEBUG] (FabricLoader/Mixin) fabric-rendering-v1.mixins.json:shader.GameRendererMixin from mod fabric-rendering-v1->@Inject::registerShaders(Lnet/minecraft/resource/ResourceFactory;Lorg/spongepowered/asm/mixin/injection/callback/CallbackInfo;Ljava/util/List;Ljava/util/List;)V won't be passed a CallbackInfo as a result
[23:47:25] [Render thread/DEBUG] (FabricLoader/Mixin) fabric-rendering-v1.mixins.json:shader.GameRendererMixin from mod fabric-rendering-v1->@Inject::registerShaders(Lnet/minecraft/resource/ResourceFactory;Lorg/spongepowered/asm/mixin/injection/callback/CallbackInfo;Ljava/util/List;Ljava/util/List;)V doesn't use it's CallbackInfo
[23:47:25] [Render thread/DEBUG] (FabricLoader/Mixin) fabric-rendering-v1.mixins.json:shader.GameRendererMixin from mod fabric-rendering-v1->@Inject::registerShaders(Lnet/minecraft/resource/ResourceFactory;Lorg/spongepowered/asm/mixin/injection/callback/CallbackInfo;Ljava/util/List;Ljava/util/List;)V has 0 override(s) in child classes
[23:47:25] [Render thread/DEBUG] (FabricLoader/Mixin) fabric-rendering-v1.mixins.json:shader.GameRendererMixin from mod fabric-rendering-v1->@Inject::registerShaders(Lnet/minecraft/resource/ResourceFactory;Lorg/spongepowered/asm/mixin/injection/callback/CallbackInfo;Ljava/util/List;Ljava/util/List;)V won't be passed a CallbackInfo as a result
[23:47:25] [Render thread/DEBUG] (FabricLoader/Mixin) fabric-rendering-v1.mixins.json:shader.GameRendererMixin from mod fabric-rendering-v1->@Inject::registerShaders(Lnet/minecraft/resource/ResourceFactory;Lorg/spongepowered/asm/mixin/injection/callback/CallbackInfo;Ljava/util/List;Ljava/util/List;)V doesn't use it's CallbackInfo
[23:47:25] [Render thread/DEBUG] (FabricLoader/Mixin) fabric-rendering-v1.mixins.json:shader.GameRendererMixin from mod fabric-rendering-v1->@Inject::registerShaders(Lnet/minecraft/resource/ResourceFactory;Lorg/spongepowered/asm/mixin/injection/callback/CallbackInfo;Ljava/util/List;Ljava/util/List;)V has 0 override(s) in child classes
[23:47:25] [Render thread/DEBUG] (FabricLoader/Mixin) fabric-rendering-v1.mixins.json:shader.GameRendererMixin from mod fabric-rendering-v1->@Inject::registerShaders(Lnet/minecraft/resource/ResourceFactory;Lorg/spongepowered/asm/mixin/injection/callback/CallbackInfo;Ljava/util/List;Ljava/util/List;)V won't be passed a CallbackInfo as a result
[23:47:25] [Render thread/DEBUG] (FabricLoader/Mixin) fabric-rendering-v1.mixins.json:shader.GameRendererMixin from mod fabric-rendering-v1->@Inject::registerShaders(Lnet/minecraft/resource/ResourceFactory;Lorg/spongepowered/asm/mixin/injection/callback/CallbackInfo;Ljava/util/List;Ljava/util/List;)V doesn't use it's CallbackInfo
[23:47:25] [Render thread/DEBUG] (FabricLoader/Mixin) fabric-rendering-v1.mixins.json:shader.GameRendererMixin from mod fabric-rendering-v1->@Inject::registerShaders(Lnet/minecraft/resource/ResourceFactory;Lorg/spongepowered/asm/mixin/injection/callback/CallbackInfo;Ljava/util/List;Ljava/util/List;)V has 0 override(s) in child classes
[23:47:25] [Render thread/DEBUG] (FabricLoader/Mixin) fabric-rendering-v1.mixins.json:shader.GameRendererMixin from mod fabric-rendering-v1->@Inject::registerShaders(Lnet/minecraft/resource/ResourceFactory;Lorg/spongepowered/asm/mixin/injection/callback/CallbackInfo;Ljava/util/List;Ljava/util/List;)V won't be passed a CallbackInfo as a result
[23:47:25] [Render thread/DEBUG] (FabricLoader/Mixin) fabric-rendering-v1.mixins.json:shader.GameRendererMixin from mod fabric-rendering-v1->@Inject::registerShaders(Lnet/minecraft/resource/ResourceFactory;Lorg/spongepowered/asm/mixin/injection/callback/CallbackInfo;Ljava/util/List;Ljava/util/List;)V doesn't use it's CallbackInfo
[23:47:25] [Render thread/DEBUG] (FabricLoader/Mixin) fabric-rendering-v1.mixins.json:shader.GameRendererMixin from mod fabric-rendering-v1->@Inject::registerShaders(Lnet/minecraft/resource/ResourceFactory;Lorg/spongepowered/asm/mixin/injection/callback/CallbackInfo;Ljava/util/List;Ljava/util/List;)V has 0 override(s) in child classes
[23:47:25] [Render thread/DEBUG] (FabricLoader/Mixin) fabric-rendering-v1.mixins.json:shader.GameRendererMixin from mod fabric-rendering-v1->@Inject::registerShaders(Lnet/minecraft/resource/ResourceFactory;Lorg/spongepowered/asm/mixin/injection/callback/CallbackInfo;Ljava/util/List;Ljava/util/List;)V won't be passed a CallbackInfo as a result
[23:47:25] [Render thread/DEBUG] (FabricLoader/Mixin) fabric-rendering-v1.mixins.json:shader.GameRendererMixin from mod fabric-rendering-v1->@Inject::registerShaders(Lnet/minecraft/resource/ResourceFactory;Lorg/spongepowered/asm/mixin/injection/callback/CallbackInfo;Ljava/util/List;Ljava/util/List;)V doesn't use it's CallbackInfo
[23:47:25] [Render thread/DEBUG] (FabricLoader/Mixin) fabric-rendering-v1.mixins.json:shader.GameRendererMixin from mod fabric-rendering-v1->@Inject::registerShaders(Lnet/minecraft/resource/ResourceFactory;Lorg/spongepowered/asm/mixin/injection/callback/CallbackInfo;Ljava/util/List;Ljava/util/List;)V has 0 override(s) in child classes
[23:47:25] [Render thread/DEBUG] (FabricLoader/Mixin) fabric-rendering-v1.mixins.json:shader.GameRendererMixin from mod fabric-rendering-v1->@Inject::registerShaders(Lnet/minecraft/resource/ResourceFactory;Lorg/spongepowered/asm/mixin/injection/callback/CallbackInfo;Ljava/util/List;Ljava/util/List;)V won't be passed a CallbackInfo as a result
[23:47:25] [Render thread/DEBUG] (FabricLoader/Mixin) fabric-rendering-v1.mixins.json:shader.GameRendererMixin from mod fabric-rendering-v1->@Inject::registerShaders(Lnet/minecraft/resource/ResourceFactory;Lorg/spongepowered/asm/mixin/injection/callback/CallbackInfo;Ljava/util/List;Ljava/util/List;)V doesn't use it's CallbackInfo
[23:47:25] [Render thread/DEBUG] (FabricLoader/Mixin) fabric-rendering-v1.mixins.json:shader.GameRendererMixin from mod fabric-rendering-v1->@Inject::registerShaders(Lnet/minecraft/resource/ResourceFactory;Lorg/spongepowered/asm/mixin/injection/callback/CallbackInfo;Ljava/util/List;Ljava/util/List;)V has 0 override(s) in child classes
[23:47:25] [Render thread/DEBUG] (FabricLoader/Mixin) fabric-rendering-v1.mixins.json:shader.GameRendererMixin from mod fabric-rendering-v1->@Inject::registerShaders(Lnet/minecraft/resource/ResourceFactory;Lorg/spongepowered/asm/mixin/injection/callback/CallbackInfo;Ljava/util/List;Ljava/util/List;)V won't be passed a CallbackInfo as a result
[23:47:25] [Render thread/DEBUG] (FabricLoader/Mixin) fabric-rendering-v1.mixins.json:shader.GameRendererMixin from mod fabric-rendering-v1->@Inject::registerShaders(Lnet/minecraft/resource/ResourceFactory;Lorg/spongepowered/asm/mixin/injection/callback/CallbackInfo;Ljava/util/List;Ljava/util/List;)V doesn't use it's CallbackInfo
[23:47:25] [Render thread/DEBUG] (FabricLoader/Mixin) fabric-rendering-v1.mixins.json:shader.GameRendererMixin from mod fabric-rendering-v1->@Inject::registerShaders(Lnet/minecraft/resource/ResourceFactory;Lorg/spongepowered/asm/mixin/injection/callback/CallbackInfo;Ljava/util/List;Ljava/util/List;)V has 0 override(s) in child classes
[23:47:25] [Render thread/DEBUG] (FabricLoader/Mixin) fabric-rendering-v1.mixins.json:shader.GameRendererMixin from mod fabric-rendering-v1->@Inject::registerShaders(Lnet/minecraft/resource/ResourceFactory;Lorg/spongepowered/asm/mixin/injection/callback/CallbackInfo;Ljava/util/List;Ljava/util/List;)V won't be passed a CallbackInfo as a result
[23:47:25] [Render thread/DEBUG] (FabricLoader/Mixin) fabric-rendering-v1.mixins.json:shader.GameRendererMixin from mod fabric-rendering-v1->@Inject::registerShaders(Lnet/minecraft/resource/ResourceFactory;Lorg/spongepowered/asm/mixin/injection/callback/CallbackInfo;Ljava/util/List;Ljava/util/List;)V doesn't use it's CallbackInfo
[23:47:25] [Render thread/DEBUG] (FabricLoader/Mixin) fabric-rendering-v1.mixins.json:shader.GameRendererMixin from mod fabric-rendering-v1->@Inject::registerShaders(Lnet/minecraft/resource/ResourceFactory;Lorg/spongepowered/asm/mixin/injection/callback/CallbackInfo;Ljava/util/List;Ljava/util/List;)V has 0 override(s) in child classes
[23:47:25] [Render thread/DEBUG] (FabricLoader/Mixin) fabric-rendering-v1.mixins.json:shader.GameRendererMixin from mod fabric-rendering-v1->@Inject::registerShaders(Lnet/minecraft/resource/ResourceFactory;Lorg/spongepowered/asm/mixin/injection/callback/CallbackInfo;Ljava/util/List;Ljava/util/List;)V won't be passed a CallbackInfo as a result
[23:47:25] [Render thread/DEBUG] (FabricLoader/Mixin) fabric-rendering-v1.mixins.json:shader.GameRendererMixin from mod fabric-rendering-v1->@Inject::registerShaders(Lnet/minecraft/resource/ResourceFactory;Lorg/spongepowered/asm/mixin/injection/callback/CallbackInfo;Ljava/util/List;Ljava/util/List;)V doesn't use it's CallbackInfo
[23:47:25] [Render thread/DEBUG] (FabricLoader/Mixin) fabric-rendering-v1.mixins.json:shader.GameRendererMixin from mod fabric-rendering-v1->@Inject::registerShaders(Lnet/minecraft/resource/ResourceFactory;Lorg/spongepowered/asm/mixin/injection/callback/CallbackInfo;Ljava/util/List;Ljava/util/List;)V has 0 override(s) in child classes
[23:47:25] [Render thread/DEBUG] (FabricLoader/Mixin) fabric-rendering-v1.mixins.json:shader.GameRendererMixin from mod fabric-rendering-v1->@Inject::registerShaders(Lnet/minecraft/resource/ResourceFactory;Lorg/spongepowered/asm/mixin/injection/callback/CallbackInfo;Ljava/util/List;Ljava/util/List;)V won't be passed a CallbackInfo as a result
[23:47:25] [Render thread/DEBUG] (FabricLoader/Mixin) fabric-rendering-v1.mixins.json:shader.GameRendererMixin from mod fabric-rendering-v1->@Inject::registerShaders(Lnet/minecraft/resource/ResourceFactory;Lorg/spongepowered/asm/mixin/injection/callback/CallbackInfo;Ljava/util/List;Ljava/util/List;)V doesn't use it's CallbackInfo
[23:47:25] [Render thread/DEBUG] (FabricLoader/Mixin) fabric-rendering-v1.mixins.json:shader.GameRendererMixin from mod fabric-rendering-v1->@Inject::registerShaders(Lnet/minecraft/resource/ResourceFactory;Lorg/spongepowered/asm/mixin/injection/callback/CallbackInfo;Ljava/util/List;Ljava/util/List;)V has 0 override(s) in child classes
[23:47:25] [Render thread/DEBUG] (FabricLoader/Mixin) fabric-rendering-v1.mixins.json:shader.GameRendererMixin from mod fabric-rendering-v1->@Inject::registerShaders(Lnet/minecraft/resource/ResourceFactory;Lorg/spongepowered/asm/mixin/injection/callback/CallbackInfo;Ljava/util/List;Ljava/util/List;)V won't be passed a CallbackInfo as a result
[23:47:25] [Render thread/DEBUG] (FabricLoader/Mixin) fabric-rendering-v1.mixins.json:shader.GameRendererMixin from mod fabric-rendering-v1->@Inject::registerShaders(Lnet/minecraft/resource/ResourceFactory;Lorg/spongepowered/asm/mixin/injection/callback/CallbackInfo;Ljava/util/List;Ljava/util/List;)V doesn't use it's CallbackInfo
[23:47:25] [Render thread/DEBUG] (FabricLoader/Mixin) fabric-rendering-v1.mixins.json:shader.GameRendererMixin from mod fabric-rendering-v1->@Inject::registerShaders(Lnet/minecraft/resource/ResourceFactory;Lorg/spongepowered/asm/mixin/injection/callback/CallbackInfo;Ljava/util/List;Ljava/util/List;)V has 0 override(s) in child classes
[23:47:25] [Render thread/DEBUG] (FabricLoader/Mixin) fabric-rendering-v1.mixins.json:shader.GameRendererMixin from mod fabric-rendering-v1->@Inject::registerShaders(Lnet/minecraft/resource/ResourceFactory;Lorg/spongepowered/asm/mixin/injection/callback/CallbackInfo;Ljava/util/List;Ljava/util/List;)V won't be passed a CallbackInfo as a result
[23:47:25] [Render thread/DEBUG] (FabricLoader/Mixin) fabric-rendering-v1.mixins.json:shader.GameRendererMixin from mod fabric-rendering-v1->@Inject::registerShaders(Lnet/minecraft/resource/ResourceFactory;Lorg/spongepowered/asm/mixin/injection/callback/CallbackInfo;Ljava/util/List;Ljava/util/List;)V doesn't use it's CallbackInfo
[23:47:25] [Render thread/DEBUG] (FabricLoader/Mixin) fabric-rendering-v1.mixins.json:shader.GameRendererMixin from mod fabric-rendering-v1->@Inject::registerShaders(Lnet/minecraft/resource/ResourceFactory;Lorg/spongepowered/asm/mixin/injection/callback/CallbackInfo;Ljava/util/List;Ljava/util/List;)V has 0 override(s) in child classes
[23:47:25] [Render thread/DEBUG] (FabricLoader/Mixin) fabric-rendering-v1.mixins.json:shader.GameRendererMixin from mod fabric-rendering-v1->@Inject::registerShaders(Lnet/minecraft/resource/ResourceFactory;Lorg/spongepowered/asm/mixin/injection/callback/CallbackInfo;Ljava/util/List;Ljava/util/List;)V won't be passed a CallbackInfo as a result
[23:47:25] [Render thread/DEBUG] (FabricLoader/Mixin) fabric-rendering-v1.mixins.json:shader.GameRendererMixin from mod fabric-rendering-v1->@Inject::registerShaders(Lnet/minecraft/resource/ResourceFactory;Lorg/spongepowered/asm/mixin/injection/callback/CallbackInfo;Ljava/util/List;Ljava/util/List;)V doesn't use it's CallbackInfo
[23:47:25] [Render thread/DEBUG] (FabricLoader/Mixin) fabric-rendering-v1.mixins.json:shader.GameRendererMixin from mod fabric-rendering-v1->@Inject::registerShaders(Lnet/minecraft/resource/ResourceFactory;Lorg/spongepowered/asm/mixin/injection/callback/CallbackInfo;Ljava/util/List;Ljava/util/List;)V has 0 override(s) in child classes
[23:47:25] [Render thread/DEBUG] (FabricLoader/Mixin) fabric-rendering-v1.mixins.json:shader.GameRendererMixin from mod fabric-rendering-v1->@Inject::registerShaders(Lnet/minecraft/resource/ResourceFactory;Lorg/spongepowered/asm/mixin/injection/callback/CallbackInfo;Ljava/util/List;Ljava/util/List;)V won't be passed a CallbackInfo as a result
[23:47:25] [Render thread/DEBUG] (FabricLoader/Mixin) fabric-rendering-v1.mixins.json:shader.GameRendererMixin from mod fabric-rendering-v1->@Inject::registerShaders(Lnet/minecraft/resource/ResourceFactory;Lorg/spongepowered/asm/mixin/injection/callback/CallbackInfo;Ljava/util/List;Ljava/util/List;)V doesn't use it's CallbackInfo
[23:47:25] [Render thread/DEBUG] (FabricLoader/Mixin) fabric-rendering-v1.mixins.json:shader.GameRendererMixin from mod fabric-rendering-v1->@Inject::registerShaders(Lnet/minecraft/resource/ResourceFactory;Lorg/spongepowered/asm/mixin/injection/callback/CallbackInfo;Ljava/util/List;Ljava/util/List;)V has 0 override(s) in child classes
[23:47:25] [Render thread/DEBUG] (FabricLoader/Mixin) fabric-rendering-v1.mixins.json:shader.GameRendererMixin from mod fabric-rendering-v1->@Inject::registerShaders(Lnet/minecraft/resource/ResourceFactory;Lorg/spongepowered/asm/mixin/injection/callback/CallbackInfo;Ljava/util/List;Ljava/util/List;)V won't be passed a CallbackInfo as a result
[23:47:25] [Render thread/DEBUG] (FabricLoader/Mixin) fabric-rendering-v1.mixins.json:shader.GameRendererMixin from mod fabric-rendering-v1->@Inject::registerShaders(Lnet/minecraft/resource/ResourceFactory;Lorg/spongepowered/asm/mixin/injection/callback/CallbackInfo;Ljava/util/List;Ljava/util/List;)V doesn't use it's CallbackInfo
[23:47:25] [Render thread/DEBUG] (FabricLoader/Mixin) fabric-rendering-v1.mixins.json:shader.GameRendererMixin from mod fabric-rendering-v1->@Inject::registerShaders(Lnet/minecraft/resource/ResourceFactory;Lorg/spongepowered/asm/mixin/injection/callback/CallbackInfo;Ljava/util/List;Ljava/util/List;)V has 0 override(s) in child classes
[23:47:25] [Render thread/DEBUG] (FabricLoader/Mixin) fabric-rendering-v1.mixins.json:shader.GameRendererMixin from mod fabric-rendering-v1->@Inject::registerShaders(Lnet/minecraft/resource/ResourceFactory;Lorg/spongepowered/asm/mixin/injection/callback/CallbackInfo;Ljava/util/List;Ljava/util/List;)V won't be passed a CallbackInfo as a result
[23:47:25] [Render thread/DEBUG] (FabricLoader/Mixin) fabric-rendering-v1.mixins.json:shader.GameRendererMixin from mod fabric-rendering-v1->@Inject::registerShaders(Lnet/minecraft/resource/ResourceFactory;Lorg/spongepowered/asm/mixin/injection/callback/CallbackInfo;Ljava/util/List;Ljava/util/List;)V doesn't use it's CallbackInfo
[23:47:25] [Render thread/DEBUG] (FabricLoader/Mixin) fabric-rendering-v1.mixins.json:shader.GameRendererMixin from mod fabric-rendering-v1->@Inject::registerShaders(Lnet/minecraft/resource/ResourceFactory;Lorg/spongepowered/asm/mixin/injection/callback/CallbackInfo;Ljava/util/List;Ljava/util/List;)V has 0 override(s) in child classes
[23:47:25] [Render thread/DEBUG] (FabricLoader/Mixin) fabric-rendering-v1.mixins.json:shader.GameRendererMixin from mod fabric-rendering-v1->@Inject::registerShaders(Lnet/minecraft/resource/ResourceFactory;Lorg/spongepowered/asm/mixin/injection/callback/CallbackInfo;Ljava/util/List;Ljava/util/List;)V won't be passed a CallbackInfo as a result
[23:47:25] [Render thread/DEBUG] (FabricLoader/Mixin) fabric-rendering-v1.mixins.json:shader.GameRendererMixin from mod fabric-rendering-v1->@Inject::registerShaders(Lnet/minecraft/resource/ResourceFactory;Lorg/spongepowered/asm/mixin/injection/callback/CallbackInfo;Ljava/util/List;Ljava/util/List;)V doesn't use it's CallbackInfo
[23:47:25] [Render thread/DEBUG] (FabricLoader/Mixin) fabric-rendering-v1.mixins.json:shader.GameRendererMixin from mod fabric-rendering-v1->@Inject::registerShaders(Lnet/minecraft/resource/ResourceFactory;Lorg/spongepowered/asm/mixin/injection/callback/CallbackInfo;Ljava/util/List;Ljava/util/List;)V has 0 override(s) in child classes
[23:47:25] [Render thread/DEBUG] (FabricLoader/Mixin) fabric-rendering-v1.mixins.json:shader.GameRendererMixin from mod fabric-rendering-v1->@Inject::registerShaders(Lnet/minecraft/resource/ResourceFactory;Lorg/spongepowered/asm/mixin/injection/callback/CallbackInfo;Ljava/util/List;Ljava/util/List;)V won't be passed a CallbackInfo as a result
[23:47:25] [Render thread/DEBUG] (FabricLoader/Mixin) fabric-rendering-v1.mixins.json:shader.GameRendererMixin from mod fabric-rendering-v1->@Inject::registerShaders(Lnet/minecraft/resource/ResourceFactory;Lorg/spongepowered/asm/mixin/injection/callback/CallbackInfo;Ljava/util/List;Ljava/util/List;)V doesn't use it's CallbackInfo
[23:47:25] [Render thread/DEBUG] (FabricLoader/Mixin) fabric-rendering-v1.mixins.json:shader.GameRendererMixin from mod fabric-rendering-v1->@Inject::registerShaders(Lnet/minecraft/resource/ResourceFactory;Lorg/spongepowered/asm/mixin/injection/callback/CallbackInfo;Ljava/util/List;Ljava/util/List;)V has 0 override(s) in child classes
[23:47:25] [Render thread/DEBUG] (FabricLoader/Mixin) fabric-rendering-v1.mixins.json:shader.GameRendererMixin from mod fabric-rendering-v1->@Inject::registerShaders(Lnet/minecraft/resource/ResourceFactory;Lorg/spongepowered/asm/mixin/injection/callback/CallbackInfo;Ljava/util/List;Ljava/util/List;)V won't be passed a CallbackInfo as a result
[23:47:25] [Render thread/DEBUG] (FabricLoader/Mixin) fabric-rendering-v1.mixins.json:shader.GameRendererMixin from mod fabric-rendering-v1->@Inject::registerShaders(Lnet/minecraft/resource/ResourceFactory;Lorg/spongepowered/asm/mixin/injection/callback/CallbackInfo;Ljava/util/List;Ljava/util/List;)V doesn't use it's CallbackInfo
[23:47:25] [Render thread/DEBUG] (FabricLoader/Mixin) fabric-rendering-v1.mixins.json:shader.GameRendererMixin from mod fabric-rendering-v1->@Inject::registerShaders(Lnet/minecraft/resource/ResourceFactory;Lorg/spongepowered/asm/mixin/injection/callback/CallbackInfo;Ljava/util/List;Ljava/util/List;)V has 0 override(s) in child classes
[23:47:25] [Render thread/DEBUG] (FabricLoader/Mixin) fabric-rendering-v1.mixins.json:shader.GameRendererMixin from mod fabric-rendering-v1->@Inject::registerShaders(Lnet/minecraft/resource/ResourceFactory;Lorg/spongepowered/asm/mixin/injection/callback/CallbackInfo;Ljava/util/List;Ljava/util/List;)V won't be passed a CallbackInfo as a result
[23:47:25] [Render thread/DEBUG] (FabricLoader/Mixin) fabric-rendering-v1.mixins.json:shader.GameRendererMixin from mod fabric-rendering-v1->@Inject::registerShaders(Lnet/minecraft/resource/ResourceFactory;Lorg/spongepowered/asm/mixin/injection/callback/CallbackInfo;Ljava/util/List;Ljava/util/List;)V doesn't use it's CallbackInfo
[23:47:25] [Render thread/DEBUG] (FabricLoader/Mixin) fabric-rendering-v1.mixins.json:shader.GameRendererMixin from mod fabric-rendering-v1->@Inject::registerShaders(Lnet/minecraft/resource/ResourceFactory;Lorg/spongepowered/asm/mixin/injection/callback/CallbackInfo;Ljava/util/List;Ljava/util/List;)V has 0 override(s) in child classes
[23:47:25] [Render thread/DEBUG] (FabricLoader/Mixin) fabric-rendering-v1.mixins.json:shader.GameRendererMixin from mod fabric-rendering-v1->@Inject::registerShaders(Lnet/minecraft/resource/ResourceFactory;Lorg/spongepowered/asm/mixin/injection/callback/CallbackInfo;Ljava/util/List;Ljava/util/List;)V won't be passed a CallbackInfo as a result
[23:47:25] [Render thread/DEBUG] (FabricLoader/Mixin) fabric-rendering-v1.mixins.json:shader.GameRendererMixin from mod fabric-rendering-v1->@Inject::registerShaders(Lnet/minecraft/resource/ResourceFactory;Lorg/spongepowered/asm/mixin/injection/callback/CallbackInfo;Ljava/util/List;Ljava/util/List;)V doesn't use it's CallbackInfo
[23:47:25] [Render thread/DEBUG] (FabricLoader/Mixin) fabric-rendering-v1.mixins.json:shader.GameRendererMixin from mod fabric-rendering-v1->@Inject::registerShaders(Lnet/minecraft/resource/ResourceFactory;Lorg/spongepowered/asm/mixin/injection/callback/CallbackInfo;Ljava/util/List;Ljava/util/List;)V has 0 override(s) in child classes
[23:47:25] [Render thread/DEBUG] (FabricLoader/Mixin) fabric-rendering-v1.mixins.json:shader.GameRendererMixin from mod fabric-rendering-v1->@Inject::registerShaders(Lnet/minecraft/resource/ResourceFactory;Lorg/spongepowered/asm/mixin/injection/callback/CallbackInfo;Ljava/util/List;Ljava/util/List;)V won't be passed a CallbackInfo as a result
[23:47:25] [Render thread/DEBUG] (FabricLoader/Mixin) fabric-rendering-v1.mixins.json:shader.GameRendererMixin from mod fabric-rendering-v1->@Inject::registerShaders(Lnet/minecraft/resource/ResourceFactory;Lorg/spongepowered/asm/mixin/injection/callback/CallbackInfo;Ljava/util/List;Ljava/util/List;)V doesn't use it's CallbackInfo
[23:47:25] [Render thread/DEBUG] (FabricLoader/Mixin) fabric-rendering-v1.mixins.json:shader.GameRendererMixin from mod fabric-rendering-v1->@Inject::registerShaders(Lnet/minecraft/resource/ResourceFactory;Lorg/spongepowered/asm/mixin/injection/callback/CallbackInfo;Ljava/util/List;Ljava/util/List;)V has 0 override(s) in child classes
[23:47:25] [Render thread/DEBUG] (FabricLoader/Mixin) fabric-rendering-v1.mixins.json:shader.GameRendererMixin from mod fabric-rendering-v1->@Inject::registerShaders(Lnet/minecraft/resource/ResourceFactory;Lorg/spongepowered/asm/mixin/injection/callback/CallbackInfo;Ljava/util/List;Ljava/util/List;)V won't be passed a CallbackInfo as a result
[23:47:25] [Render thread/DEBUG] (FabricLoader/Mixin) fabric-rendering-v1.mixins.json:shader.GameRendererMixin from mod fabric-rendering-v1->@Inject::registerShaders(Lnet/minecraft/resource/ResourceFactory;Lorg/spongepowered/asm/mixin/injection/callback/CallbackInfo;Ljava/util/List;Ljava/util/List;)V doesn't use it's CallbackInfo
[23:47:25] [Render thread/DEBUG] (FabricLoader/Mixin) fabric-rendering-v1.mixins.json:shader.GameRendererMixin from mod fabric-rendering-v1->@Inject::registerShaders(Lnet/minecraft/resource/ResourceFactory;Lorg/spongepowered/asm/mixin/injection/callback/CallbackInfo;Ljava/util/List;Ljava/util/List;)V has 0 override(s) in child classes
[23:47:25] [Render thread/DEBUG] (FabricLoader/Mixin) fabric-rendering-v1.mixins.json:shader.GameRendererMixin from mod fabric-rendering-v1->@Inject::registerShaders(Lnet/minecraft/resource/ResourceFactory;Lorg/spongepowered/asm/mixin/injection/callback/CallbackInfo;Ljava/util/List;Ljava/util/List;)V won't be passed a CallbackInfo as a result
[23:47:25] [Render thread/DEBUG] (FabricLoader/Mixin) fabric-rendering-v1.mixins.json:shader.GameRendererMixin from mod fabric-rendering-v1->@Inject::registerShaders(Lnet/minecraft/resource/ResourceFactory;Lorg/spongepowered/asm/mixin/injection/callback/CallbackInfo;Ljava/util/List;Ljava/util/List;)V doesn't use it's CallbackInfo
[23:47:25] [Render thread/DEBUG] (FabricLoader/Mixin) fabric-rendering-v1.mixins.json:shader.GameRendererMixin from mod fabric-rendering-v1->@Inject::registerShaders(Lnet/minecraft/resource/ResourceFactory;Lorg/spongepowered/asm/mixin/injection/callback/CallbackInfo;Ljava/util/List;Ljava/util/List;)V has 0 override(s) in child classes
[23:47:25] [Render thread/DEBUG] (FabricLoader/Mixin) fabric-rendering-v1.mixins.json:shader.GameRendererMixin from mod fabric-rendering-v1->@Inject::registerShaders(Lnet/minecraft/resource/ResourceFactory;Lorg/spongepowered/asm/mixin/injection/callback/CallbackInfo;Ljava/util/List;Ljava/util/List;)V won't be passed a CallbackInfo as a result
[23:47:25] [Render thread/DEBUG] (FabricLoader/Mixin) fabric-rendering-v1.mixins.json:shader.GameRendererMixin from mod fabric-rendering-v1->@Inject::registerShaders(Lnet/minecraft/resource/ResourceFactory;Lorg/spongepowered/asm/mixin/injection/callback/CallbackInfo;Ljava/util/List;Ljava/util/List;)V doesn't use it's CallbackInfo
[23:47:25] [Render thread/DEBUG] (FabricLoader/Mixin) fabric-rendering-v1.mixins.json:shader.GameRendererMixin from mod fabric-rendering-v1->@Inject::registerShaders(Lnet/minecraft/resource/ResourceFactory;Lorg/spongepowered/asm/mixin/injection/callback/CallbackInfo;Ljava/util/List;Ljava/util/List;)V has 0 override(s) in child classes
[23:47:25] [Render thread/DEBUG] (FabricLoader/Mixin) fabric-rendering-v1.mixins.json:shader.GameRendererMixin from mod fabric-rendering-v1->@Inject::registerShaders(Lnet/minecraft/resource/ResourceFactory;Lorg/spongepowered/asm/mixin/injection/callback/CallbackInfo;Ljava/util/List;Ljava/util/List;)V won't be passed a CallbackInfo as a result
[23:47:25] [Render thread/DEBUG] (FabricLoader/Mixin) fabric-rendering-v1.mixins.json:shader.GameRendererMixin from mod fabric-rendering-v1->@Inject::registerShaders(Lnet/minecraft/resource/ResourceFactory;Lorg/spongepowered/asm/mixin/injection/callback/CallbackInfo;Ljava/util/List;Ljava/util/List;)V doesn't use it's CallbackInfo
[23:47:25] [Render thread/DEBUG] (FabricLoader/Mixin) fabric-rendering-v1.mixins.json:shader.GameRendererMixin from mod fabric-rendering-v1->@Inject::registerShaders(Lnet/minecraft/resource/ResourceFactory;Lorg/spongepowered/asm/mixin/injection/callback/CallbackInfo;Ljava/util/List;Ljava/util/List;)V has 0 override(s) in child classes
[23:47:25] [Render thread/DEBUG] (FabricLoader/Mixin) fabric-rendering-v1.mixins.json:shader.GameRendererMixin from mod fabric-rendering-v1->@Inject::registerShaders(Lnet/minecraft/resource/ResourceFactory;Lorg/spongepowered/asm/mixin/injection/callback/CallbackInfo;Ljava/util/List;Ljava/util/List;)V won't be passed a CallbackInfo as a result
[23:47:25] [Render thread/DEBUG] (FabricLoader/Mixin) fabric-rendering-v1.mixins.json:shader.GameRendererMixin from mod fabric-rendering-v1->@Inject::registerShaders(Lnet/minecraft/resource/ResourceFactory;Lorg/spongepowered/asm/mixin/injection/callback/CallbackInfo;Ljava/util/List;Ljava/util/List;)V doesn't use it's CallbackInfo
[23:47:25] [Render thread/DEBUG] (FabricLoader/Mixin) fabric-rendering-v1.mixins.json:shader.GameRendererMixin from mod fabric-rendering-v1->@Inject::registerShaders(Lnet/minecraft/resource/ResourceFactory;Lorg/spongepowered/asm/mixin/injection/callback/CallbackInfo;Ljava/util/List;Ljava/util/List;)V has 0 override(s) in child classes
[23:47:25] [Render thread/DEBUG] (FabricLoader/Mixin) fabric-rendering-v1.mixins.json:shader.GameRendererMixin from mod fabric-rendering-v1->@Inject::registerShaders(Lnet/minecraft/resource/ResourceFactory;Lorg/spongepowered/asm/mixin/injection/callback/CallbackInfo;Ljava/util/List;Ljava/util/List;)V won't be passed a CallbackInfo as a result
[23:47:25] [Render thread/DEBUG] (FabricLoader/Mixin) fabric-rendering-v1.mixins.json:shader.GameRendererMixin from mod fabric-rendering-v1->@Inject::registerShaders(Lnet/minecraft/resource/ResourceFactory;Lorg/spongepowered/asm/mixin/injection/callback/CallbackInfo;Ljava/util/List;Ljava/util/List;)V doesn't use it's CallbackInfo
[23:47:25] [Render thread/DEBUG] (FabricLoader/Mixin) fabric-rendering-v1.mixins.json:shader.GameRendererMixin from mod fabric-rendering-v1->@Inject::registerShaders(Lnet/minecraft/resource/ResourceFactory;Lorg/spongepowered/asm/mixin/injection/callback/CallbackInfo;Ljava/util/List;Ljava/util/List;)V has 0 override(s) in child classes
[23:47:25] [Render thread/DEBUG] (FabricLoader/Mixin) fabric-rendering-v1.mixins.json:shader.GameRendererMixin from mod fabric-rendering-v1->@Inject::registerShaders(Lnet/minecraft/resource/ResourceFactory;Lorg/spongepowered/asm/mixin/injection/callback/CallbackInfo;Ljava/util/List;Ljava/util/List;)V won't be passed a CallbackInfo as a result
[23:47:25] [Render thread/DEBUG] (FabricLoader/Mixin) fabric-rendering-v1.mixins.json:shader.GameRendererMixin from mod fabric-rendering-v1->@Inject::registerShaders(Lnet/minecraft/resource/ResourceFactory;Lorg/spongepowered/asm/mixin/injection/callback/CallbackInfo;Ljava/util/List;Ljava/util/List;)V doesn't use it's CallbackInfo
[23:47:25] [Render thread/DEBUG] (FabricLoader/Mixin) fabric-rendering-v1.mixins.json:shader.GameRendererMixin from mod fabric-rendering-v1->@Inject::registerShaders(Lnet/minecraft/resource/ResourceFactory;Lorg/spongepowered/asm/mixin/injection/callback/CallbackInfo;Ljava/util/List;Ljava/util/List;)V has 0 override(s) in child classes
[23:47:25] [Render thread/DEBUG] (FabricLoader/Mixin) fabric-rendering-v1.mixins.json:shader.GameRendererMixin from mod fabric-rendering-v1->@Inject::registerShaders(Lnet/minecraft/resource/ResourceFactory;Lorg/spongepowered/asm/mixin/injection/callback/CallbackInfo;Ljava/util/List;Ljava/util/List;)V won't be passed a CallbackInfo as a result
[23:47:25] [Render thread/DEBUG] (FabricLoader/Mixin) fabric-rendering-v1.mixins.json:shader.GameRendererMixin from mod fabric-rendering-v1->@Inject::registerShaders(Lnet/minecraft/resource/ResourceFactory;Lorg/spongepowered/asm/mixin/injection/callback/CallbackInfo;Ljava/util/List;Ljava/util/List;)V doesn't use it's CallbackInfo
[23:47:25] [Render thread/DEBUG] (FabricLoader/Mixin) fabric-rendering-v1.mixins.json:shader.GameRendererMixin from mod fabric-rendering-v1->@Inject::registerShaders(Lnet/minecraft/resource/ResourceFactory;Lorg/spongepowered/asm/mixin/injection/callback/CallbackInfo;Ljava/util/List;Ljava/util/List;)V has 0 override(s) in child classes
[23:47:25] [Render thread/DEBUG] (FabricLoader/Mixin) fabric-rendering-v1.mixins.json:shader.GameRendererMixin from mod fabric-rendering-v1->@Inject::registerShaders(Lnet/minecraft/resource/ResourceFactory;Lorg/spongepowered/asm/mixin/injection/callback/CallbackInfo;Ljava/util/List;Ljava/util/List;)V won't be passed a CallbackInfo as a result
[23:47:25] [Render thread/DEBUG] (FabricLoader/Mixin) fabric-rendering-v1.mixins.json:shader.GameRendererMixin from mod fabric-rendering-v1->@Inject::registerShaders(Lnet/minecraft/resource/ResourceFactory;Lorg/spongepowered/asm/mixin/injection/callback/CallbackInfo;Ljava/util/List;Ljava/util/List;)V doesn't use it's CallbackInfo
[23:47:25] [Render thread/DEBUG] (FabricLoader/Mixin) fabric-rendering-v1.mixins.json:shader.GameRendererMixin from mod fabric-rendering-v1->@Inject::registerShaders(Lnet/minecraft/resource/ResourceFactory;Lorg/spongepowered/asm/mixin/injection/callback/CallbackInfo;Ljava/util/List;Ljava/util/List;)V has 0 override(s) in child classes
[23:47:25] [Render thread/DEBUG] (FabricLoader/Mixin) fabric-rendering-v1.mixins.json:shader.GameRendererMixin from mod fabric-rendering-v1->@Inject::registerShaders(Lnet/minecraft/resource/ResourceFactory;Lorg/spongepowered/asm/mixin/injection/callback/CallbackInfo;Ljava/util/List;Ljava/util/List;)V won't be passed a CallbackInfo as a result
[23:47:25] [Render thread/DEBUG] (FabricLoader/Mixin) fabric-rendering-v1.mixins.json:shader.GameRendererMixin from mod fabric-rendering-v1->@Inject::registerShaders(Lnet/minecraft/resource/ResourceFactory;Lorg/spongepowered/asm/mixin/injection/callback/CallbackInfo;Ljava/util/List;Ljava/util/List;)V doesn't use it's CallbackInfo
[23:47:25] [Render thread/DEBUG] (FabricLoader/Mixin) fabric-rendering-v1.mixins.json:shader.GameRendererMixin from mod fabric-rendering-v1->@Inject::registerShaders(Lnet/minecraft/resource/ResourceFactory;Lorg/spongepowered/asm/mixin/injection/callback/CallbackInfo;Ljava/util/List;Ljava/util/List;)V has 0 override(s) in child classes
[23:47:25] [Render thread/DEBUG] (FabricLoader/Mixin) fabric-rendering-v1.mixins.json:shader.GameRendererMixin from mod fabric-rendering-v1->@Inject::registerShaders(Lnet/minecraft/resource/ResourceFactory;Lorg/spongepowered/asm/mixin/injection/callback/CallbackInfo;Ljava/util/List;Ljava/util/List;)V won't be passed a CallbackInfo as a result
[23:47:25] [Render thread/DEBUG] (FabricLoader/Mixin) fabric-rendering-v1.mixins.json:shader.GameRendererMixin from mod fabric-rendering-v1->@Inject::registerShaders(Lnet/minecraft/resource/ResourceFactory;Lorg/spongepowered/asm/mixin/injection/callback/CallbackInfo;Ljava/util/List;Ljava/util/List;)V doesn't use it's CallbackInfo
[23:47:25] [Render thread/DEBUG] (FabricLoader/Mixin) fabric-rendering-v1.mixins.json:shader.GameRendererMixin from mod fabric-rendering-v1->@Inject::registerShaders(Lnet/minecraft/resource/ResourceFactory;Lorg/spongepowered/asm/mixin/injection/callback/CallbackInfo;Ljava/util/List;Ljava/util/List;)V has 0 override(s) in child classes
[23:47:25] [Render thread/DEBUG] (FabricLoader/Mixin) fabric-rendering-v1.mixins.json:shader.GameRendererMixin from mod fabric-rendering-v1->@Inject::registerShaders(Lnet/minecraft/resource/ResourceFactory;Lorg/spongepowered/asm/mixin/injection/callback/CallbackInfo;Ljava/util/List;Ljava/util/List;)V won't be passed a CallbackInfo as a result
[23:47:25] [Render thread/DEBUG] (FabricLoader/Mixin) fabric-rendering-v1.mixins.json:shader.GameRendererMixin from mod fabric-rendering-v1->@Inject::registerShaders(Lnet/minecraft/resource/ResourceFactory;Lorg/spongepowered/asm/mixin/injection/callback/CallbackInfo;Ljava/util/List;Ljava/util/List;)V doesn't use it's CallbackInfo
[23:47:25] [Render thread/DEBUG] (FabricLoader/Mixin) fabric-rendering-v1.mixins.json:shader.GameRendererMixin from mod fabric-rendering-v1->@Inject::registerShaders(Lnet/minecraft/resource/ResourceFactory;Lorg/spongepowered/asm/mixin/injection/callback/CallbackInfo;Ljava/util/List;Ljava/util/List;)V has 0 override(s) in child classes
[23:47:25] [Render thread/DEBUG] (FabricLoader/Mixin) fabric-rendering-v1.mixins.json:shader.GameRendererMixin from mod fabric-rendering-v1->@Inject::registerShaders(Lnet/minecraft/resource/ResourceFactory;Lorg/spongepowered/asm/mixin/injection/callback/CallbackInfo;Ljava/util/List;Ljava/util/List;)V won't be passed a CallbackInfo as a result
[23:47:25] [Render thread/DEBUG] (FabricLoader/Mixin) fabric-rendering-v1.mixins.json:shader.GameRendererMixin from mod fabric-rendering-v1->@Inject::registerShaders(Lnet/minecraft/resource/ResourceFactory;Lorg/spongepowered/asm/mixin/injection/callback/CallbackInfo;Ljava/util/List;Ljava/util/List;)V doesn't use it's CallbackInfo
[23:47:25] [Render thread/DEBUG] (FabricLoader/Mixin) fabric-rendering-v1.mixins.json:shader.GameRendererMixin from mod fabric-rendering-v1->@Inject::registerShaders(Lnet/minecraft/resource/ResourceFactory;Lorg/spongepowered/asm/mixin/injection/callback/CallbackInfo;Ljava/util/List;Ljava/util/List;)V has 0 override(s) in child classes
[23:47:25] [Render thread/DEBUG] (FabricLoader/Mixin) fabric-rendering-v1.mixins.json:shader.GameRendererMixin from mod fabric-rendering-v1->@Inject::registerShaders(Lnet/minecraft/resource/ResourceFactory;Lorg/spongepowered/asm/mixin/injection/callback/CallbackInfo;Ljava/util/List;Ljava/util/List;)V won't be passed a CallbackInfo as a result
[23:47:25] [Render thread/DEBUG] (FabricLoader/Mixin) fabric-rendering-v1.mixins.json:shader.GameRendererMixin from mod fabric-rendering-v1->@Inject::registerShaders(Lnet/minecraft/resource/ResourceFactory;Lorg/spongepowered/asm/mixin/injection/callback/CallbackInfo;Ljava/util/List;Ljava/util/List;)V doesn't use it's CallbackInfo
[23:47:25] [Render thread/DEBUG] (FabricLoader/Mixin) fabric-rendering-v1.mixins.json:shader.GameRendererMixin from mod fabric-rendering-v1->@Inject::registerShaders(Lnet/minecraft/resource/ResourceFactory;Lorg/spongepowered/asm/mixin/injection/callback/CallbackInfo;Ljava/util/List;Ljava/util/List;)V has 0 override(s) in child classes
[23:47:25] [Render thread/DEBUG] (FabricLoader/Mixin) fabric-rendering-v1.mixins.json:shader.GameRendererMixin from mod fabric-rendering-v1->@Inject::registerShaders(Lnet/minecraft/resource/ResourceFactory;Lorg/spongepowered/asm/mixin/injection/callback/CallbackInfo;Ljava/util/List;Ljava/util/List;)V won't be passed a CallbackInfo as a result
[23:47:25] [Render thread/DEBUG] (FabricLoader/Mixin) fabric-rendering-v1.mixins.json:shader.GameRendererMixin from mod fabric-rendering-v1->@Inject::registerShaders(Lnet/minecraft/resource/ResourceFactory;Lorg/spongepowered/asm/mixin/injection/callback/CallbackInfo;Ljava/util/List;Ljava/util/List;)V doesn't use it's CallbackInfo
[23:47:25] [Render thread/DEBUG] (FabricLoader/Mixin) fabric-rendering-v1.mixins.json:shader.GameRendererMixin from mod fabric-rendering-v1->@Inject::registerShaders(Lnet/minecraft/resource/ResourceFactory;Lorg/spongepowered/asm/mixin/injection/callback/CallbackInfo;Ljava/util/List;Ljava/util/List;)V has 0 override(s) in child classes
[23:47:25] [Render thread/DEBUG] (FabricLoader/Mixin) fabric-rendering-v1.mixins.json:shader.GameRendererMixin from mod fabric-rendering-v1->@Inject::registerShaders(Lnet/minecraft/resource/ResourceFactory;Lorg/spongepowered/asm/mixin/injection/callback/CallbackInfo;Ljava/util/List;Ljava/util/List;)V won't be passed a CallbackInfo as a result
[23:47:25] [Render thread/DEBUG] (FabricLoader/Mixin) fabric-rendering-v1.mixins.json:shader.GameRendererMixin from mod fabric-rendering-v1->@Inject::registerShaders(Lnet/minecraft/resource/ResourceFactory;Lorg/spongepowered/asm/mixin/injection/callback/CallbackInfo;Ljava/util/List;Ljava/util/List;)V doesn't use it's CallbackInfo
[23:47:25] [Render thread/DEBUG] (FabricLoader/Mixin) fabric-rendering-v1.mixins.json:shader.GameRendererMixin from mod fabric-rendering-v1->@Inject::registerShaders(Lnet/minecraft/resource/ResourceFactory;Lorg/spongepowered/asm/mixin/injection/callback/CallbackInfo;Ljava/util/List;Ljava/util/List;)V has 0 override(s) in child classes
[23:47:25] [Render thread/DEBUG] (FabricLoader/Mixin) fabric-rendering-v1.mixins.json:shader.GameRendererMixin from mod fabric-rendering-v1->@Inject::registerShaders(Lnet/minecraft/resource/ResourceFactory;Lorg/spongepowered/asm/mixin/injection/callback/CallbackInfo;Ljava/util/List;Ljava/util/List;)V won't be passed a CallbackInfo as a result
[23:47:25] [Render thread/DEBUG] (FabricLoader/Mixin) fabric-rendering-v1.mixins.json:shader.GameRendererMixin from mod fabric-rendering-v1->@Inject::registerShaders(Lnet/minecraft/resource/ResourceFactory;Lorg/spongepowered/asm/mixin/injection/callback/CallbackInfo;Ljava/util/List;Ljava/util/List;)V doesn't use it's CallbackInfo
[23:47:25] [Render thread/DEBUG] (FabricLoader/Mixin) fabric-rendering-v1.mixins.json:shader.GameRendererMixin from mod fabric-rendering-v1->@Inject::registerShaders(Lnet/minecraft/resource/ResourceFactory;Lorg/spongepowered/asm/mixin/injection/callback/CallbackInfo;Ljava/util/List;Ljava/util/List;)V has 0 override(s) in child classes
[23:47:25] [Render thread/DEBUG] (FabricLoader/Mixin) fabric-rendering-v1.mixins.json:shader.GameRendererMixin from mod fabric-rendering-v1->@Inject::registerShaders(Lnet/minecraft/resource/ResourceFactory;Lorg/spongepowered/asm/mixin/injection/callback/CallbackInfo;Ljava/util/List;Ljava/util/List;)V won't be passed a CallbackInfo as a result
[23:47:25] [Render thread/DEBUG] (FabricLoader/Mixin) fabric-rendering-v1.mixins.json:shader.GameRendererMixin from mod fabric-rendering-v1->@Inject::registerShaders(Lnet/minecraft/resource/ResourceFactory;Lorg/spongepowered/asm/mixin/injection/callback/CallbackInfo;Ljava/util/List;Ljava/util/List;)V doesn't use it's CallbackInfo
[23:47:25] [Render thread/DEBUG] (FabricLoader/Mixin) fabric-rendering-v1.mixins.json:shader.GameRendererMixin from mod fabric-rendering-v1->@Inject::registerShaders(Lnet/minecraft/resource/ResourceFactory;Lorg/spongepowered/asm/mixin/injection/callback/CallbackInfo;Ljava/util/List;Ljava/util/List;)V has 0 override(s) in child classes
[23:47:25] [Render thread/DEBUG] (FabricLoader/Mixin) fabric-rendering-v1.mixins.json:shader.GameRendererMixin from mod fabric-rendering-v1->@Inject::registerShaders(Lnet/minecraft/resource/ResourceFactory;Lorg/spongepowered/asm/mixin/injection/callback/CallbackInfo;Ljava/util/List;Ljava/util/List;)V won't be passed a CallbackInfo as a result
[23:47:25] [Render thread/DEBUG] (FabricLoader/Mixin) fabric-rendering-v1.mixins.json:shader.GameRendererMixin from mod fabric-rendering-v1->@Inject::registerShaders(Lnet/minecraft/resource/ResourceFactory;Lorg/spongepowered/asm/mixin/injection/callback/CallbackInfo;Ljava/util/List;Ljava/util/List;)V doesn't use it's CallbackInfo
[23:47:25] [Render thread/DEBUG] (FabricLoader/Mixin) fabric-rendering-v1.mixins.json:shader.GameRendererMixin from mod fabric-rendering-v1->@Inject::registerShaders(Lnet/minecraft/resource/ResourceFactory;Lorg/spongepowered/asm/mixin/injection/callback/CallbackInfo;Ljava/util/List;Ljava/util/List;)V has 0 override(s) in child classes
[23:47:25] [Render thread/DEBUG] (FabricLoader/Mixin) fabric-rendering-v1.mixins.json:shader.GameRendererMixin from mod fabric-rendering-v1->@Inject::registerShaders(Lnet/minecraft/resource/ResourceFactory;Lorg/spongepowered/asm/mixin/injection/callback/CallbackInfo;Ljava/util/List;Ljava/util/List;)V won't be passed a CallbackInfo as a result
[23:47:25] [Render thread/DEBUG] (FabricLoader/Mixin) fabric-rendering-v1.mixins.json:shader.GameRendererMixin from mod fabric-rendering-v1->@Inject::registerShaders(Lnet/minecraft/resource/ResourceFactory;Lorg/spongepowered/asm/mixin/injection/callback/CallbackInfo;Ljava/util/List;Ljava/util/List;)V doesn't use it's CallbackInfo
[23:47:25] [Render thread/DEBUG] (FabricLoader/Mixin) fabric-rendering-v1.mixins.json:shader.GameRendererMixin from mod fabric-rendering-v1->@Inject::registerShaders(Lnet/minecraft/resource/ResourceFactory;Lorg/spongepowered/asm/mixin/injection/callback/CallbackInfo;Ljava/util/List;Ljava/util/List;)V has 0 override(s) in child classes
[23:47:25] [Render thread/DEBUG] (FabricLoader/Mixin) fabric-rendering-v1.mixins.json:shader.GameRendererMixin from mod fabric-rendering-v1->@Inject::registerShaders(Lnet/minecraft/resource/ResourceFactory;Lorg/spongepowered/asm/mixin/injection/callback/CallbackInfo;Ljava/util/List;Ljava/util/List;)V won't be passed a CallbackInfo as a result
[23:47:25] [Render thread/DEBUG] (FabricLoader/Mixin) fabric-rendering-v1.mixins.json:shader.GameRendererMixin from mod fabric-rendering-v1->@Inject::registerShaders(Lnet/minecraft/resource/ResourceFactory;Lorg/spongepowered/asm/mixin/injection/callback/CallbackInfo;Ljava/util/List;Ljava/util/List;)V doesn't use it's CallbackInfo
[23:47:25] [Render thread/DEBUG] (FabricLoader/Mixin) fabric-rendering-v1.mixins.json:shader.GameRendererMixin from mod fabric-rendering-v1->@Inject::registerShaders(Lnet/minecraft/resource/ResourceFactory;Lorg/spongepowered/asm/mixin/injection/callback/CallbackInfo;Ljava/util/List;Ljava/util/List;)V has 0 override(s) in child classes
[23:47:25] [Render thread/DEBUG] (FabricLoader/Mixin) fabric-rendering-v1.mixins.json:shader.GameRendererMixin from mod fabric-rendering-v1->@Inject::registerShaders(Lnet/minecraft/resource/ResourceFactory;Lorg/spongepowered/asm/mixin/injection/callback/CallbackInfo;Ljava/util/List;Ljava/util/List;)V won't be passed a CallbackInfo as a result
[23:47:25] [Render thread/DEBUG] (FabricLoader/Mixin) fabric-rendering-v1.mixins.json:shader.GameRendererMixin from mod fabric-rendering-v1->@Inject::registerShaders(Lnet/minecraft/resource/ResourceFactory;Lorg/spongepowered/asm/mixin/injection/callback/CallbackInfo;Ljava/util/List;Ljava/util/List;)V doesn't use it's CallbackInfo
[23:47:25] [Render thread/DEBUG] (FabricLoader/Mixin) fabric-rendering-v1.mixins.json:shader.GameRendererMixin from mod fabric-rendering-v1->@Inject::registerShaders(Lnet/minecraft/resource/ResourceFactory;Lorg/spongepowered/asm/mixin/injection/callback/CallbackInfo;Ljava/util/List;Ljava/util/List;)V has 0 override(s) in child classes
[23:47:25] [Render thread/DEBUG] (FabricLoader/Mixin) fabric-rendering-v1.mixins.json:shader.GameRendererMixin from mod fabric-rendering-v1->@Inject::registerShaders(Lnet/minecraft/resource/ResourceFactory;Lorg/spongepowered/asm/mixin/injection/callback/CallbackInfo;Ljava/util/List;Ljava/util/List;)V won't be passed a CallbackInfo as a result
[23:47:25] [Render thread/DEBUG] (FabricLoader/Mixin) fabric-rendering-v1.mixins.json:shader.GameRendererMixin from mod fabric-rendering-v1->@Inject::registerShaders(Lnet/minecraft/resource/ResourceFactory;Lorg/spongepowered/asm/mixin/injection/callback/CallbackInfo;Ljava/util/List;Ljava/util/List;)V doesn't use it's CallbackInfo
[23:47:25] [Render thread/DEBUG] (FabricLoader/Mixin) fabric-rendering-v1.mixins.json:shader.GameRendererMixin from mod fabric-rendering-v1->@Inject::registerShaders(Lnet/minecraft/resource/ResourceFactory;Lorg/spongepowered/asm/mixin/injection/callback/CallbackInfo;Ljava/util/List;Ljava/util/List;)V has 0 override(s) in child classes
[23:47:25] [Render thread/DEBUG] (FabricLoader/Mixin) fabric-rendering-v1.mixins.json:shader.GameRendererMixin from mod fabric-rendering-v1->@Inject::registerShaders(Lnet/minecraft/resource/ResourceFactory;Lorg/spongepowered/asm/mixin/injection/callback/CallbackInfo;Ljava/util/List;Ljava/util/List;)V won't be passed a CallbackInfo as a result
[23:47:25] [Render thread/DEBUG] (FabricLoader/Mixin) fabric-rendering-v1.mixins.json:shader.GameRendererMixin from mod fabric-rendering-v1->@Inject::registerShaders(Lnet/minecraft/resource/ResourceFactory;Lorg/spongepowered/asm/mixin/injection/callback/CallbackInfo;Ljava/util/List;Ljava/util/List;)V doesn't use it's CallbackInfo
[23:47:25] [Render thread/DEBUG] (FabricLoader/Mixin) fabric-rendering-v1.mixins.json:shader.GameRendererMixin from mod fabric-rendering-v1->@Inject::registerShaders(Lnet/minecraft/resource/ResourceFactory;Lorg/spongepowered/asm/mixin/injection/callback/CallbackInfo;Ljava/util/List;Ljava/util/List;)V has 0 override(s) in child classes
[23:47:25] [Render thread/DEBUG] (FabricLoader/Mixin) fabric-rendering-v1.mixins.json:shader.GameRendererMixin from mod fabric-rendering-v1->@Inject::registerShaders(Lnet/minecraft/resource/ResourceFactory;Lorg/spongepowered/asm/mixin/injection/callback/CallbackInfo;Ljava/util/List;Ljava/util/List;)V won't be passed a CallbackInfo as a result
[23:47:25] [Render thread/DEBUG] (FabricLoader/Mixin) fabric-rendering-v1.mixins.json:shader.GameRendererMixin from mod fabric-rendering-v1->@Inject::registerShaders(Lnet/minecraft/resource/ResourceFactory;Lorg/spongepowered/asm/mixin/injection/callback/CallbackInfo;Ljava/util/List;Ljava/util/List;)V doesn't use it's CallbackInfo
[23:47:25] [Render thread/DEBUG] (FabricLoader/Mixin) fabric-rendering-v1.mixins.json:shader.GameRendererMixin from mod fabric-rendering-v1->@Inject::registerShaders(Lnet/minecraft/resource/ResourceFactory;Lorg/spongepowered/asm/mixin/injection/callback/CallbackInfo;Ljava/util/List;Ljava/util/List;)V has 0 override(s) in child classes
[23:47:25] [Render thread/DEBUG] (FabricLoader/Mixin) fabric-rendering-v1.mixins.json:shader.GameRendererMixin from mod fabric-rendering-v1->@Inject::registerShaders(Lnet/minecraft/resource/ResourceFactory;Lorg/spongepowered/asm/mixin/injection/callback/CallbackInfo;Ljava/util/List;Ljava/util/List;)V won't be passed a CallbackInfo as a result
[23:47:25] [Render thread/DEBUG] (FabricLoader/Mixin) fabric-rendering-v1.mixins.json:shader.GameRendererMixin from mod fabric-rendering-v1->@Inject::registerShaders(Lnet/minecraft/resource/ResourceFactory;Lorg/spongepowered/asm/mixin/injection/callback/CallbackInfo;Ljava/util/List;Ljava/util/List;)V doesn't use it's CallbackInfo
[23:47:25] [Render thread/DEBUG] (FabricLoader/Mixin) fabric-rendering-v1.mixins.json:shader.GameRendererMixin from mod fabric-rendering-v1->@Inject::registerShaders(Lnet/minecraft/resource/ResourceFactory;Lorg/spongepowered/asm/mixin/injection/callback/CallbackInfo;Ljava/util/List;Ljava/util/List;)V has 0 override(s) in child classes
[23:47:25] [Render thread/DEBUG] (FabricLoader/Mixin) fabric-rendering-v1.mixins.json:shader.GameRendererMixin from mod fabric-rendering-v1->@Inject::registerShaders(Lnet/minecraft/resource/ResourceFactory;Lorg/spongepowered/asm/mixin/injection/callback/CallbackInfo;Ljava/util/List;Ljava/util/List;)V won't be passed a CallbackInfo as a result
[23:47:25] [Render thread/DEBUG] (FabricLoader/Mixin) fabric-rendering-v1.mixins.json:shader.GameRendererMixin from mod fabric-rendering-v1->@Inject::registerShaders(Lnet/minecraft/resource/ResourceFactory;Lorg/spongepowered/asm/mixin/injection/callback/CallbackInfo;Ljava/util/List;Ljava/util/List;)V doesn't use it's CallbackInfo
[23:47:25] [Render thread/DEBUG] (FabricLoader/Mixin) fabric-rendering-v1.mixins.json:shader.GameRendererMixin from mod fabric-rendering-v1->@Inject::registerShaders(Lnet/minecraft/resource/ResourceFactory;Lorg/spongepowered/asm/mixin/injection/callback/CallbackInfo;Ljava/util/List;Ljava/util/List;)V has 0 override(s) in child classes
[23:47:25] [Render thread/DEBUG] (FabricLoader/Mixin) fabric-rendering-v1.mixins.json:shader.GameRendererMixin from mod fabric-rendering-v1->@Inject::registerShaders(Lnet/minecraft/resource/ResourceFactory;Lorg/spongepowered/asm/mixin/injection/callback/CallbackInfo;Ljava/util/List;Ljava/util/List;)V won't be passed a CallbackInfo as a result
[23:47:25] [Render thread/DEBUG] (FabricLoader/Mixin) fabric-rendering-v1.mixins.json:shader.GameRendererMixin from mod fabric-rendering-v1->@Inject::registerShaders(Lnet/minecraft/resource/ResourceFactory;Lorg/spongepowered/asm/mixin/injection/callback/CallbackInfo;Ljava/util/List;Ljava/util/List;)V doesn't use it's CallbackInfo
[23:47:25] [Render thread/DEBUG] (FabricLoader/Mixin) fabric-rendering-v1.mixins.json:shader.GameRendererMixin from mod fabric-rendering-v1->@Inject::registerShaders(Lnet/minecraft/resource/ResourceFactory;Lorg/spongepowered/asm/mixin/injection/callback/CallbackInfo;Ljava/util/List;Ljava/util/List;)V has 0 override(s) in child classes
[23:47:25] [Render thread/DEBUG] (FabricLoader/Mixin) fabric-rendering-v1.mixins.json:shader.GameRendererMixin from mod fabric-rendering-v1->@Inject::registerShaders(Lnet/minecraft/resource/ResourceFactory;Lorg/spongepowered/asm/mixin/injection/callback/CallbackInfo;Ljava/util/List;Ljava/util/List;)V won't be passed a CallbackInfo as a result
[23:47:25] [Render thread/DEBUG] (FabricLoader/Mixin) fabric-rendering-v1.mixins.json:shader.GameRendererMixin from mod fabric-rendering-v1->@Inject::registerShaders(Lnet/minecraft/resource/ResourceFactory;Lorg/spongepowered/asm/mixin/injection/callback/CallbackInfo;Ljava/util/List;Ljava/util/List;)V doesn't use it's CallbackInfo
[23:47:25] [Render thread/DEBUG] (FabricLoader/Mixin) fabric-rendering-v1.mixins.json:shader.GameRendererMixin from mod fabric-rendering-v1->@Inject::registerShaders(Lnet/minecraft/resource/ResourceFactory;Lorg/spongepowered/asm/mixin/injection/callback/CallbackInfo;Ljava/util/List;Ljava/util/List;)V has 0 override(s) in child classes
[23:47:25] [Render thread/DEBUG] (FabricLoader/Mixin) fabric-rendering-v1.mixins.json:shader.GameRendererMixin from mod fabric-rendering-v1->@Inject::registerShaders(Lnet/minecraft/resource/ResourceFactory;Lorg/spongepowered/asm/mixin/injection/callback/CallbackInfo;Ljava/util/List;Ljava/util/List;)V won't be passed a CallbackInfo as a result
[23:47:25] [Render thread/DEBUG] (FabricLoader/Mixin) fabric-rendering-v1.mixins.json:shader.GameRendererMixin from mod fabric-rendering-v1->@Inject::registerShaders(Lnet/minecraft/resource/ResourceFactory;Lorg/spongepowered/asm/mixin/injection/callback/CallbackInfo;Ljava/util/List;Ljava/util/List;)V doesn't use it's CallbackInfo
[23:47:25] [Render thread/DEBUG] (FabricLoader/Mixin) fabric-rendering-v1.mixins.json:shader.GameRendererMixin from mod fabric-rendering-v1->@Inject::registerShaders(Lnet/minecraft/resource/ResourceFactory;Lorg/spongepowered/asm/mixin/injection/callback/CallbackInfo;Ljava/util/List;Ljava/util/List;)V has 0 override(s) in child classes
[23:47:25] [Render thread/DEBUG] (FabricLoader/Mixin) fabric-rendering-v1.mixins.json:shader.GameRendererMixin from mod fabric-rendering-v1->@Inject::registerShaders(Lnet/minecraft/resource/ResourceFactory;Lorg/spongepowered/asm/mixin/injection/callback/CallbackInfo;Ljava/util/List;Ljava/util/List;)V won't be passed a CallbackInfo as a result
[23:47:25] [Render thread/DEBUG] (FabricLoader/Mixin) fabric-rendering-v1.mixins.json:shader.GameRendererMixin from mod fabric-rendering-v1->@Inject::registerShaders(Lnet/minecraft/resource/ResourceFactory;Lorg/spongepowered/asm/mixin/injection/callback/CallbackInfo;Ljava/util/List;Ljava/util/List;)V doesn't use it's CallbackInfo
[23:47:25] [Render thread/DEBUG] (FabricLoader/Mixin) fabric-rendering-v1.mixins.json:shader.GameRendererMixin from mod fabric-rendering-v1->@Inject::registerShaders(Lnet/minecraft/resource/ResourceFactory;Lorg/spongepowered/asm/mixin/injection/callback/CallbackInfo;Ljava/util/List;Ljava/util/List;)V has 0 override(s) in child classes
[23:47:25] [Render thread/DEBUG] (FabricLoader/Mixin) fabric-rendering-v1.mixins.json:shader.GameRendererMixin from mod fabric-rendering-v1->@Inject::registerShaders(Lnet/minecraft/resource/ResourceFactory;Lorg/spongepowered/asm/mixin/injection/callback/CallbackInfo;Ljava/util/List;Ljava/util/List;)V won't be passed a CallbackInfo as a result
[23:47:25] [Render thread/DEBUG] (FabricLoader/Mixin) fabric-rendering-v1.mixins.json:shader.GameRendererMixin from mod fabric-rendering-v1->@Inject::registerShaders(Lnet/minecraft/resource/ResourceFactory;Lorg/spongepowered/asm/mixin/injection/callback/CallbackInfo;Ljava/util/List;Ljava/util/List;)V doesn't use it's CallbackInfo
[23:47:25] [Render thread/DEBUG] (FabricLoader/Mixin) fabric-rendering-v1.mixins.json:shader.GameRendererMixin from mod fabric-rendering-v1->@Inject::registerShaders(Lnet/minecraft/resource/ResourceFactory;Lorg/spongepowered/asm/mixin/injection/callback/CallbackInfo;Ljava/util/List;Ljava/util/List;)V has 0 override(s) in child classes
[23:47:25] [Render thread/DEBUG] (FabricLoader/Mixin) fabric-rendering-v1.mixins.json:shader.GameRendererMixin from mod fabric-rendering-v1->@Inject::registerShaders(Lnet/minecraft/resource/ResourceFactory;Lorg/spongepowered/asm/mixin/injection/callback/CallbackInfo;Ljava/util/List;Ljava/util/List;)V won't be passed a CallbackInfo as a result
[23:47:25] [Render thread/DEBUG] (FabricLoader/Mixin) fabric-rendering-v1.mixins.json:shader.GameRendererMixin from mod fabric-rendering-v1->@Inject::registerShaders(Lnet/minecraft/resource/ResourceFactory;Lorg/spongepowered/asm/mixin/injection/callback/CallbackInfo;Ljava/util/List;Ljava/util/List;)V doesn't use it's CallbackInfo
[23:47:25] [Render thread/DEBUG] (FabricLoader/Mixin) fabric-rendering-v1.mixins.json:shader.GameRendererMixin from mod fabric-rendering-v1->@Inject::registerShaders(Lnet/minecraft/resource/ResourceFactory;Lorg/spongepowered/asm/mixin/injection/callback/CallbackInfo;Ljava/util/List;Ljava/util/List;)V has 0 override(s) in child classes
[23:47:25] [Render thread/DEBUG] (FabricLoader/Mixin) fabric-rendering-v1.mixins.json:shader.GameRendererMixin from mod fabric-rendering-v1->@Inject::registerShaders(Lnet/minecraft/resource/ResourceFactory;Lorg/spongepowered/asm/mixin/injection/callback/CallbackInfo;Ljava/util/List;Ljava/util/List;)V won't be passed a CallbackInfo as a result
[23:47:25] [Render thread/DEBUG] (FabricLoader/Mixin) Mixing shader.ShaderProgramMixin from fabric-rendering-v1.mixins.json into net.minecraft.client.gl.ShaderProgram
[23:47:25] [Render thread/DEBUG] (FabricLoader/Mixin) fabric-rendering-v1.mixins.json:shader.ShaderProgramMixin from mod fabric-rendering-v1: Class version 61 required is higher than the class version supported by the current version of Mixin (JAVA_16 supports class version 60)
[23:47:25] [Render thread/DEBUG] (FabricLoader/Mixin) Mixing client.SpriteAtlasTextureMixin from fabric-renderer-api-v1.mixins.json into net.minecraft.client.texture.SpriteAtlasTexture
[23:47:25] [Render thread/DEBUG] (FabricLoader/Mixin) fabric-renderer-api-v1.mixins.json:client.SpriteAtlasTextureMixin from mod fabric-renderer-api-v1: Class version 61 required is higher than the class version supported by the current version of Mixin (JAVA_16 supports class version 60)
[23:47:25] [Render thread/DEBUG] (FabricLoader/Mixin) fabric-renderer-api-v1.mixins.json:client.SpriteAtlasTextureMixin from mod fabric-renderer-api-v1->@Inject::uploadHook(Lnet/minecraft/client/texture/SpriteLoader$StitchResult;Lorg/spongepowered/asm/mixin/injection/callback/CallbackInfo;)V doesn't use it's CallbackInfo
[23:47:25] [Render thread/DEBUG] (FabricLoader/Mixin) fabric-renderer-api-v1.mixins.json:client.SpriteAtlasTextureMixin from mod fabric-renderer-api-v1->@Inject::uploadHook(Lnet/minecraft/client/texture/SpriteLoader$StitchResult;Lorg/spongepowered/asm/mixin/injection/callback/CallbackInfo;)V has 0 override(s) in child classes
[23:47:25] [Render thread/DEBUG] (FabricLoader/Mixin) fabric-renderer-api-v1.mixins.json:client.SpriteAtlasTextureMixin from mod fabric-renderer-api-v1->@Inject::uploadHook(Lnet/minecraft/client/texture/SpriteLoader$StitchResult;Lorg/spongepowered/asm/mixin/injection/callback/CallbackInfo;)V won't be passed a CallbackInfo as a result
[23:47:25] [Render thread/DEBUG] (FabricLoader/Mixin) Mixing ItemRendererMixin from fabric-renderer-indigo.mixins.json into net.minecraft.client.render.item.ItemRenderer
[23:47:25] [Render thread/DEBUG] (FabricLoader/Mixin) fabric-renderer-indigo.mixins.json:ItemRendererMixin from mod fabric-renderer-indigo: Class version 61 required is higher than the class version supported by the current version of Mixin (JAVA_16 supports class version 60)
[23:47:25] [Render thread/DEBUG] (FabricLoader/Mixin) Renaming synthetic method lambda$new$0()Lnet/fabricmc/fabric/impl/client/indigo/renderer/render/ItemRenderContext; to md6ed454$fabric-renderer-indigo$lambda$new$0$0 in fabric-renderer-indigo.mixins.json:ItemRendererMixin from mod fabric-renderer-indigo
[23:47:25] [Render thread/DEBUG] (FabricLoader/Mixin) Mixing KeyedResourceReloadListenerClientMixin from fabric-resource-loader-v0.client.mixins.json into net.minecraft.client.render.item.ItemRenderer
[23:47:25] [Render thread/DEBUG] (FabricLoader/Mixin) fabric-resource-loader-v0.client.mixins.json:KeyedResourceReloadListenerClientMixin from mod fabric-resource-loader-v0: Class version 61 required is higher than the class version supported by the current version of Mixin (JAVA_16 supports class version 60)
[23:47:25] [Render thread/DEBUG] (FabricLoader/Mixin) fabric-renderer-indigo.mixins.json:ItemRendererMixin from mod fabric-renderer-indigo->@Inject::hook_renderItem(Lnet/minecraft/item/ItemStack;Lnet/minecraft/client/render/model/json/ModelTransformationMode;ZLnet/minecraft/client/util/math/MatrixStack;Lnet/minecraft/client/render/VertexConsumerProvider;IILnet/minecraft/client/render/model/BakedModel;Lorg/spongepowered/asm/mixin/injection/callback/CallbackInfo;)V does use it's CallbackInfo
[23:47:25] [Render thread/DEBUG] (FabricLoader/Mixin) Mixing ModelPredicateProviderRegistryAccessor from fabric-object-builder-v1.client.mixins.json into net.minecraft.client.item.ModelPredicateProviderRegistry
[23:47:25] [Render thread/DEBUG] (FabricLoader/Mixin) fabric-object-builder-v1.client.mixins.json:ModelPredicateProviderRegistryAccessor from mod fabric-object-builder-api-v1: Class version 61 required is higher than the class version supported by the current version of Mixin (JAVA_16 supports class version 60)
[23:47:25] [Render thread/DEBUG] (FabricLoader/Mixin) Renaming @Invoker method callRegister(Lnet/minecraft/util/Identifier;Lnet/minecraft/client/item/ClampedModelPredicateProvider;)Lnet/minecraft/client/item/ClampedModelPredicateProvider; to callRegister$fabric-object-builder-api-v1_$md$6ed454$0 in fabric-object-builder-v1.client.mixins.json:ModelPredicateProviderRegistryAccessor from mod fabric-object-builder-api-v1
[23:47:25] [Render thread/DEBUG] (FabricLoader/Mixin) Mixing ModelPredicateProviderRegistrySpecificAccessor from fabric-object-builder-v1.client.mixins.json into net.minecraft.client.item.ModelPredicateProviderRegistry
[23:47:25] [Render thread/DEBUG] (FabricLoader/Mixin) fabric-object-builder-v1.client.mixins.json:ModelPredicateProviderRegistrySpecificAccessor from mod fabric-object-builder-api-v1: Class version 61 required is higher than the class version supported by the current version of Mixin (JAVA_16 supports class version 60)
[23:47:25] [Render thread/DEBUG] (FabricLoader/Mixin) Renaming @Invoker method callRegister(Lnet/minecraft/item/Item;Lnet/minecraft/util/Identifier;Lnet/minecraft/client/item/ClampedModelPredicateProvider;)V to callRegister$fabric-object-builder-api-v1_$md$6ed454$1 in fabric-object-builder-v1.client.mixins.json:ModelPredicateProviderRegistrySpecificAccessor from mod fabric-object-builder-api-v1
[23:47:25] [Render thread/DEBUG] (FabricLoader/Mixin) Mixing ClientPlayNetworkHandlerMixin from fabric-message-api-v1.client.mixins.json into net.minecraft.client.network.ClientPlayNetworkHandler
[23:47:25] [Render thread/DEBUG] (FabricLoader/Mixin) Mixing ClientPlayNetworkHandlerMixin from fabric-networking-api-v1.client.mixins.json into net.minecraft.client.network.ClientPlayNetworkHandler
[23:47:25] [Render thread/DEBUG] (FabricLoader/Mixin) fabric-networking-api-v1.client.mixins.json:ClientPlayNetworkHandlerMixin from mod fabric-networking-api-v1: Class version 61 required is higher than the class version supported by the current version of Mixin (JAVA_16 supports class version 60)
[23:47:25] [Render thread/DEBUG] (FabricLoader/Mixin) Mixing ClientPlayNetworkHandlerMixin from fabric-command-api-v2.client.mixins.json into net.minecraft.client.network.ClientPlayNetworkHandler
[23:47:25] [Render thread/DEBUG] (FabricLoader/Mixin) fabric-command-api-v2.client.mixins.json:ClientPlayNetworkHandlerMixin from mod fabric-command-api-v2: Class version 61 required is higher than the class version supported by the current version of Mixin (JAVA_16 supports class version 60)
[23:47:25] [Render thread/DEBUG] (FabricLoader/Mixin) Mixing ClientPlayNetworkHandlerMixin from fabric-lifecycle-events-v1.client.mixins.json into net.minecraft.client.network.ClientPlayNetworkHandler
[23:47:25] [Render thread/DEBUG] (FabricLoader/Mixin) fabric-lifecycle-events-v1.client.mixins.json:ClientPlayNetworkHandlerMixin from mod fabric-lifecycle-events-v1: Class version 61 required is higher than the class version supported by the current version of Mixin (JAVA_16 supports class version 60)
[23:47:25] [Render thread/DEBUG] (FabricLoader/Mixin) Mixing ClientPlayNetworkHandlerMixin from fabric-data-attachment-api-v1.client.mixins.json into net.minecraft.client.network.ClientPlayNetworkHandler
[23:47:25] [Render thread/DEBUG] (FabricLoader/Mixin) fabric-message-api-v1.client.mixins.json:ClientPlayNetworkHandlerMixin from mod fabric-message-api-v1->@Inject::fabric_allowSendChatMessage(Ljava/lang/String;Lorg/spongepowered/asm/mixin/injection/callback/CallbackInfo;)V does use it's CallbackInfo
[23:47:25] [Render thread/DEBUG] (FabricLoader/Mixin) fabric-message-api-v1.client.mixins.json:ClientPlayNetworkHandlerMixin from mod fabric-message-api-v1->@Inject::fabric_allowSendCommandMessage(Ljava/lang/String;Lorg/spongepowered/asm/mixin/injection/callback/CallbackInfo;)V does use it's CallbackInfo
[23:47:25] [Render thread/DEBUG] (FabricLoader/Mixin) fabric-networking-api-v1.client.mixins.json:ClientPlayNetworkHandlerMixin from mod fabric-networking-api-v1->@Inject::initAddon(Lorg/spongepowered/asm/mixin/injection/callback/CallbackInfo;)V doesn't use it's CallbackInfo
[23:47:25] [Render thread/DEBUG] (FabricLoader/Mixin) fabric-networking-api-v1.client.mixins.json:ClientPlayNetworkHandlerMixin from mod fabric-networking-api-v1->@Inject::initAddon(Lorg/spongepowered/asm/mixin/injection/callback/CallbackInfo;)V has 0 override(s) in child classes
[23:47:25] [Render thread/DEBUG] (FabricLoader/Mixin) fabric-networking-api-v1.client.mixins.json:ClientPlayNetworkHandlerMixin from mod fabric-networking-api-v1->@Inject::initAddon(Lorg/spongepowered/asm/mixin/injection/callback/CallbackInfo;)V won't be passed a CallbackInfo as a result
[23:47:25] [Render thread/DEBUG] (FabricLoader/Mixin) fabric-networking-api-v1.client.mixins.json:ClientPlayNetworkHandlerMixin from mod fabric-networking-api-v1->@Inject::handleServerPlayReady(Lnet/minecraft/network/packet/s2c/play/GameJoinS2CPacket;Lorg/spongepowered/asm/mixin/injection/callback/CallbackInfo;)V doesn't use it's CallbackInfo
[23:47:25] [Render thread/DEBUG] (FabricLoader/Mixin) fabric-networking-api-v1.client.mixins.json:ClientPlayNetworkHandlerMixin from mod fabric-networking-api-v1->@Inject::handleServerPlayReady(Lnet/minecraft/network/packet/s2c/play/GameJoinS2CPacket;Lorg/spongepowered/asm/mixin/injection/callback/CallbackInfo;)V has 0 override(s) in child classes
[23:47:25] [Render thread/DEBUG] (FabricLoader/Mixin) fabric-networking-api-v1.client.mixins.json:ClientPlayNetworkHandlerMixin from mod fabric-networking-api-v1->@Inject::handleServerPlayReady(Lnet/minecraft/network/packet/s2c/play/GameJoinS2CPacket;Lorg/spongepowered/asm/mixin/injection/callback/CallbackInfo;)V won't be passed a CallbackInfo as a result
[23:47:25] [Render thread/DEBUG] (FabricLoader/Mixin) fabric-networking-api-v1.client.mixins.json:ClientPlayNetworkHandlerMixin from mod fabric-networking-api-v1->@Inject::handleCustomPayload(Lnet/minecraft/network/packet/s2c/play/CustomPayloadS2CPacket;Lorg/spongepowered/asm/mixin/injection/callback/CallbackInfo;)V does use it's CallbackInfo
[23:47:25] [Render thread/DEBUG] (FabricLoader/Mixin) fabric-networking-api-v1.client.mixins.json:ClientPlayNetworkHandlerMixin from mod fabric-networking-api-v1->@Inject::handleDisconnection(Lnet/minecraft/text/Text;Lorg/spongepowered/asm/mixin/injection/callback/CallbackInfo;)V doesn't use it's CallbackInfo
[23:47:25] [Render thread/DEBUG] (FabricLoader/Mixin) fabric-networking-api-v1.client.mixins.json:ClientPlayNetworkHandlerMixin from mod fabric-networking-api-v1->@Inject::handleDisconnection(Lnet/minecraft/text/Text;Lorg/spongepowered/asm/mixin/injection/callback/CallbackInfo;)V has 0 override(s) in child classes
[23:47:25] [Render thread/DEBUG] (FabricLoader/Mixin) fabric-networking-api-v1.client.mixins.json:ClientPlayNetworkHandlerMixin from mod fabric-networking-api-v1->@Inject::handleDisconnection(Lnet/minecraft/text/Text;Lorg/spongepowered/asm/mixin/injection/callback/CallbackInfo;)V won't be passed a CallbackInfo as a result
[23:47:25] [Render thread/DEBUG] (FabricLoader/Mixin) fabric-command-api-v2.client.mixins.json:ClientPlayNetworkHandlerMixin from mod fabric-command-api-v2->@Inject::onGameJoin(Lnet/minecraft/network/packet/s2c/play/GameJoinS2CPacket;Lorg/spongepowered/asm/mixin/injection/callback/CallbackInfo;)V doesn't use it's CallbackInfo
[23:47:25] [Render thread/DEBUG] (FabricLoader/Mixin) fabric-command-api-v2.client.mixins.json:ClientPlayNetworkHandlerMixin from mod fabric-command-api-v2->@Inject::onGameJoin(Lnet/minecraft/network/packet/s2c/play/GameJoinS2CPacket;Lorg/spongepowered/asm/mixin/injection/callback/CallbackInfo;)V has 0 override(s) in child classes
[23:47:25] [Render thread/DEBUG] (FabricLoader/Mixin) fabric-command-api-v2.client.mixins.json:ClientPlayNetworkHandlerMixin from mod fabric-command-api-v2->@Inject::onGameJoin(Lnet/minecraft/network/packet/s2c/play/GameJoinS2CPacket;Lorg/spongepowered/asm/mixin/injection/callback/CallbackInfo;)V won't be passed a CallbackInfo as a result
[23:47:25] [Render thread/DEBUG] (FabricLoader/Mixin) fabric-command-api-v2.client.mixins.json:ClientPlayNetworkHandlerMixin from mod fabric-command-api-v2->@Inject::onOnCommandTree(Lnet/minecraft/network/packet/s2c/play/CommandTreeS2CPacket;Lorg/spongepowered/asm/mixin/injection/callback/CallbackInfo;)V doesn't use it's CallbackInfo
[23:47:25] [Render thread/DEBUG] (FabricLoader/Mixin) fabric-command-api-v2.client.mixins.json:ClientPlayNetworkHandlerMixin from mod fabric-command-api-v2->@Inject::onOnCommandTree(Lnet/minecraft/network/packet/s2c/play/CommandTreeS2CPacket;Lorg/spongepowered/asm/mixin/injection/callback/CallbackInfo;)V has 0 override(s) in child classes
[23:47:25] [Render thread/DEBUG] (FabricLoader/Mixin) fabric-command-api-v2.client.mixins.json:ClientPlayNetworkHandlerMixin from mod fabric-command-api-v2->@Inject::onOnCommandTree(Lnet/minecraft/network/packet/s2c/play/CommandTreeS2CPacket;Lorg/spongepowered/asm/mixin/injection/callback/CallbackInfo;)V won't be passed a CallbackInfo as a result
[23:47:25] [Render thread/DEBUG] (FabricLoader/Mixin) fabric-command-api-v2.client.mixins.json:ClientPlayNetworkHandlerMixin from mod fabric-command-api-v2->@Inject::onSendCommand(Ljava/lang/String;Lorg/spongepowered/asm/mixin/injection/callback/CallbackInfoReturnable;)V does use it's CallbackInfoReturnable
[23:47:25] [Render thread/DEBUG] (FabricLoader/Mixin) fabric-command-api-v2.client.mixins.json:ClientPlayNetworkHandlerMixin from mod fabric-command-api-v2->@Inject::onSendCommand(Ljava/lang/String;Lorg/spongepowered/asm/mixin/injection/callback/CallbackInfo;)V does use it's CallbackInfo
[23:47:25] [Render thread/DEBUG] (FabricLoader/Mixin) fabric-lifecycle-events-v1.client.mixins.json:ClientPlayNetworkHandlerMixin from mod fabric-lifecycle-events-v1->@Inject::onPlayerRespawn(Lnet/minecraft/network/packet/s2c/play/PlayerRespawnS2CPacket;Lorg/spongepowered/asm/mixin/injection/callback/CallbackInfo;)V doesn't use it's CallbackInfo
[23:47:25] [Render thread/DEBUG] (FabricLoader/Mixin) fabric-lifecycle-events-v1.client.mixins.json:ClientPlayNetworkHandlerMixin from mod fabric-lifecycle-events-v1->@Inject::onPlayerRespawn(Lnet/minecraft/network/packet/s2c/play/PlayerRespawnS2CPacket;Lorg/spongepowered/asm/mixin/injection/callback/CallbackInfo;)V has 0 override(s) in child classes
[23:47:25] [Render thread/DEBUG] (FabricLoader/Mixin) fabric-lifecycle-events-v1.client.mixins.json:ClientPlayNetworkHandlerMixin from mod fabric-lifecycle-events-v1->@Inject::onPlayerRespawn(Lnet/minecraft/network/packet/s2c/play/PlayerRespawnS2CPacket;Lorg/spongepowered/asm/mixin/injection/callback/CallbackInfo;)V won't be passed a CallbackInfo as a result
[23:47:25] [Render thread/DEBUG] (FabricLoader/Mixin) fabric-lifecycle-events-v1.client.mixins.json:ClientPlayNetworkHandlerMixin from mod fabric-lifecycle-events-v1->@Inject::onGameJoin(Lnet/minecraft/network/packet/s2c/play/GameJoinS2CPacket;Lorg/spongepowered/asm/mixin/injection/callback/CallbackInfo;)V doesn't use it's CallbackInfo
[23:47:25] [Render thread/DEBUG] (FabricLoader/Mixin) fabric-lifecycle-events-v1.client.mixins.json:ClientPlayNetworkHandlerMixin from mod fabric-lifecycle-events-v1->@Inject::onGameJoin(Lnet/minecraft/network/packet/s2c/play/GameJoinS2CPacket;Lorg/spongepowered/asm/mixin/injection/callback/CallbackInfo;)V has 0 override(s) in child classes
[23:47:25] [Render thread/DEBUG] (FabricLoader/Mixin) fabric-lifecycle-events-v1.client.mixins.json:ClientPlayNetworkHandlerMixin from mod fabric-lifecycle-events-v1->@Inject::onGameJoin(Lnet/minecraft/network/packet/s2c/play/GameJoinS2CPacket;Lorg/spongepowered/asm/mixin/injection/callback/CallbackInfo;)V won't be passed a CallbackInfo as a result
[23:47:25] [Render thread/DEBUG] (FabricLoader/Mixin) fabric-lifecycle-events-v1.client.mixins.json:ClientPlayNetworkHandlerMixin from mod fabric-lifecycle-events-v1->@Inject::onClearWorld(Lorg/spongepowered/asm/mixin/injection/callback/CallbackInfo;)V doesn't use it's CallbackInfo
[23:47:25] [Render thread/DEBUG] (FabricLoader/Mixin) fabric-lifecycle-events-v1.client.mixins.json:ClientPlayNetworkHandlerMixin from mod fabric-lifecycle-events-v1->@Inject::onClearWorld(Lorg/spongepowered/asm/mixin/injection/callback/CallbackInfo;)V has 0 override(s) in child classes
[23:47:25] [Render thread/DEBUG] (FabricLoader/Mixin) fabric-lifecycle-events-v1.client.mixins.json:ClientPlayNetworkHandlerMixin from mod fabric-lifecycle-events-v1->@Inject::onClearWorld(Lorg/spongepowered/asm/mixin/injection/callback/CallbackInfo;)V won't be passed a CallbackInfo as a result
[23:47:25] [Render thread/DEBUG] (FabricLoader/Mixin) fabric-lifecycle-events-v1.client.mixins.json:ClientPlayNetworkHandlerMixin from mod fabric-lifecycle-events-v1->@Inject::hookOnSynchronizeTags(Lnet/minecraft/network/packet/s2c/play/SynchronizeTagsS2CPacket;Lorg/spongepowered/asm/mixin/injection/callback/CallbackInfo;)V doesn't use it's CallbackInfo
[23:47:25] [Render thread/DEBUG] (FabricLoader/Mixin) fabric-lifecycle-events-v1.client.mixins.json:ClientPlayNetworkHandlerMixin from mod fabric-lifecycle-events-v1->@Inject::hookOnSynchronizeTags(Lnet/minecraft/network/packet/s2c/play/SynchronizeTagsS2CPacket;Lorg/spongepowered/asm/mixin/injection/callback/CallbackInfo;)V has 0 override(s) in child classes
[23:47:25] [Render thread/DEBUG] (FabricLoader/Mixin) fabric-lifecycle-events-v1.client.mixins.json:ClientPlayNetworkHandlerMixin from mod fabric-lifecycle-events-v1->@Inject::hookOnSynchronizeTags(Lnet/minecraft/network/packet/s2c/play/SynchronizeTagsS2CPacket;Lorg/spongepowered/asm/mixin/injection/callback/CallbackInfo;)V won't be passed a CallbackInfo as a result
[23:47:26] [Render thread/DEBUG] (FabricLoader/Mixin) Mixing accessor.ClientLoginNetworkHandlerAccessor from fabric-networking-api-v1.client.mixins.json into net.minecraft.client.network.ClientLoginNetworkHandler
[23:47:26] [Render thread/DEBUG] (FabricLoader/Mixin) fabric-networking-api-v1.client.mixins.json:accessor.ClientLoginNetworkHandlerAccessor from mod fabric-networking-api-v1: Class version 61 required is higher than the class version supported by the current version of Mixin (JAVA_16 supports class version 60)
[23:47:26] [Render thread/DEBUG] (FabricLoader/Mixin) Mixing ClientLoginNetworkHandlerMixin from fabric-networking-api-v1.client.mixins.json into net.minecraft.client.network.ClientLoginNetworkHandler
[23:47:26] [Render thread/DEBUG] (FabricLoader/Mixin) fabric-networking-api-v1.client.mixins.json:ClientLoginNetworkHandlerMixin from mod fabric-networking-api-v1: Class version 61 required is higher than the class version supported by the current version of Mixin (JAVA_16 supports class version 60)
[23:47:26] [Render thread/DEBUG] (FabricLoader/Mixin) fabric-networking-api-v1.client.mixins.json:ClientLoginNetworkHandlerMixin from mod fabric-networking-api-v1->@Inject::initAddon(Lorg/spongepowered/asm/mixin/injection/callback/CallbackInfo;)V doesn't use it's CallbackInfo
[23:47:26] [Render thread/DEBUG] (FabricLoader/Mixin) fabric-networking-api-v1.client.mixins.json:ClientLoginNetworkHandlerMixin from mod fabric-networking-api-v1->@Inject::initAddon(Lorg/spongepowered/asm/mixin/injection/callback/CallbackInfo;)V has 0 override(s) in child classes
[23:47:26] [Render thread/DEBUG] (FabricLoader/Mixin) fabric-networking-api-v1.client.mixins.json:ClientLoginNetworkHandlerMixin from mod fabric-networking-api-v1->@Inject::initAddon(Lorg/spongepowered/asm/mixin/injection/callback/CallbackInfo;)V won't be passed a CallbackInfo as a result
[23:47:26] [Render thread/DEBUG] (FabricLoader/Mixin) fabric-networking-api-v1.client.mixins.json:ClientLoginNetworkHandlerMixin from mod fabric-networking-api-v1->@Inject::handleQueryRequest(Lnet/minecraft/network/packet/s2c/login/LoginQueryRequestS2CPacket;Lorg/spongepowered/asm/mixin/injection/callback/CallbackInfo;)V does use it's CallbackInfo
[23:47:26] [Render thread/DEBUG] (FabricLoader/Mixin) fabric-networking-api-v1.client.mixins.json:ClientLoginNetworkHandlerMixin from mod fabric-networking-api-v1->@Inject::invokeLoginDisconnectEvent(Lnet/minecraft/text/Text;Lorg/spongepowered/asm/mixin/injection/callback/CallbackInfo;)V doesn't use it's CallbackInfo
[23:47:26] [Render thread/DEBUG] (FabricLoader/Mixin) fabric-networking-api-v1.client.mixins.json:ClientLoginNetworkHandlerMixin from mod fabric-networking-api-v1->@Inject::invokeLoginDisconnectEvent(Lnet/minecraft/text/Text;Lorg/spongepowered/asm/mixin/injection/callback/CallbackInfo;)V has 0 override(s) in child classes
[23:47:26] [Render thread/DEBUG] (FabricLoader/Mixin) fabric-networking-api-v1.client.mixins.json:ClientLoginNetworkHandlerMixin from mod fabric-networking-api-v1->@Inject::invokeLoginDisconnectEvent(Lnet/minecraft/text/Text;Lorg/spongepowered/asm/mixin/injection/callback/CallbackInfo;)V won't be passed a CallbackInfo as a result
[23:47:26] [Render thread/DEBUG] (FabricLoader/Mixin) fabric-networking-api-v1.client.mixins.json:ClientLoginNetworkHandlerMixin from mod fabric-networking-api-v1->@Inject::handlePlayTransition(Lorg/spongepowered/asm/mixin/injection/callback/CallbackInfo;)V doesn't use it's CallbackInfo
[23:47:26] [Render thread/DEBUG] (FabricLoader/Mixin) fabric-networking-api-v1.client.mixins.json:ClientLoginNetworkHandlerMixin from mod fabric-networking-api-v1->@Inject::handlePlayTransition(Lorg/spongepowered/asm/mixin/injection/callback/CallbackInfo;)V has 0 override(s) in child classes
[23:47:26] [Render thread/DEBUG] (FabricLoader/Mixin) fabric-networking-api-v1.client.mixins.json:ClientLoginNetworkHandlerMixin from mod fabric-networking-api-v1->@Inject::handlePlayTransition(Lorg/spongepowered/asm/mixin/injection/callback/CallbackInfo;)V won't be passed a CallbackInfo as a result
[23:47:26] [Render thread/DEBUG] (FabricLoader/Mixin) Mixing ClientConnectionMixin from fabric-networking-api-v1.mixins.json into net.minecraft.network.ClientConnection
[23:47:26] [Render thread/DEBUG] (FabricLoader/Mixin) fabric-networking-api-v1.mixins.json:ClientConnectionMixin from mod fabric-networking-api-v1: Class version 61 required is higher than the class version supported by the current version of Mixin (JAVA_16 supports class version 60)
[23:47:26] [Render thread/DEBUG] (FabricLoader/Mixin) fabric-networking-api-v1.mixins.json:ClientConnectionMixin from mod fabric-networking-api-v1->@Inject::initAddedFields(Lnet/minecraft/network/NetworkSide;Lorg/spongepowered/asm/mixin/injection/callback/CallbackInfo;)V doesn't use it's CallbackInfo
[23:47:26] [Render thread/DEBUG] (FabricLoader/Mixin) fabric-networking-api-v1.mixins.json:ClientConnectionMixin from mod fabric-networking-api-v1->@Inject::initAddedFields(Lnet/minecraft/network/NetworkSide;Lorg/spongepowered/asm/mixin/injection/callback/CallbackInfo;)V has 0 override(s) in child classes
[23:47:26] [Render thread/DEBUG] (FabricLoader/Mixin) fabric-networking-api-v1.mixins.json:ClientConnectionMixin from mod fabric-networking-api-v1->@Inject::initAddedFields(Lnet/minecraft/network/NetworkSide;Lorg/spongepowered/asm/mixin/injection/callback/CallbackInfo;)V won't be passed a CallbackInfo as a result
[23:47:26] [Render thread/DEBUG] (FabricLoader/Mixin) fabric-networking-api-v1.mixins.json:ClientConnectionMixin from mod fabric-networking-api-v1->@Inject::checkPacket(Lnet/minecraft/network/packet/Packet;Lnet/minecraft/network/PacketCallbacks;Lorg/spongepowered/asm/mixin/injection/callback/CallbackInfo;)V doesn't use it's CallbackInfo
[23:47:26] [Render thread/DEBUG] (FabricLoader/Mixin) fabric-networking-api-v1.mixins.json:ClientConnectionMixin from mod fabric-networking-api-v1->@Inject::checkPacket(Lnet/minecraft/network/packet/Packet;Lnet/minecraft/network/PacketCallbacks;Lorg/spongepowered/asm/mixin/injection/callback/CallbackInfo;)V has 0 override(s) in child classes
[23:47:26] [Render thread/DEBUG] (FabricLoader/Mixin) fabric-networking-api-v1.mixins.json:ClientConnectionMixin from mod fabric-networking-api-v1->@Inject::checkPacket(Lnet/minecraft/network/packet/Packet;Lnet/minecraft/network/PacketCallbacks;Lorg/spongepowered/asm/mixin/injection/callback/CallbackInfo;)V won't be passed a CallbackInfo as a result
[23:47:26] [Render thread/DEBUG] (FabricLoader/Mixin) fabric-networking-api-v1.mixins.json:ClientConnectionMixin from mod fabric-networking-api-v1->@Inject::checkPacket(Lnet/minecraft/network/packet/Packet;Lnet/minecraft/network/PacketCallbacks;Lorg/spongepowered/asm/mixin/injection/callback/CallbackInfo;)V doesn't use it's CallbackInfo
[23:47:26] [Render thread/DEBUG] (FabricLoader/Mixin) fabric-networking-api-v1.mixins.json:ClientConnectionMixin from mod fabric-networking-api-v1->@Inject::checkPacket(Lnet/minecraft/network/packet/Packet;Lnet/minecraft/network/PacketCallbacks;Lorg/spongepowered/asm/mixin/injection/callback/CallbackInfo;)V has 0 override(s) in child classes
[23:47:26] [Render thread/DEBUG] (FabricLoader/Mixin) fabric-networking-api-v1.mixins.json:ClientConnectionMixin from mod fabric-networking-api-v1->@Inject::checkPacket(Lnet/minecraft/network/packet/Packet;Lnet/minecraft/network/PacketCallbacks;Lorg/spongepowered/asm/mixin/injection/callback/CallbackInfo;)V won't be passed a CallbackInfo as a result
[23:47:26] [Render thread/DEBUG] (FabricLoader/Mixin) fabric-networking-api-v1.mixins.json:ClientConnectionMixin from mod fabric-networking-api-v1->@Inject::handleDisconnect(Lio/netty/channel/ChannelHandlerContext;Lorg/spongepowered/asm/mixin/injection/callback/CallbackInfo;)V doesn't use it's CallbackInfo
[23:47:26] [Render thread/DEBUG] (FabricLoader/Mixin) fabric-networking-api-v1.mixins.json:ClientConnectionMixin from mod fabric-networking-api-v1->@Inject::handleDisconnect(Lio/netty/channel/ChannelHandlerContext;Lorg/spongepowered/asm/mixin/injection/callback/CallbackInfo;)V has 0 override(s) in child classes
[23:47:26] [Render thread/DEBUG] (FabricLoader/Mixin) fabric-networking-api-v1.mixins.json:ClientConnectionMixin from mod fabric-networking-api-v1->@Inject::handleDisconnect(Lio/netty/channel/ChannelHandlerContext;Lorg/spongepowered/asm/mixin/injection/callback/CallbackInfo;)V won't be passed a CallbackInfo as a result
[23:47:26] [Render thread/DEBUG] (FabricLoader/Mixin) fabric-networking-api-v1.mixins.json:ClientConnectionMixin from mod fabric-networking-api-v1->@Inject::sendInternal(Lnet/minecraft/network/packet/Packet;Lnet/minecraft/network/PacketCallbacks;Lnet/minecraft/network/NetworkState;Lnet/minecraft/network/NetworkState;Lorg/spongepowered/asm/mixin/injection/callback/CallbackInfo;Lio/netty/channel/ChannelFuture;)V does use it's CallbackInfo
[23:47:26] [Worker-Main-1/INFO] (Mod Menu/Update Checker) Checking mod updates...
[23:47:26] [Worker-Main-1/DEBUG] (Mod Menu/Update Checker) Hash for fabric-renderer-api-v1 is 139fd9080bf230aab1413eedf483032530ef1dd4f59df7b9611f92549b1c2c6c5f5187d1708890dbc434ebe9105b581263cbe5d40fb6392a8ac4913460423f7b
[23:47:26] [Worker-Main-1/DEBUG] (Mod Menu/Update Checker) Hash for fabric-keybindings-v0 is 2aca9e98593b96b6c3f779c7bea53baa04915b0cb246806f844940acf52ad295460b8023fc44d8096274367d3bfa9760ded91edbe1b0646cddc1a1467c5781d7
[23:47:26] [Worker-Main-1/DEBUG] (Mod Menu/Update Checker) Hash for fabric-transfer-api-v1 is 39691eb9b86aa9bbea89a8a11842a9affe67647b00153e6ebd9e23bef68e3efbbbc61dc01c5354f7c5544b8c4b9e63e46c7307bf6c11b8c0cbcb7fd93a8c0f30
[23:47:26] [Worker-Main-1/DEBUG] (Mod Menu/Update Checker) Hash for fabric-mining-level-api-v1 is 0450175fa83689013aa80a4c69275dd6469048bd8909522752b12f868030405dc6d2ab56b1c7b6502161869b967483f783cec36bee59f5e1094da41cb94e710a
[23:47:26] [Worker-Main-1/DEBUG] (Mod Menu/Update Checker) Hash for fabric-containers-v0 is c01e791b9d50b92b6223e31c3385a8173d3b2fc785a109636ae8959ebc335232a209573d3d5bc575840ad7fe183a124768e4e69e45960fc97b1c94d19127c6d5
[23:47:26] [Worker-Main-1/DEBUG] (Mod Menu/Update Checker) Hash for fabric-dimensions-v1 is b7eacbce2e92cc1fc3b3a004bf8cc426d3c8b110fc92420d40d3ca5052dcadc647194de93d4b54afedf5f65a41b1ae3e667440577d4a0f1e689b3494d97bee40
[23:47:26] [Worker-Main-1/DEBUG] (Mod Menu/Update Checker) Hash for fabric-object-builder-api-v1 is b9342dbafc15cbaad3a9e857955bbe6db8434280155c30776061dc8bd29e6311d139979be4aeeab01bbc3d708b665489e0ffc727b5dfd79f30485038fb228440
[23:47:26] [Worker-Main-1/DEBUG] (Mod Menu/Update Checker) Hash for fabric-game-rule-api-v1 is ea6a7eecf8a3c6aa7a18b9a90921c4186a3419192bd11920e56c7281433bcf34456ea562baeea0ed211204d086bd4b3b891cccb85e19812c9959ef8a31a0a8ad
[23:47:26] [Worker-Main-1/DEBUG] (Mod Menu/Update Checker) Hash for fabric-api-base is 200d07ac3b2dc0e4e8cf8c0d2e2e192935df438d68285fa590b677d5e6a5a5aaac5568a6ceb3671cebe24b6593e5a3ba02b0bb0abe6c49585406b940966a4eb0
[23:47:26] [Worker-Main-1/DEBUG] (Mod Menu/Update Checker) Hash for fabric-resource-conditions-api-v1 is 4f9b7bf91bae8d45066c1d114d80eaf5105b1d6ed41428db1be4863bb5c80efed2051134e1e9f91e16f66b8dc6315deb658cfd91d97b3dcd8f0ae0be4d14c984
[23:47:26] [Worker-Main-1/DEBUG] (Mod Menu/Update Checker) Hash for fabric-sound-api-v1 is 0e4345bcd67b0c09fcf784b74d76aa11ad997c5db5a05570918066de484a3c9bdd094d54acf5c049c49ae95c94ad1eed0d45f51735bbc49e5cfa87c12321023d
[23:47:26] [Worker-Main-1/DEBUG] (Mod Menu/Update Checker) Hash for fabric-rendering-data-attachment-v1 is cc145ad65db69df20149c5b3a1f35015da2e9188d0f701a3a37291faca95354086445625f2428de9c65c74d0c7f34943b8180d8e07130ba9e5726aa8e714bf5c
[23:47:26] [Worker-Main-1/DEBUG] (Mod Menu/Update Checker) Hash for fabric-model-loading-api-v1 is 2e97d3fbf5d40e096073dca4ce7bc9a55f372f958c0b20d86834bf163d7ab3dd7709adf94f98f360ca69c3b0a2aa49a8379ecaa88c31422df678e550fd31cabc
[23:47:26] [Worker-Main-1/DEBUG] (Mod Menu/Update Checker) Hash for mixinextras is 31b929374c2526ebb532185cd54b752c0a5ca7f56a48c99ed6a73f598a4155c9db88ab4c8ea5904fa2e2f78310424393238b2db6cd435c0f3ad87d1391ea3320
[23:47:26] [Worker-Main-1/DEBUG] (Mod Menu/Update Checker) Hash for fabric-data-attachment-api-v1 is d082c5275333aa2676c4f65dddfdad31e2a312ac84ae2cfaea3fe01435e0422844bef568055be0da03fbaaafdb406a466fea48dcc3d5cf1d9e4aeef6a23a5fb8
[23:47:26] [Worker-Main-1/DEBUG] (Mod Menu/Update Checker) Hash for fabric-rendering-fluids-v1 is 171893a5d7f50db3cc650e6cca445301a9e38fc54480e81b9f84be2a8ccbe980704f005ecc7aec2cb535881c8ffc752c34ef8d508bfcb6e301c5a9ac19138c4a
[23:47:26] [Render thread/DEBUG] (FabricLoader/Mixin) Mixing GameOptionsMixin from fabric-resource-loader-v0.client.mixins.json into net.minecraft.client.option.GameOptions
[23:47:26] [Worker-Main-1/DEBUG] (Mod Menu/Update Checker) Hash for fabric-blockrenderlayer-v1 is da05c56e38acd136fec23d0a197da7312eb8dd2a85e509942ed99cd0f4f40a62007d04af1510490d221ee1f41537e39a50edd85d6a9256908d025293f4f7c0e7
[23:47:26] [Render thread/DEBUG] (FabricLoader/Mixin) fabric-resource-loader-v0.client.mixins.json:GameOptionsMixin from mod fabric-resource-loader-v0: Class version 61 required is higher than the class version supported by the current version of Mixin (JAVA_16 supports class version 60)
[23:47:26] [Render thread/DEBUG] (FabricLoader/Mixin) Mixing GameOptionsMixin from fabric-key-binding-api-v1.mixins.json into net.minecraft.client.option.GameOptions
[23:47:26] [Worker-Main-1/DEBUG] (Mod Menu/Update Checker) Hash for fabric-lifecycle-events-v1 is ad8cadfb7d3cfc2aedd88b3d5f1ad808ec4ec1f9a0f24b0cfbce3402e77fa6ab8779c41e20933f9bef471ca74c980bc54baf9f7adaea2e2eb010c96a66420e1b
[23:47:26] [Render thread/DEBUG] (FabricLoader/Mixin) fabric-key-binding-api-v1.mixins.json:GameOptionsMixin from mod fabric-key-binding-api-v1: Class version 61 required is higher than the class version supported by the current version of Mixin (JAVA_16 supports class version 60)
[23:47:26] [Worker-Main-1/DEBUG] (Mod Menu/Update Checker) Hash for fabric-renderer-registries-v1 is f8b78340c8d9f663b98e93fda5ddda2a0d1720e3f514ea3833cf5791a0dc278830cf873fade103f5aaea6a2ce57976e89d02d84abd15fca347c4772686a088e8
[23:47:26] [Worker-Main-1/DEBUG] (Mod Menu/Update Checker) Hash for fabric-loot-tables-v1 is 3af1249056673ba6558ba73e038eee70a771466c5a1168a9f2f5f7477748f6c13bd74030134d96b76fa0db9923d965181695649be83086b0c104530fae8c18c8
[23:47:26] [Worker-Main-1/DEBUG] (Mod Menu/Update Checker) Hash for fabric-particles-v1 is c50f519bda15cf54221c9b703484ff075c269d740723c49fc4728084062bfd5ae45ade0505f3bcca8f0e8806220e20df492b510364523a1d4643c4c59dd40109
[23:47:26] [Worker-Main-1/DEBUG] (Mod Menu/Update Checker) Hash for fabric-data-generation-api-v1 is a3dcc1577020c6053bd50c2c958ba5ee440851e9ecfd34517cb8016801a5dd09c64ac8f08ee962ac62e45422ae16db29c1fc249640ccb06a2f5dde27bb66ae52
[23:47:26] [Worker-Main-1/DEBUG] (Mod Menu/Update Checker) Hash for fabric-networking-v0 is e8c587068333af5d975e4cc011f5c3d693e66012c56c300db375b805de79b88f26fa60a9b45a36b94dd39a4a36b303ce2f5fdd9950337ca31000548c65685b79
[23:47:26] [Worker-Main-1/DEBUG] (Mod Menu/Update Checker) Hash for fabric-api-lookup-api-v1 is 6230c232bce38ff772aad159edb5153f266afb253dc4730b7c647f7ba0e6d937171d23986506d1d2e38a2362a711d565b2c419b1429a4e1c144034e839cadc02
[23:47:26] [Worker-Main-1/DEBUG] (Mod Menu/Update Checker) Hash for fabric-screen-handler-api-v1 is 0a2cb9e710a09f12a6b5fecef1f83be5d41a616d905b4239b84aa968b7450627b67359241c4014e3e53f63561d0a13307461a574759eda68da333b160780d675
[23:47:26] [Worker-Main-1/DEBUG] (Mod Menu/Update Checker) Hash for fabric-command-api-v2 is abe408e4b3bdb9cf0899928ad3c1a8f38c77c9dc6bcce2edfcd9fc98a7529f2b2014ee5f8d32c0b82bb0655d3075066e370e4feb677dea47bfd3d495889e7843
[23:47:26] [Render thread/DEBUG] (FabricLoader/Mixin) fabric-resource-loader-v0.client.mixins.json:GameOptionsMixin from mod fabric-resource-loader-v0->@Inject::onLoad(Lorg/spongepowered/asm/mixin/injection/callback/CallbackInfo;)V doesn't use it's CallbackInfo
[23:47:26] [Render thread/DEBUG] (FabricLoader/Mixin) fabric-resource-loader-v0.client.mixins.json:GameOptionsMixin from mod fabric-resource-loader-v0->@Inject::onLoad(Lorg/spongepowered/asm/mixin/injection/callback/CallbackInfo;)V has 0 override(s) in child classes
[23:47:26] [Render thread/DEBUG] (FabricLoader/Mixin) fabric-resource-loader-v0.client.mixins.json:GameOptionsMixin from mod fabric-resource-loader-v0->@Inject::onLoad(Lorg/spongepowered/asm/mixin/injection/callback/CallbackInfo;)V won't be passed a CallbackInfo as a result
[23:47:26] [Render thread/DEBUG] (FabricLoader/Mixin) fabric-resource-loader-v0.client.mixins.json:GameOptionsMixin from mod fabric-resource-loader-v0->@Inject::onLoad(Lorg/spongepowered/asm/mixin/injection/callback/CallbackInfo;)V doesn't use it's CallbackInfo
[23:47:26] [Render thread/DEBUG] (FabricLoader/Mixin) fabric-resource-loader-v0.client.mixins.json:GameOptionsMixin from mod fabric-resource-loader-v0->@Inject::onLoad(Lorg/spongepowered/asm/mixin/injection/callback/CallbackInfo;)V has 0 override(s) in child classes
[23:47:26] [Render thread/DEBUG] (FabricLoader/Mixin) fabric-resource-loader-v0.client.mixins.json:GameOptionsMixin from mod fabric-resource-loader-v0->@Inject::onLoad(Lorg/spongepowered/asm/mixin/injection/callback/CallbackInfo;)V won't be passed a CallbackInfo as a result
[23:47:26] [Render thread/DEBUG] (FabricLoader/Mixin) fabric-key-binding-api-v1.mixins.json:GameOptionsMixin from mod fabric-key-binding-api-v1->@Inject::loadHook(Lorg/spongepowered/asm/mixin/injection/callback/CallbackInfo;)V doesn't use it's CallbackInfo
[23:47:26] [Render thread/DEBUG] (FabricLoader/Mixin) fabric-key-binding-api-v1.mixins.json:GameOptionsMixin from mod fabric-key-binding-api-v1->@Inject::loadHook(Lorg/spongepowered/asm/mixin/injection/callback/CallbackInfo;)V has 0 override(s) in child classes
[23:47:26] [Render thread/DEBUG] (FabricLoader/Mixin) fabric-key-binding-api-v1.mixins.json:GameOptionsMixin from mod fabric-key-binding-api-v1->@Inject::loadHook(Lorg/spongepowered/asm/mixin/injection/callback/CallbackInfo;)V won't be passed a CallbackInfo as a result
[23:47:26] [Worker-Main-1/DEBUG] (Mod Menu/Update Checker) Hash for modmenu is a6d4aa202e2f022e8bf2a4c972d98669fff6d97213e111916afa46c1d41f129f140eb37a909c4d6da049cf58642c57a6822de5107517f7015f4935684a5de398
[23:47:26] [Worker-Main-1/DEBUG] (Mod Menu/Update Checker) Hash for cloth-basic-math is 97ffcae6bf013003491412eaaf9ea0f75b1ab93999cf362c16d2e16c9075139459017becf788b392c117e8139b450707b413d0c3dcef9c7a605899d8dbb40182
[23:47:26] [Worker-Main-1/DEBUG] (Mod Menu/Update Checker) Hash for fabric-command-api-v1 is 6cf37abb3a19b4ecb1d0fda5c2c06db95a2dbbcb6b56abc232493d50a55c6f8023536a54772103b0faffb072ce63dcae2fb3b94124ad0de6b1223456959a8cdb
[23:47:26] [Worker-Main-1/DEBUG] (Mod Menu/Update Checker) Hash for fabric-block-api-v1 is 2e30051d775b52002384d077266bbe6b66dec19f13a33019244876a806ebdeb5b3c2fd9880cda28d60488a40e8e9d569abca36053c6f79ec4066317c1159f960
[23:47:26] [Worker-Main-1/DEBUG] (Mod Menu/Update Checker) Hash for fabric-tag-api-v1 is dbee7f51e35d13cfe8f321fd28b6eec6b34c76efcdcf277794d38b6d8d97083bc2b5424fb9913c093620f0b6668eec45e46af1665de69a76b559483404c48c98
[23:47:26] [Worker-Main-1/DEBUG] (Mod Menu/Update Checker) Hash for fabric-screen-api-v1 is 57658881eabb6484564425220bfbe0fb8fbe82a84963936ae026ff42d15200db0fd3b2a42858364e6a3bfa67e61d53228fa8b20b2e6901cabfb172247b246de3
[23:47:26] [Worker-Main-1/DEBUG] (Mod Menu/Update Checker) Hash for fabric-renderer-indigo is a9e096a827b1ab0e141a23551ad1bfcfc01295af86987ecb1d729d122ed10ee4272b8bc26939981632637780e5aefa559d9584d2c31ecf8c995c442aa623f6db
[23:47:26] [Worker-Main-1/DEBUG] (Mod Menu/Update Checker) Hash for fabric-api is fdefab6edffa1ad185f10b9219593139fadd8d49e1164cab81e9e5376419d345c24f4a20b3c2bd4772c5eda19deb5181444a4c230c60ac8323085598f4189028
[23:47:26] [Worker-Main-1/DEBUG] (Mod Menu/Update Checker) Hash for fabric-item-api-v1 is 26048089bba5683b0786240c2b71cb17f1198ccdfa40340c7cafb3a706f01f91c9759711f63d5d86a4cd0d6cd2f9ef0a583b6269cf4ff1108c142f1707bc14fe
[23:47:26] [Worker-Main-1/DEBUG] (Mod Menu/Update Checker) Hash for fabric-events-interaction-v0 is 3d338f06fd7aa3cf82630572321bb7898c2b47cfcb5e8abd67193a1b117eac7d603f3fe88edb5800499ec743d5e92ceeea5d3e6eb5308d05d79469130831bb08
[23:47:26] [Worker-Main-1/DEBUG] (Mod Menu/Update Checker) Hash for fabric-crash-report-info-v1 is 2427681c4cbe78e440a2944ce9b5eede03cd85791008d322e7d1b6bf9296aa1d74372c12839cd6321cfc431e94acc8c984e261b7ef573dcbc4e4a3be9870efd3
[23:47:26] [Worker-Main-1/DEBUG] (Mod Menu/Update Checker) Hash for fabric-convention-tags-v1 is b67135d577a6868e81b9c83ec7a693cf6c26f4d1cab6a77403e618a2e07ee4125388ce7f8a0065d6917ce9eaee40327e954fe63b38174fcafbd0dd8b1f679e99
[23:47:26] [Worker-Main-1/DEBUG] (Mod Menu/Update Checker) Hash for fabric-item-group-api-v1 is 23d62596293e0bd7a773e600ff0ddf6738d775907a36b6dc579c8db0676a24a72fb8ce3c0ab9e0338308098c60be211ba074816a7908682abf8a916d8c8e9d83
[23:47:26] [Worker-Main-1/DEBUG] (Mod Menu/Update Checker) Hash for fabric-recipe-api-v1 is 24750fa336239e677bf603281c098beb31de8e10644391fc44350355298dc11099af9fe2b889c42d52df67b78716bc10aafe9bd2cfbba22b070319efa90a13cb
[23:47:26] [Worker-Main-1/DEBUG] (Mod Menu/Update Checker) Hash for fabric-entity-events-v1 is 1ff5bda83eb0e859dc7b79f1c0664ca7e331128ae81766ca68e77fbda144810d097a70b1fd6f01bf7d85ebbc2d63c73331bf5534fc25f6fc425b8b2886628eea
[23:47:26] [Render thread/DEBUG] (FabricLoader/Mixin) Mixing SoundInstanceMixin from fabric-sound-api-v1.mixins.json into net.minecraft.client.sound.SoundInstance
[23:47:26] [Worker-Main-1/DEBUG] (Mod Menu/Update Checker) Hash for fabric-rendering-v0 is 7b4bb086cff4c8bc336dba0aea6dfb543df80715c86daa49e73e5b75568ce383ca6b55b14de044ed538a9ec3aa2de5ddd917178df4a4c60c919f83d77a3586cf
[23:47:26] [Worker-Main-1/DEBUG] (Mod Menu/Update Checker) Hash for fabric-key-binding-api-v1 is 760d506009da325dc48e3c33120bd5a36dc7ee731b6f2f91fda4981f5bab582581c7c3c48005cabb28964f3fe15021e990fc5457a2ea0aadb73ea0c78ee6c224
[23:47:26] [Worker-Main-1/DEBUG] (Mod Menu/Update Checker) Hash for fabric-rendering-v1 is b5370c95f63b3bc4c3d2fdb8a3ddb3dcbd7e9fdd30fff2652b02d201edc84c28ee31f71b49e4069108e5b48c5eb8924a0a57e1d411d25fc75f97513b0d049ca8
[23:47:26] [Worker-Main-1/DEBUG] (Mod Menu/Update Checker) Hash for fabric-resource-loader-v0 is 148cbb842ec3edac73c517a7e29617f5abae40ca945a2b4f14f939aae312e44d777d15221e250ca1b37bc71c488be2aec69a97593a5093015a602854517521c7
[23:47:26] [Worker-Main-1/DEBUG] (Mod Menu/Update Checker) Hash for fabric-content-registries-v0 is 3cd9cee98a57be3ac5c8f52efb73eb7fb09a1400d53fe6338f2d222762943030709f2e1f94db90ceda7b47009b566f49f49ea47a238719354dbef957b8ce2242
[23:47:26] [Worker-Main-1/DEBUG] (Mod Menu/Update Checker) Hash for fabric-block-view-api-v2 is 81a932e87a6addf189da098c014c1e94f07e6f74aba091e1f0a10377867df5c49ef96e81bbf737ca5f7a041721c7de3ccccfebbe90b344033c3c64fd2b112a35
[23:47:26] [Worker-Main-1/DEBUG] (Mod Menu/Update Checker) Hash for fabric-client-tags-api-v1 is 27b0259745084cad023b4362f00088c0dd58dcdb11a10c35a5687213616dab2fdb3caadfa4cedb7d3339030b3a5f87fd2d87c50eb96db3cad4173c9eb8f8b372
[23:47:26] [Worker-Main-1/DEBUG] (Mod Menu/Update Checker) Hash for fabric-biome-api-v1 is 03103884153b87635652f5cc127b318d1556341b9cafbf23905864a3efb73516d50711ffa86b34a062710cdd169b663b2a8bc75a54bcbbd17f439223a8e506ca
[23:47:26] [Worker-Main-1/DEBUG] (Mod Menu/Update Checker) Hash for fabric-gametest-api-v1 is 94dede6dd19ccfa74674f76a097ab53d12460f395cd6299dd574b72dc3ae6ab081ffd5c3bbec19cd4c949a4895efd71346c873639ffebc35be998658a135be22
[23:47:26] [Worker-Main-1/DEBUG] (Mod Menu/Update Checker) Hash for fabric-loot-api-v2 is 51de7daafe9396e77e5c72d992c87a65a1bd0c5cb14490efbfb77a458118afcaf27325a4ba221422a0bf04c57fec29a564bff664c3574b058813e0316cbeefa3
[23:47:26] [Worker-Main-1/DEBUG] (Mod Menu/Update Checker) Hash for fabric-registry-sync-v0 is 0e5b16a044da6b848a091bf4ab5b3e0d6a5182635bb2a632f14318ea63cb0ef6a464e4580d60f02af6f893208aeede66cf58ed0987a11b6545e3c9da6fcabfb1
[23:47:26] [Worker-Main-1/DEBUG] (Mod Menu/Update Checker) Hash for fabric-message-api-v1 is edde6f0561e0963ae0dfae8edf7678b7fd82b9e04cc58881bfc5cad16f4bf738ac26e8cbf238666551cd7c90e40b34d0960c8d63133a891612152660e3191294
[23:47:26] [Worker-Main-1/DEBUG] (Mod Menu/Update Checker) Hash for fabric-commands-v0 is 36ef014c298d49c52f0fc54364f0875bcbd7601e880072e5f05f87c2f46ffa454d880290c3f058760e70eedcec162c384ab0b1333f5ae9e0847052d961fcf34e
[23:47:26] [Worker-Main-1/DEBUG] (Mod Menu/Update Checker) Hash for fabric-transitive-access-wideners-v1 is 7bea91236fa2ca9b4a99f3c33bf16455e065344a913eff1f2064b07391b955cd426003c72ea1f759cfbabb62bcbe68fe98c1d92f8609a83ae951115e11cdbda2
[23:47:26] [Worker-Main-1/DEBUG] (Mod Menu/Update Checker) Hash for cloth-config is 269536005049510d5929a7657a835fa430249f71a0082240ff72a90d88f4306ca7cef70a589fd79ea5e5271cd871ed2854946dc1f958f5f4e78d559b9896ada1
[23:47:26] [Worker-Main-1/DEBUG] (Mod Menu/Update Checker) Hash for fabric-networking-api-v1 is 6f539f4e038e47cb3c37c47917c881e153f19e9030e089cd4c5531e2042985d6361b5d5f1d3e5f09090c2e4a8c4615543687fc4e82c259447583d9cd59d5cdda
[23:47:26] [Worker-Main-1/DEBUG] (Mod Menu/Update Checker) Hash for fabric-events-lifecycle-v0 is 3fcd7ca72b1e5fdc71a8a1bfaa2edf253f1f15545f9124186b619f81d6edb3e381cc7a384fffa65ccd5c21986f937a1bd12d140557a5f336cb26df8966b2030b
[23:47:26] [Worker-Main-1/DEBUG] (Mod Menu/Update Checker) Hash for fabric-models-v0 is 4add2dcd207053bc91306cad646046221c3aaf0dbc6b7a1ab48c493450f52d7323ee0dce1503d27a81a5fa684d9ada144f383d1af8d4d9f50359c8aa498a4251
[23:47:26] [Worker-Main-1/DEBUG] (Mod Menu/Update Checker) User agent: TerraformersMC/ModMenu/7.2.2 (1.20.1/fabric/development)
[23:47:26] [Worker-Main-1/DEBUG] (Mod Menu/Update Checker) Body: {"hashes":["abe408e4b3bdb9cf0899928ad3c1a8f38c77c9dc6bcce2edfcd9fc98a7529f2b2014ee5f8d32c0b82bb0655d3075066e370e4feb677dea47bfd3d495889e7843","36ef014c298d49c52f0fc54364f0875bcbd7601e880072e5f05f87c2f46ffa454d880290c3f058760e70eedcec162c384ab0b1333f5ae9e0847052d961fcf34e","dbee7f51e35d13cfe8f321fd28b6eec6b34c76efcdcf277794d38b6d8d97083bc2b5424fb9913c093620f0b6668eec45e46af1665de69a76b559483404c48c98","171893a5d7f50db3cc650e6cca445301a9e38fc54480e81b9f84be2a8ccbe980704f005ecc7aec2cb535881c8ffc752c34ef8d508bfcb6e301c5a9ac19138c4a","b67135d577a6868e81b9c83ec7a693cf6c26f4d1cab6a77403e618a2e07ee4125388ce7f8a0065d6917ce9eaee40327e954fe63b38174fcafbd0dd8b1f679e99","26048089bba5683b0786240c2b71cb17f1198ccdfa40340c7cafb3a706f01f91c9759711f63d5d86a4cd0d6cd2f9ef0a583b6269cf4ff1108c142f1707bc14fe","3af1249056673ba6558ba73e038eee70a771466c5a1168a9f2f5f7477748f6c13bd74030134d96b76fa0db9923d965181695649be83086b0c104530fae8c18c8","24750fa336239e677bf603281c098beb31de8e10644391fc44350355298dc11099af9fe2b889c42d52df67b78716bc10aafe9bd2cfbba22b070319efa90a13cb","edde6f0561e0963ae0dfae8edf7678b7fd82b9e04cc58881bfc5cad16f4bf738ac26e8cbf238666551cd7c90e40b34d0960c8d63133a891612152660e3191294","148cbb842ec3edac73c517a7e29617f5abae40ca945a2b4f14f939aae312e44d777d15221e250ca1b37bc71c488be2aec69a97593a5093015a602854517521c7","3d338f06fd7aa3cf82630572321bb7898c2b47cfcb5e8abd67193a1b117eac7d603f3fe88edb5800499ec743d5e92ceeea5d3e6eb5308d05d79469130831bb08","b5370c95f63b3bc4c3d2fdb8a3ddb3dcbd7e9fdd30fff2652b02d201edc84c28ee31f71b49e4069108e5b48c5eb8924a0a57e1d411d25fc75f97513b0d049ca8","da05c56e38acd136fec23d0a197da7312eb8dd2a85e509942ed99cd0f4f40a62007d04af1510490d221ee1f41537e39a50edd85d6a9256908d025293f4f7c0e7","fdefab6edffa1ad185f10b9219593139fadd8d49e1164cab81e9e5376419d345c24f4a20b3c2bd4772c5eda19deb5181444a4c230c60ac8323085598f4189028","4add2dcd207053bc91306cad646046221c3aaf0dbc6b7a1ab48c493450f52d7323ee0dce1503d27a81a5fa684d9ada144f383d1af8d4d9f50359c8aa498a4251","0a2cb9e710a09f12a6b5fecef1f83be5d41a616d905b4239b84aa968b7450627b67359241c4014e3e53f63561d0a13307461a574759eda68da333b160780d675","ad8cadfb7d3cfc2aedd88b3d5f1ad808ec4ec1f9a0f24b0cfbce3402e77fa6ab8779c41e20933f9bef471ca74c980bc54baf9f7adaea2e2eb010c96a66420e1b","51de7daafe9396e77e5c72d992c87a65a1bd0c5cb14490efbfb77a458118afcaf27325a4ba221422a0bf04c57fec29a564bff664c3574b058813e0316cbeefa3","0450175fa83689013aa80a4c69275dd6469048bd8909522752b12f868030405dc6d2ab56b1c7b6502161869b967483f783cec36bee59f5e1094da41cb94e710a","760d506009da325dc48e3c33120bd5a36dc7ee731b6f2f91fda4981f5bab582581c7c3c48005cabb28964f3fe15021e990fc5457a2ea0aadb73ea0c78ee6c224","31b929374c2526ebb532185cd54b752c0a5ca7f56a48c99ed6a73f598a4155c9db88ab4c8ea5904fa2e2f78310424393238b2db6cd435c0f3ad87d1391ea3320","3cd9cee98a57be3ac5c8f52efb73eb7fb09a1400d53fe6338f2d222762943030709f2e1f94db90ceda7b47009b566f49f49ea47a238719354dbef957b8ce2242","c01e791b9d50b92b6223e31c3385a8173d3b2fc785a109636ae8959ebc335232a209573d3d5bc575840ad7fe183a124768e4e69e45960fc97b1c94d19127c6d5","7b4bb086cff4c8bc336dba0aea6dfb543df80715c86daa49e73e5b75568ce383ca6b55b14de044ed538a9ec3aa2de5ddd917178df4a4c60c919f83d77a3586cf","94dede6dd19ccfa74674f76a097ab53d12460f395cd6299dd574b72dc3ae6ab081ffd5c3bbec19cd4c949a4895efd71346c873639ffebc35be998658a135be22","2aca9e98593b96b6c3f779c7bea53baa04915b0cb246806f844940acf52ad295460b8023fc44d8096274367d3bfa9760ded91edbe1b0646cddc1a1467c5781d7","2e97d3fbf5d40e096073dca4ce7bc9a55f372f958c0b20d86834bf163d7ab3dd7709adf94f98f360ca69c3b0a2aa49a8379ecaa88c31422df678e550fd31cabc","cc145ad65db69df20149c5b3a1f35015da2e9188d0f701a3a37291faca95354086445625f2428de9c65c74d0c7f34943b8180d8e07130ba9e5726aa8e714bf5c","3fcd7ca72b1e5fdc71a8a1bfaa2edf253f1f15545f9124186b619f81d6edb3e381cc7a384fffa65ccd5c21986f937a1bd12d140557a5f336cb26df8966b2030b","c50f519bda15cf54221c9b703484ff075c269d740723c49fc4728084062bfd5ae45ade0505f3bcca8f0e8806220e20df492b510364523a1d4643c4c59dd40109","0e4345bcd67b0c09fcf784b74d76aa11ad997c5db5a05570918066de484a3c9bdd094d54acf5c049c49ae95c94ad1eed0d45f51735bbc49e5cfa87c12321023d","a9e096a827b1ab0e141a23551ad1bfcfc01295af86987ecb1d729d122ed10ee4272b8bc26939981632637780e5aefa559d9584d2c31ecf8c995c442aa623f6db","b9342dbafc15cbaad3a9e857955bbe6db8434280155c30776061dc8bd29e6311d139979be4aeeab01bbc3d708b665489e0ffc727b5dfd79f30485038fb228440","6cf37abb3a19b4ecb1d0fda5c2c06db95a2dbbcb6b56abc232493d50a55c6f8023536a54772103b0faffb072ce63dcae2fb3b94124ad0de6b1223456959a8cdb","6f539f4e038e47cb3c37c47917c881e153f19e9030e089cd4c5531e2042985d6361b5d5f1d3e5f09090c2e4a8c4615543687fc4e82c259447583d9cd59d5cdda","2427681c4cbe78e440a2944ce9b5eede03cd85791008d322e7d1b6bf9296aa1d74372c12839cd6321cfc431e94acc8c984e261b7ef573dcbc4e4a3be9870efd3","27b0259745084cad023b4362f00088c0dd58dcdb11a10c35a5687213616dab2fdb3caadfa4cedb7d3339030b3a5f87fd2d87c50eb96db3cad4173c9eb8f8b372","03103884153b87635652f5cc127b318d1556341b9cafbf23905864a3efb73516d50711ffa86b34a062710cdd169b663b2a8bc75a54bcbbd17f439223a8e506ca","7bea91236fa2ca9b4a99f3c33bf16455e065344a913eff1f2064b07391b955cd426003c72ea1f759cfbabb62bcbe68fe98c1d92f8609a83ae951115e11cdbda2","139fd9080bf230aab1413eedf483032530ef1dd4f59df7b9611f92549b1c2c6c5f5187d1708890dbc434ebe9105b581263cbe5d40fb6392a8ac4913460423f7b","81a932e87a6addf189da098c014c1e94f07e6f74aba091e1f0a10377867df5c49ef96e81bbf737ca5f7a041721c7de3ccccfebbe90b344033c3c64fd2b112a35","0e5b16a044da6b848a091bf4ab5b3e0d6a5182635bb2a632f14318ea63cb0ef6a464e4580d60f02af6f893208aeede66cf58ed0987a11b6545e3c9da6fcabfb1","ea6a7eecf8a3c6aa7a18b9a90921c4186a3419192bd11920e56c7281433bcf34456ea562baeea0ed211204d086bd4b3b891cccb85e19812c9959ef8a31a0a8ad","a3dcc1577020c6053bd50c2c958ba5ee440851e9ecfd34517cb8016801a5dd09c64ac8f08ee962ac62e45422ae16db29c1fc249640ccb06a2f5dde27bb66ae52","4f9b7bf91bae8d45066c1d114d80eaf5105b1d6ed41428db1be4863bb5c80efed2051134e1e9f91e16f66b8dc6315deb658cfd91d97b3dcd8f0ae0be4d14c984","d082c5275333aa2676c4f65dddfdad31e2a312ac84ae2cfaea3fe01435e0422844bef568055be0da03fbaaafdb406a466fea48dcc3d5cf1d9e4aeef6a23a5fb8","269536005049510d5929a7657a835fa430249f71a0082240ff72a90d88f4306ca7cef70a589fd79ea5e5271cd871ed2854946dc1f958f5f4e78d559b9896ada1","200d07ac3b2dc0e4e8cf8c0d2e2e192935df438d68285fa590b677d5e6a5a5aaac5568a6ceb3671cebe24b6593e5a3ba02b0bb0abe6c49585406b940966a4eb0","39691eb9b86aa9bbea89a8a11842a9affe67647b00153e6ebd9e23bef68e3efbbbc61dc01c5354f7c5544b8c4b9e63e46c7307bf6c11b8c0cbcb7fd93a8c0f30","57658881eabb6484564425220bfbe0fb8fbe82a84963936ae026ff42d15200db0fd3b2a42858364e6a3bfa67e61d53228fa8b20b2e6901cabfb172247b246de3","e8c587068333af5d975e4cc011f5c3d693e66012c56c300db375b805de79b88f26fa60a9b45a36b94dd39a4a36b303ce2f5fdd9950337ca31000548c65685b79","23d62596293e0bd7a773e600ff0ddf6738d775907a36b6dc579c8db0676a24a72fb8ce3c0ab9e0338308098c60be211ba074816a7908682abf8a916d8c8e9d83","1ff5bda83eb0e859dc7b79f1c0664ca7e331128ae81766ca68e77fbda144810d097a70b1fd6f01bf7d85ebbc2d63c73331bf5534fc25f6fc425b8b2886628eea","6230c232bce38ff772aad159edb5153f266afb253dc4730b7c647f7ba0e6d937171d23986506d1d2e38a2362a711d565b2c419b1429a4e1c144034e839cadc02","2e30051d775b52002384d077266bbe6b66dec19f13a33019244876a806ebdeb5b3c2fd9880cda28d60488a40e8e9d569abca36053c6f79ec4066317c1159f960","f8b78340c8d9f663b98e93fda5ddda2a0d1720e3f514ea3833cf5791a0dc278830cf873fade103f5aaea6a2ce57976e89d02d84abd15fca347c4772686a088e8","a6d4aa202e2f022e8bf2a4c972d98669fff6d97213e111916afa46c1d41f129f140eb37a909c4d6da049cf58642c57a6822de5107517f7015f4935684a5de398","97ffcae6bf013003491412eaaf9ea0f75b1ab93999cf362c16d2e16c9075139459017becf788b392c117e8139b450707b413d0c3dcef9c7a605899d8dbb40182","b7eacbce2e92cc1fc3b3a004bf8cc426d3c8b110fc92420d40d3ca5052dcadc647194de93d4b54afedf5f65a41b1ae3e667440577d4a0f1e689b3494d97bee40"],"algorithm":"sha512","loaders":["fabric"],"game_versions":["1.20.1"]}
[23:47:26] [Render thread/DEBUG] (FabricLoader/Mixin) Mixing ResourcePackProfileMixin from fabric-resource-loader-v0.mixins.json into net.minecraft.resource.ResourcePackProfile
[23:47:26] [Render thread/DEBUG] (FabricLoader/Mixin) fabric-resource-loader-v0.mixins.json:ResourcePackProfileMixin from mod fabric-resource-loader-v0: Class version 61 required is higher than the class version supported by the current version of Mixin (JAVA_16 supports class version 60)
[23:47:26] [Render thread/DEBUG] (FabricLoader/Mixin) fabric-resource-loader-v0.mixins.json:ResourcePackProfileMixin from mod fabric-resource-loader-v0->@Inject::onCreateResourcePack(Lorg/spongepowered/asm/mixin/injection/callback/CallbackInfoReturnable;)V does use it's CallbackInfoReturnable
[23:47:26] [Render thread/DEBUG] (FabricLoader/Mixin) Mixing DataProviderMixin from fabric-data-generation-api-v1.mixins.json into net.minecraft.data.DataProvider
[23:47:26] [Render thread/DEBUG] (FabricLoader/Mixin) fabric-data-generation-api-v1.mixins.json:DataProviderMixin from mod fabric-data-generation-api-v1: Class version 61 required is higher than the class version supported by the current version of Mixin (JAVA_16 supports class version 60)
[23:47:26] [Render thread/DEBUG] (FabricLoader/Mixin) Mixing DataProviderMixin from fabric-resource-conditions-api-v1.mixins.json into net.minecraft.data.DataProvider
[23:47:26] [Render thread/DEBUG] (FabricLoader/Mixin) fabric-resource-conditions-api-v1.mixins.json:DataProviderMixin from mod fabric-resource-conditions-api-v1: Class version 61 required is higher than the class version supported by the current version of Mixin (JAVA_16 supports class version 60)
[23:47:26] [Render thread/DEBUG] (FabricLoader/Mixin) fabric-data-generation-api-v1.mixins.json:DataProviderMixin from mod fabric-data-generation-api-v1->@Inject::addFabricKeySortOrders(Lit/unimi/dsi/fastutil/objects/Object2IntOpenHashMap;Lorg/spongepowered/asm/mixin/injection/callback/CallbackInfo;)V doesn't use it's CallbackInfo
[23:47:26] [Render thread/DEBUG] (FabricLoader/Mixin) fabric-resource-conditions-api-v1.mixins.json:DataProviderMixin from mod fabric-resource-conditions-api-v1->@Inject::fabric_injectResourceConditionsSortOrder(Lit/unimi/dsi/fastutil/objects/Object2IntOpenHashMap;Lorg/spongepowered/asm/mixin/injection/callback/CallbackInfo;)V doesn't use it's CallbackInfo
[23:47:26] [Render thread/INFO] (net.fabricmc.fabric.impl.datagen.FabricDataGenHelper) Running data generator for weaponsexpanded
[23:47:26] [Render thread/DEBUG] (FabricLoader/Mixin) Mixing ModelProviderMixin from fabric-data-generation-api-v1.mixins.json into net.minecraft.data.client.ModelProvider
[23:47:26] [Render thread/DEBUG] (FabricLoader/Mixin) fabric-data-generation-api-v1.mixins.json:ModelProviderMixin from mod fabric-data-generation-api-v1: Class version 61 required is higher than the class version supported by the current version of Mixin (JAVA_16 supports class version 60)
[23:47:26] [Render thread/DEBUG] (FabricLoader/Mixin) fabric-data-generation-api-v1.mixins.json:ModelProviderMixin from mod fabric-data-generation-api-v1->@Inject::init(Lnet/minecraft/data/DataOutput;Lorg/spongepowered/asm/mixin/injection/callback/CallbackInfo;)V doesn't use it's CallbackInfo
[23:47:26] [Render thread/DEBUG] (FabricLoader/Mixin) fabric-data-generation-api-v1.mixins.json:ModelProviderMixin from mod fabric-data-generation-api-v1->@Inject::init(Lnet/minecraft/data/DataOutput;Lorg/spongepowered/asm/mixin/injection/callback/CallbackInfo;)V has 0 override(s) in child classes
[23:47:26] [Render thread/DEBUG] (FabricLoader/Mixin) fabric-data-generation-api-v1.mixins.json:ModelProviderMixin from mod fabric-data-generation-api-v1->@Inject::init(Lnet/minecraft/data/DataOutput;Lorg/spongepowered/asm/mixin/injection/callback/CallbackInfo;)V won't be passed a CallbackInfo as a result
[23:47:26] [Render thread/DEBUG] (FabricLoader/Mixin) fabric-data-generation-api-v1.mixins.json:ModelProviderMixin from mod fabric-data-generation-api-v1->@Inject::runHead(Lnet/minecraft/data/DataWriter;Lorg/spongepowered/asm/mixin/injection/callback/CallbackInfoReturnable;Ljava/util/Map;)V doesn't use it's CallbackInfoReturnable
[23:47:26] [Render thread/DEBUG] (FabricLoader/Mixin) fabric-data-generation-api-v1.mixins.json:ModelProviderMixin from mod fabric-data-generation-api-v1->@Inject::runHead(Lnet/minecraft/data/DataWriter;Lorg/spongepowered/asm/mixin/injection/callback/CallbackInfoReturnable;Ljava/util/Map;)V has 0 override(s) in child classes
[23:47:26] [Render thread/DEBUG] (FabricLoader/Mixin) fabric-data-generation-api-v1.mixins.json:ModelProviderMixin from mod fabric-data-generation-api-v1->@Inject::runHead(Lnet/minecraft/data/DataWriter;Lorg/spongepowered/asm/mixin/injection/callback/CallbackInfoReturnable;Ljava/util/Map;)V won't be passed a CallbackInfoReturnable as a result
[23:47:26] [Render thread/DEBUG] (FabricLoader/Mixin) fabric-data-generation-api-v1.mixins.json:ModelProviderMixin from mod fabric-data-generation-api-v1->@Inject::runTail(Lnet/minecraft/data/DataWriter;Lorg/spongepowered/asm/mixin/injection/callback/CallbackInfoReturnable;)V doesn't use it's CallbackInfoReturnable
[23:47:26] [Render thread/DEBUG] (FabricLoader/Mixin) fabric-data-generation-api-v1.mixins.json:ModelProviderMixin from mod fabric-data-generation-api-v1->@Inject::runTail(Lnet/minecraft/data/DataWriter;Lorg/spongepowered/asm/mixin/injection/callback/CallbackInfoReturnable;)V has 0 override(s) in child classes
[23:47:26] [Render thread/DEBUG] (FabricLoader/Mixin) fabric-data-generation-api-v1.mixins.json:ModelProviderMixin from mod fabric-data-generation-api-v1->@Inject::runTail(Lnet/minecraft/data/DataWriter;Lorg/spongepowered/asm/mixin/injection/callback/CallbackInfoReturnable;)V won't be passed a CallbackInfoReturnable as a result
[23:47:26] [Render thread/DEBUG] (FabricLoader/Mixin) fabric-data-generation-api-v1.mixins.json:ModelProviderMixin from mod fabric-data-generation-api-v1->@Inject::filterBlocksForProcessingMod(Ljava/util/Map;Lnet/minecraft/block/Block;Lorg/spongepowered/asm/mixin/injection/callback/CallbackInfoReturnable;)V does use it's CallbackInfoReturnable
[23:47:26] [Render thread/DEBUG] (FabricLoader/Mixin) fabric-data-generation-api-v1.mixins.json:ModelProviderMixin from mod fabric-data-generation-api-v1->@Inject::filterItemsForProcessingMod(Ljava/util/Set;Ljava/util/Map;Lnet/minecraft/block/Block;Lorg/spongepowered/asm/mixin/injection/callback/CallbackInfo;Lnet/minecraft/item/Item;)V does use it's CallbackInfo
[23:47:26] [Worker-Main-2/DEBUG] (FabricLoader/Mixin) Mixing modification.DynamicRegistryManagerImmutableImplMixin from fabric-biome-api-v1.mixins.json into net.minecraft.registry.DynamicRegistryManager$ImmutableImpl
[23:47:26] [Worker-Main-2/DEBUG] (FabricLoader/Mixin) fabric-biome-api-v1.mixins.json:modification.DynamicRegistryManagerImmutableImplMixin from mod fabric-biome-api-v1: Class version 61 required is higher than the class version supported by the current version of Mixin (JAVA_16 supports class version 60)
[23:47:26] [Render thread/DEBUG] (FabricLoader/Mixin) Mixing TagProviderMixin from fabric-data-generation-api-v1.mixins.json into net.minecraft.data.server.tag.TagProvider
[23:47:26] [Render thread/DEBUG] (FabricLoader/Mixin) fabric-data-generation-api-v1.mixins.json:TagProviderMixin from mod fabric-data-generation-api-v1: Class version 61 required is higher than the class version supported by the current version of Mixin (JAVA_16 supports class version 60)
[23:47:26] [Render thread/DEBUG] (FabricLoader/Mixin) Renaming synthetic method lambda$addRemove$0(Lcom/google/gson/JsonArray;Lnet/minecraft/registry/tag/TagEntry;)V to md6ed454$fabric-data-generation-api-v1$lambda$addRemove$0$0 in fabric-data-generation-api-v1.mixins.json:TagProviderMixin from mod fabric-data-generation-api-v1
[23:47:26] [Render thread/DEBUG] (FabricLoader/Mixin) fabric-data-generation-api-v1.mixins.json:TagProviderMixin from mod fabric-data-generation-api-v1->@Inject::addReplaced(Ljava/util/function/Predicate;Ljava/util/function/Predicate;Lnet/minecraft/data/DataWriter;Ljava/util/Map$Entry;Lorg/spongepowered/asm/mixin/injection/callback/CallbackInfoReturnable;Lnet/minecraft/util/Identifier;Lnet/minecraft/registry/tag/TagBuilder;Ljava/util/List;Ljava/util/List;Lcom/google/gson/JsonElement;Ljava/nio/file/Path;)V doesn't use it's CallbackInfoReturnable
[23:47:26] [Render thread/DEBUG] (FabricLoader/Mixin) fabric-data-generation-api-v1.mixins.json:TagProviderMixin from mod fabric-data-generation-api-v1->@Inject::addReplaced(Ljava/util/function/Predicate;Ljava/util/function/Predicate;Lnet/minecraft/data/DataWriter;Ljava/util/Map$Entry;Lorg/spongepowered/asm/mixin/injection/callback/CallbackInfoReturnable;Lnet/minecraft/util/Identifier;Lnet/minecraft/registry/tag/TagBuilder;Ljava/util/List;Ljava/util/List;Lcom/google/gson/JsonElement;Ljava/nio/file/Path;)V has 0 override(s) in child classes
[23:47:26] [Render thread/DEBUG] (FabricLoader/Mixin) fabric-data-generation-api-v1.mixins.json:TagProviderMixin from mod fabric-data-generation-api-v1->@Inject::addReplaced(Ljava/util/function/Predicate;Ljava/util/function/Predicate;Lnet/minecraft/data/DataWriter;Ljava/util/Map$Entry;Lorg/spongepowered/asm/mixin/injection/callback/CallbackInfoReturnable;Lnet/minecraft/util/Identifier;Lnet/minecraft/registry/tag/TagBuilder;Ljava/util/List;Ljava/util/List;Lcom/google/gson/JsonElement;Ljava/nio/file/Path;)V won't be passed a CallbackInfoReturnable as a result
[23:47:26] [Render thread/DEBUG] (FabricLoader/Mixin) Mixing TagManagerLoaderMixin from fabric-registry-sync-v0.mixins.json into net.minecraft.registry.tag.TagManagerLoader
[23:47:26] [Render thread/DEBUG] (FabricLoader/Mixin) fabric-registry-sync-v0.mixins.json:TagManagerLoaderMixin from mod fabric-registry-sync-v0: Class version 61 required is higher than the class version supported by the current version of Mixin (JAVA_16 supports class version 60)
[23:47:26] [Render thread/DEBUG] (FabricLoader/Mixin) Mixing KeyedResourceReloadListenerMixin from fabric-resource-loader-v0.mixins.json into net.minecraft.registry.tag.TagManagerLoader
[23:47:26] [Render thread/DEBUG] (FabricLoader/Mixin) fabric-resource-loader-v0.mixins.json:KeyedResourceReloadListenerMixin from mod fabric-resource-loader-v0: Class version 61 required is higher than the class version supported by the current version of Mixin (JAVA_16 supports class version 60)
[23:47:26] [Render thread/DEBUG] (FabricLoader/Mixin) Mixing TagManagerLoaderMixin from fabric-resource-conditions-api-v1.mixins.json into net.minecraft.registry.tag.TagManagerLoader
[23:47:26] [Render thread/DEBUG] (FabricLoader/Mixin) fabric-resource-conditions-api-v1.mixins.json:TagManagerLoaderMixin from mod fabric-resource-conditions-api-v1: Class version 61 required is higher than the class version supported by the current version of Mixin (JAVA_16 supports class version 60)
[23:47:26] [Render thread/DEBUG] (FabricLoader/Mixin) fabric-registry-sync-v0.mixins.json:TagManagerLoaderMixin from mod fabric-registry-sync-v0->@Inject::onGetPath(Lnet/minecraft/registry/RegistryKey;Lorg/spongepowered/asm/mixin/injection/callback/CallbackInfoReturnable;)V does use it's CallbackInfoReturnable
[23:47:26] [Render thread/DEBUG] (FabricLoader/Mixin) fabric-resource-conditions-api-v1.mixins.json:TagManagerLoaderMixin from mod fabric-resource-conditions-api-v1->@Inject::hookApply(Ljava/util/List;Ljava/lang/Void;Lorg/spongepowered/asm/mixin/injection/callback/CallbackInfo;)V doesn't use it's CallbackInfo
[23:47:26] [Render thread/DEBUG] (FabricLoader/Mixin) fabric-resource-conditions-api-v1.mixins.json:TagManagerLoaderMixin from mod fabric-resource-conditions-api-v1->@Inject::hookApply(Ljava/util/List;Ljava/lang/Void;Lorg/spongepowered/asm/mixin/injection/callback/CallbackInfo;)V has 0 override(s) in child classes
[23:47:26] [Render thread/DEBUG] (FabricLoader/Mixin) fabric-resource-conditions-api-v1.mixins.json:TagManagerLoaderMixin from mod fabric-resource-conditions-api-v1->@Inject::hookApply(Ljava/util/List;Ljava/lang/Void;Lorg/spongepowered/asm/mixin/injection/callback/CallbackInfo;)V won't be passed a CallbackInfo as a result
[23:47:26] [Render thread/DEBUG] (FabricLoader/Mixin) Mixing RegistryLoaderMixin from fabric-registry-sync-v0.mixins.json into net.minecraft.registry.RegistryLoader
[23:47:26] [Render thread/DEBUG] (FabricLoader/Mixin) fabric-registry-sync-v0.mixins.json:RegistryLoaderMixin from mod fabric-registry-sync-v0: Class version 61 required is higher than the class version supported by the current version of Mixin (JAVA_16 supports class version 60)
[23:47:26] [Render thread/DEBUG] (FabricLoader/Mixin) fabric-registry-sync-v0.mixins.json:RegistryLoaderMixin from mod fabric-registry-sync-v0->@Inject::beforeLoad(Lnet/minecraft/resource/ResourceManager;Lnet/minecraft/registry/DynamicRegistryManager;Ljava/util/List;Lorg/spongepowered/asm/mixin/injection/callback/CallbackInfoReturnable;Ljava/util/Map;Ljava/util/List;Lnet/minecraft/registry/RegistryOps$RegistryInfoGetter;)V doesn't use it's CallbackInfoReturnable
[23:47:26] [Render thread/DEBUG] (FabricLoader/Mixin) fabric-registry-sync-v0.mixins.json:RegistryLoaderMixin from mod fabric-registry-sync-v0->@Inject::prependDirectoryWithNamespace(Lnet/minecraft/util/Identifier;Lorg/spongepowered/asm/mixin/injection/callback/CallbackInfoReturnable;)V does use it's CallbackInfoReturnable
[23:47:26] [Worker-Main-1/DEBUG] (Mod Menu/Update Checker) Status: 200
[23:47:26] [Render thread/INFO] (net.minecraft.data.DataGenerator) Starting provider: Weapons Expanded/Model Definitions
[23:47:26] [Worker-Main-1/DEBUG] (Mod Menu/Update Checker) {}
[23:47:26] [Render thread/INFO] (net.minecraft.data.DataGenerator) Weapons Expanded/Model Definitions finished after 18 ms
[23:47:26] [Render thread/INFO] (net.minecraft.data.DataGenerator) Starting provider: Weapons Expanded/WeaponsExpanded Recipes
[23:47:26] [Render thread/INFO] (net.minecraft.data.DataGenerator) Weapons Expanded/WeaponsExpanded Recipes finished after 19 ms
[23:47:26] [Render thread/INFO] (net.minecraft.data.DataGenerator) Starting provider: Weapons Expanded/Tags for minecraft:item
[23:47:26] [Worker-Main-2/DEBUG] (FabricLoader/Mixin) Mixing TagEntryAccessor from fabric-tag-api-v1.mixins.json into net.minecraft.registry.tag.TagEntry
[23:47:26] [Worker-Main-2/DEBUG] (FabricLoader/Mixin) Mixing TagBuilderMixin from fabric-data-generation-api-v1.mixins.json into net.minecraft.registry.tag.TagBuilder
[23:47:26] [Worker-Main-2/DEBUG] (FabricLoader/Mixin) fabric-data-generation-api-v1.mixins.json:TagBuilderMixin from mod fabric-data-generation-api-v1: Class version 61 required is higher than the class version supported by the current version of Mixin (JAVA_16 supports class version 60)
[23:47:26] [ForkJoinPool.commonPool-worker-1/DEBUG] (FabricLoader/Mixin) Mixing TagFileMixin from fabric-tag-api-v1.mixins.json into net.minecraft.registry.tag.TagFile
[23:47:26] [Render thread/INFO] (net.minecraft.data.DataGenerator) Weapons Expanded/Tags for minecraft:item finished after 91 ms
[23:47:26] [Render thread/INFO] (net.minecraft.data.DataGenerator) All providers took: 129 ms
[23:47:26] [Render thread/INFO] (net.minecraft.data.DataCache) Caching: total files: 252, old count: 252, new count: 253, removed stale: 0, written: 0
